order_id,customer_id,warehouse_id,order_date,payment_method,order_status
ORD00001,CUST0465,WH001,2025-07-07,Net Banking,Delivered
ORD00002,CUST0905,WH001,2025-04-05,Net Banking,Shipped
ORD00003,CUST0245,WH006,2025-11-14,UPI,Delivered
ORD00004,CUST0839,WH007,2025-10-03,Credit Card,Delivered
ORD00005,CUST0785,WH009,2025-09-12,Credit Card,Delivered
ORD00006,CUST0420,WH006,2025-06-15,UPI,Delivered
ORD00007,CUST0069,WH001,2025-12-04,Credit Card,Delivered
ORD00008,CUST0207,WH002,2025-01-17,Cash,Delivered
ORD00009,CUST0585,WH007,2025-01-17,Cash,Delivered
ORD00010,CUST0605,WH005,2025-12-26,UPI,Delivered
ORD00011,CUST0736,WH002,2025-11-07,UPI,Cancelled
ORD00012,CUST0672,WH008,2025-04-17,UPI,Delivered
ORD00013,CUST0063,WH006,2025-11-24,Net Banking,Delivered
ORD00014,CUST0842,WH006,2025-08-01,UPI,Shipped
ORD00015,CUST0542,WH001,2025-05-17,UPI,Shipped
ORD00016,CUST0968,WH004,2025-02-09,Net Banking,Delivered
ORD00017,CUST0545,WH007,2025-04-29,Credit Card,Delivered
ORD00018,CUST0255,WH010,2025-12-03,Credit Card,Delivered
ORD00019,CUST0426,WH002,2025-10-13,Net Banking,Delivered
ORD00020,CUST0720,WH007,2025-08-23,UPI,Delivered
ORD00021,CUST0564,WH007,2025-04-03,Net Banking,Delivered
ORD00022,CUST0547,WH010,2025-03-22,Cash,Cancelled
ORD00023,CUST0564,WH006,2025-06-11,Debit Card,Delivered
ORD00024,CUST0441,WH006,2025-11-21,Net Banking,Delivered
ORD00025,CUST0220,WH007,2025-10-07,Net Banking,Cancelled
ORD00026,CUST0369,WH008,2025-05-11,Cash,Returned
ORD00027,CUST0744,WH001,2025-01-01,Debit Card,Delivered
ORD00028,CUST0139,WH005,2025-09-23,UPI,Delivered
ORD00029,CUST0220,WH006,2025-04-24,UPI,Shipped
ORD00030,CUST0843,WH005,2025-12-20,Net Banking,Delivered
ORD00031,CUST0949,WH010,2025-10-20,Credit Card,Delivered
ORD00032,CUST0365,WH003,2025-08-24,Credit Card,Delivered
ORD00033,CUST0256,WH004,2025-10-26,Debit Card,Shipped
ORD00034,CUST0585,WH007,2025-02-17,Net Banking,Cancelled
ORD00035,CUST0741,WH006,2025-02-09,Cash,Delivered
ORD00036,CUST0720,WH010,2025-12-20,UPI,Delivered
ORD00037,CUST0039,WH010,2025-06-03,Cash,Delivered
ORD00038,CUST0944,WH006,2025-01-29,Debit Card,Cancelled
ORD00039,CUST0427,WH002,2025-08-11,Credit Card,Delivered
ORD00040,CUST0951,WH001,2025-11-05,Cash,Delivered
ORD00041,CUST0043,WH006,2025-09-26,Net Banking,Delivered
ORD00042,CUST0515,WH004,2025-06-17,Credit Card,Delivered
ORD00043,CUST0995,WH008,2025-07-21,Net Banking,Delivered
ORD00044,CUST0228,WH007,2025-02-16,Debit Card,Shipped
ORD00045,CUST0136,WH006,2025-03-17,UPI,Delivered
ORD00046,CUST0562,WH007,2025-01-26,Debit Card,Delivered
ORD00047,CUST0445,WH003,2025-09-14,Credit Card,Delivered
ORD00048,CUST0500,WH007,2025-04-12,Net Banking,Delivered
ORD00049,CUST0754,WH009,2025-11-12,Credit Card,Delivered
ORD00050,CUST0796,WH007,2025-05-17,Debit Card,Delivered
ORD00051,CUST0092,WH002,2025-10-22,Cash,Delivered
ORD00052,CUST0196,WH006,2025-06-28,Debit Card,Delivered
ORD00053,CUST0789,WH005,2025-01-13,Credit Card,Returned
ORD00054,CUST0842,WH008,2025-11-12,Net Banking,Delivered
ORD00055,CUST0947,WH004,2025-01-23,Credit Card,Delivered
ORD00056,CUST0776,WH002,2025-03-21,UPI,Delivered
ORD00057,CUST0972,WH010,2025-05-05,Credit Card,Shipped
ORD00058,CUST0015,WH006,2025-05-28,UPI,Delivered
ORD00059,CUST0024,WH006,2025-08-30,Credit Card,Delivered
ORD00060,CUST0209,WH009,2025-04-19,Net Banking,Shipped
ORD00061,CUST0495,WH010,2025-10-08,Credit Card,Delivered
ORD00062,CUST0019,WH007,2025-12-09,Net Banking,Cancelled
ORD00063,CUST0045,WH005,2025-09-27,Credit Card,Delivered
ORD00064,CUST0809,WH010,2025-04-13,Debit Card,Delivered
ORD00065,CUST0968,WH001,2025-12-02,UPI,Delivered
ORD00066,CUST0679,WH006,2025-05-19,UPI,Delivered
ORD00067,CUST0396,WH004,2025-11-29,Cash,Delivered
ORD00068,CUST0102,WH006,2025-12-30,Cash,Shipped
ORD00069,CUST0091,WH003,2025-09-30,Credit Card,Delivered
ORD00070,CUST0575,WH001,2025-08-23,UPI,Delivered
ORD00071,CUST0313,WH006,2025-09-29,Cash,Delivered
ORD00072,CUST0019,WH006,2025-03-22,Debit Card,Delivered
ORD00073,CUST0242,WH009,2025-06-04,Debit Card,Shipped
ORD00074,CUST0264,WH007,2025-11-17,UPI,Cancelled
ORD00075,CUST0231,WH003,2025-05-24,Debit Card,Cancelled
ORD00076,CUST0141,WH002,2025-12-03,Cash,Delivered
ORD00077,CUST0628,WH004,2025-12-14,Cash,Delivered
ORD00078,CUST0437,WH005,2025-03-20,Net Banking,Delivered
ORD00079,CUST0135,WH004,2025-10-05,Credit Card,Delivered
ORD00080,CUST0820,WH004,2025-12-17,Credit Card,Delivered
ORD00081,CUST0921,WH009,2025-12-28,Credit Card,Delivered
ORD00082,CUST0672,WH010,2025-03-16,Credit Card,Delivered
ORD00083,CUST0546,WH002,2025-10-13,Credit Card,Delivered
ORD00084,CUST0745,WH001,2025-03-16,Debit Card,Cancelled
ORD00085,CUST0985,WH007,2025-07-31,Debit Card,Delivered
ORD00086,CUST0956,WH005,2025-11-23,Credit Card,Shipped
ORD00087,CUST0135,WH003,2025-02-24,UPI,Shipped
ORD00088,CUST0632,WH005,2025-11-10,Net Banking,Delivered
ORD00089,CUST0611,WH004,2025-04-29,Credit Card,Delivered
ORD00090,CUST0082,WH008,2025-07-03,Credit Card,Delivered
ORD00091,CUST0481,WH006,2025-11-06,Credit Card,Shipped
ORD00092,CUST0486,WH003,2025-09-09,Credit Card,Delivered
ORD00093,CUST0419,WH001,2025-01-17,Debit Card,Returned
ORD00094,CUST0761,WH004,2025-04-24,Credit Card,Delivered
ORD00095,CUST0888,WH010,2025-08-13,Cash,Delivered
ORD00096,CUST0909,WH004,2025-08-23,Cash,Delivered
ORD00097,CUST0623,WH007,2025-01-22,Debit Card,Delivered
ORD00098,CUST0609,WH009,2025-10-20,Net Banking,Delivered
ORD00099,CUST0806,WH001,2025-12-27,Net Banking,Delivered
ORD00100,CUST0847,WH001,2025-08-22,Credit Card,Delivered
ORD00101,CUST0753,WH001,2025-07-22,Net Banking,Delivered
ORD00102,CUST0986,WH001,2025-11-19,Credit Card,Delivered
ORD00103,CUST0906,WH005,2025-07-23,Debit Card,Delivered
ORD00104,CUST0302,WH010,2025-08-05,UPI,Delivered
ORD00105,CUST0475,WH008,2025-03-14,UPI,Delivered
ORD00106,CUST0185,WH010,2025-02-27,Net Banking,Delivered
ORD00107,CUST0332,WH008,2025-07-31,UPI,Delivered
ORD00108,CUST0919,WH004,2025-10-30,Cash,Delivered
ORD00109,CUST0709,WH003,2025-06-15,UPI,Delivered
ORD00110,CUST0461,WH006,2025-12-28,UPI,Delivered
ORD00111,CUST0745,WH009,2025-07-16,Net Banking,Cancelled
ORD00112,CUST0564,WH007,2025-07-13,UPI,Shipped
ORD00113,CUST0580,WH003,2025-06-21,Credit Card,Shipped
ORD00114,CUST0788,WH001,2025-04-02,Cash,Delivered
ORD00115,CUST0296,WH003,2025-08-17,UPI,Cancelled
ORD00116,CUST0004,WH010,2025-04-14,Debit Card,Delivered
ORD00117,CUST0876,WH008,2025-09-12,Net Banking,Shipped
ORD00118,CUST0904,WH008,2025-11-08,Credit Card,Delivered
ORD00119,CUST0488,WH008,2025-12-04,Cash,Delivered
ORD00120,CUST0615,WH001,2025-11-04,Credit Card,Cancelled
ORD00121,CUST0635,WH009,2025-05-23,Credit Card,Delivered
ORD00122,CUST0057,WH006,2025-03-17,UPI,Delivered
ORD00123,CUST0684,WH010,2025-01-17,Net Banking,Delivered
ORD00124,CUST0051,WH002,2025-02-14,Cash,Returned
ORD00125,CUST0689,WH005,2025-03-24,Net Banking,Delivered
ORD00126,CUST0610,WH010,2025-12-25,Net Banking,Delivered
ORD00127,CUST0768,WH010,2025-08-22,Debit Card,Cancelled
ORD00128,CUST0787,WH005,2025-02-17,Debit Card,Delivered
ORD00129,CUST0840,WH002,2025-07-14,Cash,Shipped
ORD00130,CUST0300,WH008,2025-02-03,Credit Card,Delivered
ORD00131,CUST0338,WH009,2025-05-21,Cash,Delivered
ORD00132,CUST0215,WH010,2025-12-23,UPI,Delivered
ORD00133,CUST0542,WH002,2025-11-19,Cash,Delivered
ORD00134,CUST0957,WH005,2025-11-06,Cash,Delivered
ORD00135,CUST0266,WH009,2025-06-12,Net Banking,Returned
ORD00136,CUST0950,WH003,2025-07-01,Net Banking,Delivered
ORD00137,CUST0747,WH008,2025-09-24,Cash,Shipped
ORD00138,CUST0239,WH005,2025-11-09,Credit Card,Delivered
ORD00139,CUST0477,WH002,2025-01-13,Credit Card,Shipped
ORD00140,CUST0424,WH001,2025-08-01,Debit Card,Delivered
ORD00141,CUST0218,WH001,2025-11-23,Credit Card,Delivered
ORD00142,CUST0810,WH002,2025-05-11,Debit Card,Delivered
ORD00143,CUST0332,WH001,2025-10-09,UPI,Delivered
ORD00144,CUST0406,WH010,2025-06-24,Net Banking,Returned
ORD00145,CUST0199,WH006,2025-03-31,Debit Card,Cancelled
ORD00146,CUST0939,WH008,2025-09-03,UPI,Delivered
ORD00147,CUST0160,WH008,2025-09-04,Net Banking,Cancelled
ORD00148,CUST0803,WH007,2025-08-25,UPI,Shipped
ORD00149,CUST0579,WH006,2025-06-03,Net Banking,Delivered
ORD00150,CUST0592,WH006,2025-04-17,Debit Card,Delivered
ORD00151,CUST0288,WH001,2025-03-18,Debit Card,Returned
ORD00152,CUST0548,WH003,2025-11-17,Net Banking,Delivered
ORD00153,CUST0610,WH002,2025-04-06,Debit Card,Delivered
ORD00154,CUST0727,WH001,2025-06-11,Debit Card,Delivered
ORD00155,CUST0899,WH004,2025-09-12,Debit Card,Delivered
ORD00156,CUST0222,WH009,2025-06-04,Debit Card,Delivered
ORD00157,CUST0804,WH001,2025-07-11,Credit Card,Cancelled
ORD00158,CUST0519,WH001,2025-08-16,Cash,Cancelled
ORD00159,CUST0195,WH006,2025-03-20,Cash,Delivered
ORD00160,CUST0318,WH006,2025-09-26,Credit Card,Shipped
ORD00161,CUST0842,WH009,2025-02-20,Credit Card,Delivered
ORD00162,CUST0471,WH007,2025-01-19,Net Banking,Delivered
ORD00163,CUST0955,WH001,2025-06-09,Net Banking,Cancelled
ORD00164,CUST0479,WH001,2025-06-20,UPI,Delivered
ORD00165,CUST0764,WH005,2025-12-04,UPI,Delivered
ORD00166,CUST0655,WH004,2025-06-09,Debit Card,Delivered
ORD00167,CUST0284,WH009,2025-05-27,Debit Card,Shipped
ORD00168,CUST0121,WH005,2025-12-10,Credit Card,Delivered
ORD00169,CUST0016,WH010,2025-02-28,Net Banking,Delivered
ORD00170,CUST0556,WH006,2025-04-16,Net Banking,Delivered
ORD00171,CUST0966,WH005,2025-03-14,Net Banking,Delivered
ORD00172,CUST0319,WH010,2025-02-06,Debit Card,Delivered
ORD00173,CUST0134,WH001,2025-01-26,Cash,Cancelled
ORD00174,CUST0109,WH007,2025-01-26,UPI,Delivered
ORD00175,CUST0184,WH010,2025-07-20,Net Banking,Delivered
ORD00176,CUST0717,WH008,2025-12-20,Net Banking,Delivered
ORD00177,CUST0838,WH004,2025-06-20,Net Banking,Delivered
ORD00178,CUST0582,WH003,2025-08-27,UPI,Shipped
ORD00179,CUST0480,WH002,2025-12-24,Cash,Delivered
ORD00180,CUST0728,WH008,2025-11-26,Cash,Delivered
ORD00181,CUST0148,WH010,2025-04-25,Debit Card,Cancelled
ORD00182,CUST0188,WH006,2025-07-20,Debit Card,Delivered
ORD00183,CUST0067,WH008,2025-01-16,UPI,Delivered
ORD00184,CUST0867,WH003,2025-08-25,Debit Card,Shipped
ORD00185,CUST0589,WH003,2025-11-06,Net Banking,Delivered
ORD00186,CUST0334,WH009,2025-02-24,UPI,Shipped
ORD00187,CUST0473,WH007,2025-09-30,Net Banking,Delivered
ORD00188,CUST0250,WH009,2025-11-14,Credit Card,Returned
ORD00189,CUST0068,WH006,2025-07-16,Credit Card,Shipped
ORD00190,CUST0442,WH007,2025-10-30,Net Banking,Shipped
ORD00191,CUST0711,WH004,2025-10-06,Credit Card,Delivered
ORD00192,CUST0758,WH010,2025-02-09,Cash,Delivered
ORD00193,CUST0475,WH006,2025-11-02,Net Banking,Delivered
ORD00194,CUST0181,WH005,2025-08-16,Cash,Delivered
ORD00195,CUST0702,WH010,2025-02-25,Cash,Delivered
ORD00196,CUST0677,WH001,2025-11-27,UPI,Delivered
ORD00197,CUST0909,WH010,2025-03-13,UPI,Shipped
ORD00198,CUST0153,WH008,2025-12-05,Net Banking,Delivered
ORD00199,CUST0592,WH008,2025-11-12,Credit Card,Delivered
ORD00200,CUST0307,WH010,2025-06-12,Debit Card,Cancelled
ORD00201,CUST0736,WH006,2025-08-11,UPI,Delivered
ORD00202,CUST0523,WH007,2025-11-10,Credit Card,Shipped
ORD00203,CUST0379,WH009,2025-02-01,UPI,Delivered
ORD00204,CUST0841,WH006,2025-10-14,UPI,Shipped
ORD00205,CUST0241,WH007,2025-01-16,Net Banking,Delivered
ORD00206,CUST0729,WH007,2025-06-12,Cash,Delivered
ORD00207,CUST0217,WH003,2025-10-07,Cash,Delivered
ORD00208,CUST0394,WH006,2025-10-12,Cash,Delivered
ORD00209,CUST0129,WH003,2025-12-10,UPI,Delivered
ORD00210,CUST0148,WH008,2025-01-09,Cash,Returned
ORD00211,CUST0087,WH003,2025-03-11,Cash,Shipped
ORD00212,CUST0619,WH007,2025-12-23,Net Banking,Delivered
ORD00213,CUST0435,WH009,2025-09-18,Cash,Delivered
ORD00214,CUST0191,WH007,2025-04-26,Net Banking,Delivered
ORD00215,CUST0868,WH004,2025-09-13,Net Banking,Delivered
ORD00216,CUST0591,WH006,2025-10-07,UPI,Returned
ORD00217,CUST0495,WH006,2025-10-18,UPI,Delivered
ORD00218,CUST0082,WH003,2025-12-20,Net Banking,Returned
ORD00219,CUST0477,WH009,2025-05-24,UPI,Delivered
ORD00220,CUST0091,WH004,2025-11-09,Cash,Delivered
ORD00221,CUST0984,WH002,2025-12-06,Net Banking,Shipped
ORD00222,CUST0628,WH001,2025-06-09,Debit Card,Delivered
ORD00223,CUST0481,WH008,2025-01-06,Net Banking,Cancelled
ORD00224,CUST0752,WH006,2025-10-21,Cash,Delivered
ORD00225,CUST0297,WH003,2025-05-31,UPI,Delivered
ORD00226,CUST0768,WH005,2025-11-02,Net Banking,Delivered
ORD00227,CUST0485,WH010,2025-11-19,Credit Card,Delivered
ORD00228,CUST0299,WH010,2025-12-03,UPI,Delivered
ORD00229,CUST0130,WH009,2025-02-12,UPI,Shipped
ORD00230,CUST0259,WH003,2025-05-23,Net Banking,Delivered
ORD00231,CUST0015,WH002,2025-05-12,Net Banking,Delivered
ORD00232,CUST0757,WH003,2025-10-30,Cash,Delivered
ORD00233,CUST0268,WH004,2025-03-31,Cash,Delivered
ORD00234,CUST0883,WH001,2025-09-28,Debit Card,Returned
ORD00235,CUST0610,WH003,2025-03-16,Cash,Shipped
ORD00236,CUST0789,WH007,2025-07-31,Credit Card,Delivered
ORD00237,CUST0172,WH004,2025-11-23,Net Banking,Delivered
ORD00238,CUST0056,WH005,2025-06-26,UPI,Delivered
ORD00239,CUST0409,WH008,2025-08-26,Debit Card,Delivered
ORD00240,CUST0240,WH007,2025-09-30,Cash,Delivered
ORD00241,CUST0544,WH007,2025-03-16,UPI,Delivered
ORD00242,CUST0392,WH006,2025-08-18,Net Banking,Delivered
ORD00243,CUST0100,WH009,2025-01-22,Debit Card,Returned
ORD00244,CUST0626,WH005,2025-08-10,Debit Card,Delivered
ORD00245,CUST0262,WH010,2025-02-20,Cash,Delivered
ORD00246,CUST0768,WH004,2025-12-12,Net Banking,Shipped
ORD00247,CUST0346,WH003,2025-09-24,Debit Card,Delivered
ORD00248,CUST0009,WH002,2025-12-11,UPI,Delivered
ORD00249,CUST0107,WH008,2025-09-26,Debit Card,Delivered
ORD00250,CUST0258,WH004,2025-05-26,UPI,Delivered
ORD00251,CUST0059,WH010,2025-02-17,Credit Card,Returned
ORD00252,CUST0125,WH002,2025-11-23,UPI,Shipped
ORD00253,CUST0385,WH010,2025-03-08,Credit Card,Cancelled
ORD00254,CUST0189,WH005,2025-12-23,Debit Card,Delivered
ORD00255,CUST0655,WH008,2025-02-08,Debit Card,Shipped
ORD00256,CUST0926,WH006,2025-12-21,Debit Card,Delivered
ORD00257,CUST0284,WH001,2025-02-07,Cash,Delivered
ORD00258,CUST0265,WH005,2025-01-31,Credit Card,Delivered
ORD00259,CUST0951,WH004,2025-09-09,Net Banking,Delivered
ORD00260,CUST0504,WH002,2025-11-27,Credit Card,Delivered
ORD00261,CUST0224,WH010,2025-08-09,UPI,Cancelled
ORD00262,CUST0106,WH001,2025-05-13,UPI,Delivered
ORD00263,CUST0796,WH008,2025-05-09,UPI,Cancelled
ORD00264,CUST0669,WH001,2025-03-18,UPI,Delivered
ORD00265,CUST0156,WH006,2025-05-17,Cash,Delivered
ORD00266,CUST0725,WH008,2025-09-21,Cash,Delivered
ORD00267,CUST0554,WH004,2025-02-05,UPI,Delivered
ORD00268,CUST0838,WH008,2025-12-19,UPI,Delivered
ORD00269,CUST0342,WH005,2025-07-03,Cash,Delivered
ORD00270,CUST0093,WH006,2025-11-28,Net Banking,Shipped
ORD00271,CUST0083,WH008,2025-06-24,Debit Card,Delivered
ORD00272,CUST0568,WH001,2025-04-01,Cash,Delivered
ORD00273,CUST0713,WH007,2025-06-03,UPI,Delivered
ORD00274,CUST0499,WH002,2025-07-03,Cash,Delivered
ORD00275,CUST0037,WH004,2025-03-13,UPI,Delivered
ORD00276,CUST0245,WH008,2025-10-31,Cash,Delivered
ORD00277,CUST0659,WH005,2025-10-04,Cash,Delivered
ORD00278,CUST0990,WH001,2025-08-19,UPI,Delivered
ORD00279,CUST0807,WH001,2025-06-22,Cash,Delivered
ORD00280,CUST0684,WH009,2025-12-01,Cash,Cancelled
ORD00281,CUST0153,WH010,2025-10-02,Credit Card,Cancelled
ORD00282,CUST0754,WH003,2025-01-19,Cash,Delivered
ORD00283,CUST0929,WH010,2025-08-30,UPI,Delivered
ORD00284,CUST0134,WH001,2025-11-29,Credit Card,Delivered
ORD00285,CUST0841,WH002,2025-06-07,Cash,Delivered
ORD00286,CUST0066,WH002,2025-10-30,UPI,Delivered
ORD00287,CUST0226,WH002,2025-11-12,Credit Card,Delivered
ORD00288,CUST0412,WH006,2025-12-14,UPI,Returned
ORD00289,CUST0559,WH003,2025-10-22,Debit Card,Shipped
ORD00290,CUST0783,WH001,2025-04-20,Net Banking,Delivered
ORD00291,CUST0124,WH005,2025-02-02,Credit Card,Shipped
ORD00292,CUST0714,WH006,2025-03-28,Net Banking,Delivered
ORD00293,CUST0948,WH010,2025-05-05,UPI,Delivered
ORD00294,CUST0628,WH007,2025-11-20,Credit Card,Delivered
ORD00295,CUST0083,WH001,2025-09-07,UPI,Delivered
ORD00296,CUST0724,WH010,2025-02-15,Debit Card,Delivered
ORD00297,CUST0709,WH003,2025-09-01,Credit Card,Delivered
ORD00298,CUST0536,WH008,2025-05-19,Cash,Delivered
ORD00299,CUST0626,WH001,2025-03-31,Net Banking,Delivered
ORD00300,CUST0627,WH002,2025-09-13,Debit Card,Delivered
ORD00301,CUST0572,WH004,2025-01-03,Credit Card,Delivered
ORD00302,CUST0098,WH010,2025-09-29,Debit Card,Shipped
ORD00303,CUST0520,WH004,2025-10-04,Cash,Shipped
ORD00304,CUST0214,WH005,2025-12-04,UPI,Delivered
ORD00305,CUST0702,WH008,2025-03-18,Cash,Delivered
ORD00306,CUST0945,WH001,2025-12-10,UPI,Delivered
ORD00307,CUST0215,WH007,2025-05-26,Debit Card,Delivered
ORD00308,CUST0045,WH002,2025-08-21,UPI,Cancelled
ORD00309,CUST0162,WH001,2025-04-01,Cash,Delivered
ORD00310,CUST0917,WH004,2025-02-06,Cash,Delivered
ORD00311,CUST0430,WH004,2025-06-16,Debit Card,Delivered
ORD00312,CUST0334,WH004,2025-02-26,UPI,Delivered
ORD00313,CUST0891,WH004,2025-07-31,Cash,Cancelled
ORD00314,CUST0483,WH010,2025-02-07,Cash,Delivered
ORD00315,CUST0149,WH004,2025-08-12,Net Banking,Delivered
ORD00316,CUST0383,WH003,2025-07-18,Cash,Delivered
ORD00317,CUST0368,WH005,2025-11-20,Credit Card,Delivered
ORD00318,CUST0709,WH010,2025-01-17,UPI,Delivered
ORD00319,CUST0873,WH008,2025-02-26,Cash,Delivered
ORD00320,CUST0226,WH005,2025-06-25,Net Banking,Delivered
ORD00321,CUST0976,WH010,2025-11-23,Credit Card,Delivered
ORD00322,CUST0876,WH004,2025-10-11,UPI,Delivered
ORD00323,CUST0501,WH004,2025-09-25,Net Banking,Delivered
ORD00324,CUST0286,WH001,2025-08-25,Cash,Delivered
ORD00325,CUST0254,WH006,2025-05-07,Cash,Delivered
ORD00326,CUST0969,WH003,2025-10-30,Net Banking,Cancelled
ORD00327,CUST0046,WH001,2025-08-02,Cash,Delivered
ORD00328,CUST0035,WH007,2025-09-16,Net Banking,Delivered
ORD00329,CUST0842,WH002,2025-12-23,Cash,Delivered
ORD00330,CUST0572,WH001,2025-02-12,Cash,Cancelled
ORD00331,CUST0368,WH005,2025-03-09,Credit Card,Delivered
ORD00332,CUST0017,WH008,2025-02-16,Debit Card,Delivered
ORD00333,CUST0879,WH010,2025-08-24,Net Banking,Delivered
ORD00334,CUST0475,WH003,2025-08-21,Cash,Delivered
ORD00335,CUST0642,WH008,2025-07-09,UPI,Shipped
ORD00336,CUST0395,WH006,2025-02-06,Net Banking,Delivered
ORD00337,CUST0771,WH005,2025-08-07,Net Banking,Delivered
ORD00338,CUST0807,WH002,2025-04-17,Net Banking,Cancelled
ORD00339,CUST0528,WH006,2025-01-29,UPI,Delivered
ORD00340,CUST0477,WH010,2025-07-07,UPI,Delivered
ORD00341,CUST0664,WH009,2025-03-31,UPI,Delivered
ORD00342,CUST0142,WH006,2025-04-15,Credit Card,Delivered
ORD00343,CUST0490,WH010,2025-11-29,Credit Card,Shipped
ORD00344,CUST0329,WH006,2025-04-26,Debit Card,Delivered
ORD00345,CUST0284,WH001,2025-08-05,UPI,Delivered
ORD00346,CUST0498,WH009,2025-08-20,Net Banking,Shipped
ORD00347,CUST0727,WH009,2025-08-29,Net Banking,Cancelled
ORD00348,CUST0636,WH006,2025-08-20,UPI,Delivered
ORD00349,CUST0090,WH002,2025-08-23,Cash,Cancelled
ORD00350,CUST0982,WH002,2025-05-28,UPI,Delivered
ORD00351,CUST0714,WH003,2025-02-27,Cash,Delivered
ORD00352,CUST0534,WH001,2025-04-15,Debit Card,Delivered
ORD00353,CUST0555,WH003,2025-12-16,Cash,Delivered
ORD00354,CUST0756,WH001,2025-08-16,Debit Card,Delivered
ORD00355,CUST0893,WH004,2025-01-12,Net Banking,Delivered
ORD00356,CUST0593,WH006,2025-07-30,Debit Card,Delivered
ORD00357,CUST0714,WH009,2025-12-07,Net Banking,Delivered
ORD00358,CUST0581,WH003,2025-06-05,Debit Card,Delivered
ORD00359,CUST0233,WH008,2025-05-14,Debit Card,Returned
ORD00360,CUST0152,WH006,2025-01-25,Debit Card,Delivered
ORD00361,CUST0634,WH003,2025-03-27,Net Banking,Delivered
ORD00362,CUST0860,WH003,2025-03-31,Credit Card,Delivered
ORD00363,CUST0325,WH010,2025-01-22,Credit Card,Delivered
ORD00364,CUST0189,WH004,2025-07-09,Net Banking,Delivered
ORD00365,CUST0325,WH006,2025-12-07,Credit Card,Delivered
ORD00366,CUST0999,WH003,2025-10-04,Net Banking,Delivered
ORD00367,CUST0415,WH008,2025-01-13,Credit Card,Cancelled
ORD00368,CUST0160,WH001,2025-06-13,Net Banking,Returned
ORD00369,CUST0663,WH005,2025-06-19,Cash,Cancelled
ORD00370,CUST0683,WH003,2025-10-21,Net Banking,Delivered
ORD00371,CUST0347,WH002,2025-08-15,Cash,Cancelled
ORD00372,CUST0695,WH009,2025-03-13,UPI,Delivered
ORD00373,CUST0633,WH004,2025-07-25,Cash,Delivered
ORD00374,CUST0057,WH010,2025-06-17,Credit Card,Delivered
ORD00375,CUST0801,WH005,2025-04-24,Credit Card,Delivered
ORD00376,CUST0870,WH008,2025-10-03,UPI,Returned
ORD00377,CUST0200,WH008,2025-07-21,Debit Card,Delivered
ORD00378,CUST0967,WH001,2025-09-19,Debit Card,Delivered
ORD00379,CUST0379,WH007,2025-08-07,Debit Card,Delivered
ORD00380,CUST0360,WH005,2025-06-26,Cash,Cancelled
ORD00381,CUST0221,WH008,2025-02-14,Cash,Shipped
ORD00382,CUST0168,WH007,2025-05-28,Cash,Delivered
ORD00383,CUST0613,WH002,2025-10-28,Credit Card,Delivered
ORD00384,CUST0889,WH009,2025-09-01,Debit Card,Delivered
ORD00385,CUST0775,WH007,2025-10-30,UPI,Delivered
ORD00386,CUST0937,WH005,2025-11-24,Cash,Delivered
ORD00387,CUST0728,WH010,2025-08-25,Credit Card,Delivered
ORD00388,CUST0297,WH009,2025-07-15,Cash,Delivered
ORD00389,CUST0855,WH010,2025-06-04,Debit Card,Delivered
ORD00390,CUST0230,WH001,2025-08-26,UPI,Delivered
ORD00391,CUST0979,WH008,2025-06-03,UPI,Delivered
ORD00392,CUST0428,WH003,2025-05-28,Cash,Cancelled
ORD00393,CUST0251,WH001,2025-11-27,UPI,Shipped
ORD00394,CUST0994,WH002,2025-09-10,Net Banking,Delivered
ORD00395,CUST0493,WH010,2025-10-25,Cash,Shipped
ORD00396,CUST0703,WH008,2025-11-18,UPI,Delivered
ORD00397,CUST0018,WH005,2025-10-22,Credit Card,Delivered
ORD00398,CUST0328,WH008,2025-03-16,Credit Card,Delivered
ORD00399,CUST0280,WH006,2025-01-28,Cash,Delivered
ORD00400,CUST0050,WH005,2025-07-02,Debit Card,Delivered
ORD00401,CUST0527,WH004,2025-02-09,Credit Card,Shipped
ORD00402,CUST0771,WH003,2025-11-03,Net Banking,Delivered
ORD00403,CUST0847,WH005,2025-06-11,Debit Card,Delivered
ORD00404,CUST0372,WH002,2025-12-19,Net Banking,Delivered
ORD00405,CUST0014,WH003,2025-03-15,Net Banking,Delivered
ORD00406,CUST0422,WH006,2025-09-06,Credit Card,Delivered
ORD00407,CUST0516,WH004,2025-03-21,Credit Card,Shipped
ORD00408,CUST0629,WH009,2025-10-14,Net Banking,Delivered
ORD00409,CUST0775,WH002,2025-12-26,Cash,Delivered
ORD00410,CUST0120,WH003,2025-02-09,UPI,Delivered
ORD00411,CUST0708,WH006,2025-06-09,Credit Card,Shipped
ORD00412,CUST0536,WH006,2025-11-02,Credit Card,Delivered
ORD00413,CUST0763,WH002,2025-01-15,Credit Card,Delivered
ORD00414,CUST0146,WH004,2025-12-22,Debit Card,Delivered
ORD00415,CUST0081,WH007,2025-03-08,UPI,Delivered
ORD00416,CUST0776,WH007,2025-09-05,UPI,Delivered
ORD00417,CUST0813,WH009,2025-01-17,Net Banking,Delivered
ORD00418,CUST0931,WH005,2025-03-02,UPI,Delivered
ORD00419,CUST0011,WH002,2025-12-08,UPI,Cancelled
ORD00420,CUST0602,WH004,2025-04-16,Credit Card,Delivered
ORD00421,CUST0093,WH003,2025-01-15,Debit Card,Cancelled
ORD00422,CUST0361,WH003,2025-06-28,Net Banking,Shipped
ORD00423,CUST0248,WH009,2025-11-10,Net Banking,Delivered
ORD00424,CUST0782,WH001,2025-10-24,Net Banking,Delivered
ORD00425,CUST0988,WH005,2025-04-09,Credit Card,Cancelled
ORD00426,CUST0005,WH002,2025-10-03,Credit Card,Cancelled
ORD00427,CUST0487,WH006,2025-12-29,Net Banking,Delivered
ORD00428,CUST0981,WH002,2025-12-11,Credit Card,Shipped
ORD00429,CUST0435,WH004,2025-07-14,Net Banking,Delivered
ORD00430,CUST0780,WH006,2025-02-27,UPI,Delivered
ORD00431,CUST0140,WH008,2025-09-24,Debit Card,Delivered
ORD00432,CUST0740,WH001,2025-10-13,UPI,Delivered
ORD00433,CUST0395,WH005,2025-03-01,Cash,Delivered
ORD00434,CUST0704,WH008,2025-06-09,Credit Card,Delivered
ORD00435,CUST0876,WH007,2025-05-29,Credit Card,Shipped
ORD00436,CUST0962,WH006,2025-09-01,Credit Card,Delivered
ORD00437,CUST0504,WH002,2025-12-12,Cash,Delivered
ORD00438,CUST0693,WH002,2025-12-04,UPI,Delivered
ORD00439,CUST0712,WH010,2025-07-25,UPI,Delivered
ORD00440,CUST0067,WH006,2025-03-28,Credit Card,Delivered
ORD00441,CUST0865,WH007,2025-11-01,UPI,Delivered
ORD00442,CUST0743,WH008,2025-08-06,Debit Card,Shipped
ORD00443,CUST0608,WH005,2025-10-25,Cash,Delivered
ORD00444,CUST0618,WH007,2025-12-08,Cash,Delivered
ORD00445,CUST0787,WH008,2025-03-17,UPI,Delivered
ORD00446,CUST0510,WH004,2025-09-08,Credit Card,Delivered
ORD00447,CUST0851,WH002,2025-01-28,Cash,Delivered
ORD00448,CUST0392,WH010,2025-04-02,Debit Card,Delivered
ORD00449,CUST0639,WH002,2025-11-15,UPI,Delivered
ORD00450,CUST0786,WH008,2025-09-24,Cash,Delivered
ORD00451,CUST0510,WH008,2025-12-05,Net Banking,Delivered
ORD00452,CUST0829,WH009,2025-06-25,Net Banking,Delivered
ORD00453,CUST0441,WH002,2025-01-17,Cash,Delivered
ORD00454,CUST0454,WH008,2025-07-12,UPI,Delivered
ORD00455,CUST0676,WH005,2025-10-13,Credit Card,Delivered
ORD00456,CUST0320,WH007,2025-03-10,Cash,Shipped
ORD00457,CUST0692,WH008,2025-10-19,Net Banking,Delivered
ORD00458,CUST0482,WH008,2025-10-20,Net Banking,Shipped
ORD00459,CUST0058,WH007,2025-09-17,Debit Card,Delivered
ORD00460,CUST0632,WH006,2025-07-13,Debit Card,Delivered
ORD00461,CUST0605,WH001,2025-01-15,Credit Card,Shipped
ORD00462,CUST0829,WH010,2025-06-28,UPI,Shipped
ORD00463,CUST0350,WH007,2025-11-17,UPI,Delivered
ORD00464,CUST0422,WH006,2025-07-02,UPI,Delivered
ORD00465,CUST0241,WH005,2025-05-07,Net Banking,Delivered
ORD00466,CUST0068,WH005,2025-12-19,UPI,Delivered
ORD00467,CUST0552,WH006,2025-01-11,UPI,Delivered
ORD00468,CUST0582,WH009,2025-08-05,Cash,Delivered
ORD00469,CUST0481,WH010,2025-12-23,UPI,Returned
ORD00470,CUST0585,WH007,2025-07-13,Debit Card,Delivered
ORD00471,CUST0103,WH004,2025-09-08,Debit Card,Delivered
ORD00472,CUST0348,WH003,2025-12-08,Net Banking,Delivered
ORD00473,CUST0207,WH008,2025-08-12,UPI,Shipped
ORD00474,CUST0220,WH005,2025-10-02,Debit Card,Delivered
ORD00475,CUST0412,WH004,2025-10-21,Net Banking,Delivered
ORD00476,CUST0735,WH010,2025-02-17,UPI,Delivered
ORD00477,CUST0069,WH010,2025-05-20,Net Banking,Delivered
ORD00478,CUST0356,WH002,2025-04-18,Debit Card,Delivered
ORD00479,CUST0444,WH009,2025-06-03,Debit Card,Delivered
ORD00480,CUST0258,WH010,2025-07-25,Net Banking,Delivered
ORD00481,CUST0185,WH001,2025-10-08,Net Banking,Shipped
ORD00482,CUST0512,WH004,2025-10-23,Cash,Delivered
ORD00483,CUST0546,WH010,2025-11-23,Cash,Cancelled
ORD00484,CUST0062,WH009,2025-11-17,Credit Card,Delivered
ORD00485,CUST0247,WH003,2025-03-17,Debit Card,Shipped
ORD00486,CUST0327,WH002,2025-07-30,Credit Card,Shipped
ORD00487,CUST0844,WH005,2025-05-17,Credit Card,Delivered
ORD00488,CUST0242,WH007,2025-11-04,Credit Card,Delivered
ORD00489,CUST0029,WH004,2025-04-09,Debit Card,Delivered
ORD00490,CUST0447,WH007,2025-10-14,UPI,Delivered
ORD00491,CUST0140,WH001,2025-05-20,Debit Card,Shipped
ORD00492,CUST0675,WH009,2025-05-23,Credit Card,Delivered
ORD00493,CUST0987,WH008,2025-01-22,UPI,Delivered
ORD00494,CUST0322,WH010,2025-02-12,Debit Card,Shipped
ORD00495,CUST0919,WH006,2025-07-28,UPI,Delivered
ORD00496,CUST0242,WH002,2025-03-13,Net Banking,Delivered
ORD00497,CUST0535,WH010,2025-03-03,Net Banking,Delivered
ORD00498,CUST0244,WH010,2025-02-16,UPI,Shipped
ORD00499,CUST0338,WH010,2025-06-10,Cash,Shipped
ORD00500,CUST0958,WH007,2025-05-01,Credit Card,Delivered
ORD00501,CUST0220,WH005,2025-03-31,Cash,Delivered
ORD00502,CUST0058,WH008,2025-10-29,Net Banking,Delivered
ORD00503,CUST0325,WH009,2025-02-27,Cash,Delivered
ORD00504,CUST0987,WH005,2025-05-07,Credit Card,Delivered
ORD00505,CUST0842,WH005,2025-07-08,UPI,Delivered
ORD00506,CUST0036,WH001,2025-11-07,Credit Card,Delivered
ORD00507,CUST0317,WH006,2025-07-16,UPI,Delivered
ORD00508,CUST0879,WH008,2025-05-02,Cash,Delivered
ORD00509,CUST0950,WH005,2025-07-21,Debit Card,Delivered
ORD00510,CUST0305,WH004,2025-05-01,Credit Card,Cancelled
ORD00511,CUST0325,WH007,2025-11-20,UPI,Delivered
ORD00512,CUST0843,WH008,2025-02-11,Cash,Delivered
ORD00513,CUST0735,WH007,2025-06-20,UPI,Shipped
ORD00514,CUST0268,WH009,2025-12-24,UPI,Delivered
ORD00515,CUST0747,WH009,2025-11-05,Debit Card,Delivered
ORD00516,CUST0781,WH001,2025-01-15,Credit Card,Delivered
ORD00517,CUST0140,WH001,2025-11-25,Cash,Delivered
ORD00518,CUST0322,WH010,2025-06-06,UPI,Delivered
ORD00519,CUST0529,WH003,2025-05-08,Net Banking,Delivered
ORD00520,CUST0463,WH008,2025-06-13,Credit Card,Delivered
ORD00521,CUST0608,WH006,2025-12-18,Debit Card,Delivered
ORD00522,CUST0377,WH003,2025-08-01,Cash,Cancelled
ORD00523,CUST0230,WH001,2025-10-20,UPI,Cancelled
ORD00524,CUST0627,WH004,2025-11-28,UPI,Returned
ORD00525,CUST0269,WH003,2025-04-12,UPI,Delivered
ORD00526,CUST0615,WH005,2025-08-08,Credit Card,Delivered
ORD00527,CUST0175,WH010,2025-07-08,UPI,Delivered
ORD00528,CUST0446,WH008,2025-09-27,Cash,Delivered
ORD00529,CUST0196,WH005,2025-04-15,Debit Card,Delivered
ORD00530,CUST0134,WH007,2025-07-15,Credit Card,Delivered
ORD00531,CUST0745,WH004,2025-05-25,Cash,Delivered
ORD00532,CUST0030,WH005,2025-03-16,Debit Card,Delivered
ORD00533,CUST0930,WH004,2025-08-19,Debit Card,Delivered
ORD00534,CUST0470,WH002,2025-11-28,UPI,Delivered
ORD00535,CUST0998,WH007,2025-06-15,Credit Card,Delivered
ORD00536,CUST0434,WH010,2025-12-29,Debit Card,Delivered
ORD00537,CUST0061,WH001,2025-10-13,Debit Card,Cancelled
ORD00538,CUST0931,WH006,2025-08-30,Net Banking,Cancelled
ORD00539,CUST0727,WH001,2025-11-03,UPI,Delivered
ORD00540,CUST0391,WH005,2025-11-14,Cash,Delivered
ORD00541,CUST0992,WH009,2025-03-09,UPI,Delivered
ORD00542,CUST0174,WH009,2025-05-14,Cash,Cancelled
ORD00543,CUST0136,WH002,2025-08-28,Debit Card,Delivered
ORD00544,CUST0146,WH005,2025-08-10,UPI,Delivered
ORD00545,CUST0512,WH005,2025-03-07,Debit Card,Cancelled
ORD00546,CUST0925,WH005,2025-05-25,Net Banking,Shipped
ORD00547,CUST0530,WH006,2025-05-16,Cash,Cancelled
ORD00548,CUST0755,WH008,2025-06-11,Credit Card,Delivered
ORD00549,CUST0652,WH008,2025-12-03,UPI,Delivered
ORD00550,CUST0236,WH003,2025-01-28,UPI,Delivered
ORD00551,CUST0723,WH008,2025-03-25,Cash,Delivered
ORD00552,CUST0042,WH008,2025-09-11,Debit Card,Returned
ORD00553,CUST0497,WH008,2025-10-15,Cash,Delivered
ORD00554,CUST0127,WH006,2025-03-17,UPI,Delivered
ORD00555,CUST0185,WH003,2025-05-26,Net Banking,Shipped
ORD00556,CUST0913,WH010,2025-10-16,Credit Card,Delivered
ORD00557,CUST0539,WH010,2025-01-03,Credit Card,Delivered
ORD00558,CUST0253,WH008,2025-02-09,UPI,Cancelled
ORD00559,CUST0292,WH002,2025-01-14,Cash,Delivered
ORD00560,CUST0858,WH006,2025-02-24,Credit Card,Delivered
ORD00561,CUST0851,WH008,2025-08-24,Cash,Delivered
ORD00562,CUST0609,WH001,2025-05-18,Debit Card,Returned
ORD00563,CUST0638,WH008,2025-12-02,Debit Card,Cancelled
ORD00564,CUST0133,WH004,2025-10-19,UPI,Shipped
ORD00565,CUST0331,WH001,2025-05-25,UPI,Delivered
ORD00566,CUST0391,WH002,2025-11-05,Cash,Delivered
ORD00567,CUST0989,WH007,2025-05-03,UPI,Delivered
ORD00568,CUST0167,WH007,2025-04-17,Cash,Delivered
ORD00569,CUST0158,WH002,2025-12-01,Debit Card,Delivered
ORD00570,CUST0754,WH005,2025-08-10,Net Banking,Delivered
ORD00571,CUST0099,WH006,2025-12-07,Net Banking,Delivered
ORD00572,CUST0907,WH007,2025-08-17,Cash,Delivered
ORD00573,CUST0434,WH002,2025-11-04,Cash,Shipped
ORD00574,CUST0191,WH007,2025-11-11,Cash,Delivered
ORD00575,CUST0350,WH008,2025-09-20,Credit Card,Delivered
ORD00576,CUST0954,WH008,2025-03-21,Net Banking,Delivered
ORD00577,CUST0086,WH005,2025-09-26,Cash,Delivered
ORD00578,CUST0308,WH003,2025-09-02,Credit Card,Delivered
ORD00579,CUST0862,WH004,2025-06-03,Net Banking,Delivered
ORD00580,CUST0049,WH009,2025-10-19,UPI,Cancelled
ORD00581,CUST0111,WH009,2025-09-20,Cash,Delivered
ORD00582,CUST0677,WH010,2025-08-26,Debit Card,Delivered
ORD00583,CUST0084,WH009,2025-10-27,UPI,Delivered
ORD00584,CUST0474,WH003,2025-12-05,Credit Card,Shipped
ORD00585,CUST0086,WH007,2025-01-24,Debit Card,Delivered
ORD00586,CUST0776,WH008,2025-08-21,Net Banking,Shipped
ORD00587,CUST0990,WH003,2025-06-24,Credit Card,Delivered
ORD00588,CUST0266,WH002,2025-11-06,Cash,Delivered
ORD00589,CUST0405,WH002,2025-01-03,UPI,Delivered
ORD00590,CUST0472,WH007,2025-09-02,Net Banking,Delivered
ORD00591,CUST0634,WH010,2025-06-05,Debit Card,Delivered
ORD00592,CUST0692,WH007,2025-12-20,Debit Card,Delivered
ORD00593,CUST0015,WH004,2025-03-11,UPI,Shipped
ORD00594,CUST0994,WH004,2025-12-23,UPI,Delivered
ORD00595,CUST0149,WH004,2025-11-29,Cash,Shipped
ORD00596,CUST0196,WH002,2025-10-03,Debit Card,Shipped
ORD00597,CUST0486,WH007,2025-03-17,UPI,Delivered
ORD00598,CUST0757,WH008,2025-03-20,Cash,Delivered
ORD00599,CUST0600,WH004,2025-08-19,Credit Card,Delivered
ORD00600,CUST0053,WH006,2025-07-20,UPI,Delivered
ORD00601,CUST0426,WH008,2025-08-10,Net Banking,Delivered
ORD00602,CUST0298,WH001,2025-10-11,Cash,Delivered
ORD00603,CUST0606,WH010,2025-09-20,Cash,Delivered
ORD00604,CUST0541,WH001,2025-02-01,Cash,Delivered
ORD00605,CUST0066,WH005,2025-10-11,Cash,Cancelled
ORD00606,CUST0507,WH010,2025-03-01,Debit Card,Delivered
ORD00607,CUST0022,WH003,2025-08-12,Debit Card,Delivered
ORD00608,CUST0353,WH008,2025-08-29,Credit Card,Delivered
ORD00609,CUST0931,WH006,2025-10-28,Net Banking,Shipped
ORD00610,CUST0480,WH003,2025-12-03,Debit Card,Delivered
ORD00611,CUST0983,WH007,2025-07-19,Debit Card,Shipped
ORD00612,CUST0637,WH004,2025-03-24,Debit Card,Delivered
ORD00613,CUST0684,WH008,2025-02-14,Credit Card,Delivered
ORD00614,CUST0621,WH008,2025-03-22,UPI,Shipped
ORD00615,CUST0311,WH004,2025-09-10,Credit Card,Delivered
ORD00616,CUST0368,WH005,2025-01-10,Debit Card,Delivered
ORD00617,CUST0848,WH009,2025-03-31,UPI,Shipped
ORD00618,CUST0441,WH002,2025-06-22,Net Banking,Delivered
ORD00619,CUST0230,WH008,2025-10-15,Debit Card,Returned
ORD00620,CUST0788,WH001,2025-07-01,Net Banking,Delivered
ORD00621,CUST0874,WH009,2025-03-19,Net Banking,Delivered
ORD00622,CUST0052,WH008,2025-12-28,Cash,Returned
ORD00623,CUST0999,WH002,2025-02-26,Net Banking,Delivered
ORD00624,CUST0844,WH009,2025-02-22,UPI,Delivered
ORD00625,CUST0646,WH002,2025-03-27,Credit Card,Cancelled
ORD00626,CUST0746,WH005,2025-03-22,Cash,Shipped
ORD00627,CUST0751,WH002,2025-09-13,Credit Card,Delivered
ORD00628,CUST0839,WH003,2025-06-21,UPI,Shipped
ORD00629,CUST0993,WH007,2025-08-13,UPI,Delivered
ORD00630,CUST0350,WH005,2025-08-31,Net Banking,Delivered
ORD00631,CUST0382,WH007,2025-05-17,Debit Card,Delivered
ORD00632,CUST0156,WH009,2025-05-06,Cash,Shipped
ORD00633,CUST0822,WH007,2025-03-12,Cash,Cancelled
ORD00634,CUST0975,WH009,2025-08-23,Debit Card,Cancelled
ORD00635,CUST0150,WH001,2025-08-15,Net Banking,Cancelled
ORD00636,CUST0347,WH006,2025-02-13,Cash,Returned
ORD00637,CUST0445,WH001,2025-03-26,Cash,Shipped
ORD00638,CUST0945,WH003,2025-12-05,Net Banking,Delivered
ORD00639,CUST0731,WH009,2025-11-20,Debit Card,Delivered
ORD00640,CUST0718,WH009,2025-12-15,Debit Card,Delivered
ORD00641,CUST0932,WH006,2025-06-10,UPI,Shipped
ORD00642,CUST0626,WH003,2025-09-28,Cash,Delivered
ORD00643,CUST0909,WH009,2025-04-16,Net Banking,Shipped
ORD00644,CUST0453,WH006,2025-11-30,Cash,Shipped
ORD00645,CUST0087,WH001,2025-06-04,Net Banking,Delivered
ORD00646,CUST0533,WH009,2025-03-06,Debit Card,Delivered
ORD00647,CUST0566,WH005,2025-09-19,Net Banking,Delivered
ORD00648,CUST0164,WH001,2025-11-22,UPI,Cancelled
ORD00649,CUST0607,WH005,2025-10-04,Credit Card,Shipped
ORD00650,CUST0744,WH007,2025-06-05,Net Banking,Delivered
ORD00651,CUST0862,WH006,2025-01-31,Debit Card,Delivered
ORD00652,CUST0127,WH001,2025-07-01,UPI,Delivered
ORD00653,CUST0755,WH001,2025-10-21,Cash,Delivered
ORD00654,CUST0825,WH010,2025-05-01,Net Banking,Delivered
ORD00655,CUST0682,WH009,2025-11-18,Net Banking,Delivered
ORD00656,CUST0292,WH010,2025-06-03,Credit Card,Delivered
ORD00657,CUST0756,WH004,2025-09-24,UPI,Delivered
ORD00658,CUST0198,WH006,2025-10-26,Cash,Delivered
ORD00659,CUST0436,WH007,2025-12-31,UPI,Delivered
ORD00660,CUST0910,WH003,2025-08-06,Cash,Delivered
ORD00661,CUST0379,WH009,2025-02-09,Cash,Delivered
ORD00662,CUST0798,WH007,2025-09-23,Debit Card,Delivered
ORD00663,CUST0434,WH008,2025-11-22,Cash,Delivered
ORD00664,CUST0844,WH003,2025-08-02,Credit Card,Delivered
ORD00665,CUST0729,WH008,2025-09-06,Credit Card,Returned
ORD00666,CUST0884,WH009,2025-09-20,UPI,Delivered
ORD00667,CUST0485,WH001,2025-08-22,Credit Card,Cancelled
ORD00668,CUST0944,WH002,2025-07-09,Net Banking,Shipped
ORD00669,CUST0124,WH006,2025-02-26,Net Banking,Delivered
ORD00670,CUST0157,WH002,2025-09-25,Debit Card,Delivered
ORD00671,CUST0311,WH005,2025-07-11,Cash,Delivered
ORD00672,CUST0146,WH010,2025-03-15,Cash,Delivered
ORD00673,CUST0911,WH005,2025-06-06,Credit Card,Delivered
ORD00674,CUST0003,WH002,2025-09-08,Net Banking,Delivered
ORD00675,CUST0428,WH008,2025-01-23,Net Banking,Delivered
ORD00676,CUST0922,WH006,2025-08-20,Cash,Delivered
ORD00677,CUST0136,WH003,2025-11-07,Net Banking,Delivered
ORD00678,CUST0684,WH008,2025-08-19,Credit Card,Shipped
ORD00679,CUST0092,WH010,2025-06-16,Net Banking,Delivered
ORD00680,CUST0922,WH007,2025-04-30,Debit Card,Delivered
ORD00681,CUST0912,WH008,2025-12-10,Debit Card,Delivered
ORD00682,CUST0725,WH001,2025-03-26,Net Banking,Delivered
ORD00683,CUST0317,WH009,2025-12-29,UPI,Delivered
ORD00684,CUST0198,WH010,2025-02-13,Net Banking,Delivered
ORD00685,CUST0981,WH010,2025-01-28,Net Banking,Delivered
ORD00686,CUST0515,WH001,2025-09-01,UPI,Delivered
ORD00687,CUST0185,WH001,2025-09-30,Debit Card,Shipped
ORD00688,CUST0850,WH010,2025-05-06,Cash,Delivered
ORD00689,CUST0622,WH006,2025-10-01,Cash,Delivered
ORD00690,CUST0883,WH001,2025-09-09,Debit Card,Delivered
ORD00691,CUST0025,WH009,2025-08-01,Debit Card,Delivered
ORD00692,CUST0118,WH002,2025-02-16,Net Banking,Delivered
ORD00693,CUST0188,WH005,2025-03-15,UPI,Delivered
ORD00694,CUST0695,WH003,2025-07-28,UPI,Delivered
ORD00695,CUST0186,WH001,2025-06-16,UPI,Delivered
ORD00696,CUST0328,WH003,2025-02-20,Cash,Cancelled
ORD00697,CUST0385,WH002,2025-05-13,UPI,Delivered
ORD00698,CUST0601,WH004,2025-11-02,Cash,Delivered
ORD00699,CUST0395,WH002,2025-09-16,Debit Card,Delivered
ORD00700,CUST0567,WH007,2025-08-26,UPI,Delivered
ORD00701,CUST0649,WH004,2025-07-28,UPI,Delivered
ORD00702,CUST0692,WH002,2025-10-28,Credit Card,Shipped
ORD00703,CUST0805,WH003,2025-11-30,Debit Card,Delivered
ORD00704,CUST0086,WH009,2025-08-17,Credit Card,Shipped
ORD00705,CUST0383,WH009,2025-03-14,Credit Card,Shipped
ORD00706,CUST0976,WH007,2025-10-03,Net Banking,Delivered
ORD00707,CUST0833,WH008,2025-01-01,Net Banking,Delivered
ORD00708,CUST0001,WH001,2025-03-27,Cash,Delivered
ORD00709,CUST0860,WH007,2025-05-09,Debit Card,Shipped
ORD00710,CUST0600,WH009,2025-04-19,Debit Card,Delivered
ORD00711,CUST0577,WH002,2025-10-01,Debit Card,Delivered
ORD00712,CUST0126,WH003,2025-12-24,Net Banking,Returned
ORD00713,CUST0216,WH010,2025-08-10,Net Banking,Returned
ORD00714,CUST0906,WH006,2025-06-12,Debit Card,Returned
ORD00715,CUST0464,WH005,2025-12-29,Credit Card,Delivered
ORD00716,CUST0350,WH004,2025-06-14,Cash,Returned
ORD00717,CUST0017,WH003,2025-06-18,UPI,Delivered
ORD00718,CUST0924,WH001,2025-01-03,Credit Card,Delivered
ORD00719,CUST0721,WH008,2025-12-23,Cash,Delivered
ORD00720,CUST0667,WH002,2025-11-29,Net Banking,Delivered
ORD00721,CUST0456,WH002,2025-12-10,Debit Card,Returned
ORD00722,CUST0848,WH010,2025-07-12,Debit Card,Delivered
ORD00723,CUST0009,WH002,2025-12-23,Cash,Delivered
ORD00724,CUST0456,WH001,2025-04-09,Credit Card,Delivered
ORD00725,CUST0697,WH006,2025-05-24,Credit Card,Delivered
ORD00726,CUST0641,WH005,2025-11-11,Credit Card,Delivered
ORD00727,CUST0991,WH006,2025-09-10,UPI,Delivered
ORD00728,CUST0724,WH010,2025-12-27,Credit Card,Delivered
ORD00729,CUST0406,WH002,2025-11-23,Debit Card,Delivered
ORD00730,CUST0175,WH009,2025-09-10,Credit Card,Delivered
ORD00731,CUST0689,WH010,2025-10-17,Net Banking,Delivered
ORD00732,CUST0132,WH002,2025-10-29,Credit Card,Delivered
ORD00733,CUST0877,WH004,2025-10-19,Net Banking,Delivered
ORD00734,CUST0197,WH001,2025-05-21,Net Banking,Delivered
ORD00735,CUST0574,WH008,2025-12-15,UPI,Cancelled
ORD00736,CUST0690,WH001,2025-11-25,Debit Card,Delivered
ORD00737,CUST0281,WH002,2025-07-28,Net Banking,Delivered
ORD00738,CUST0530,WH001,2025-07-05,Credit Card,Delivered
ORD00739,CUST0546,WH008,2025-08-04,Debit Card,Delivered
ORD00740,CUST0343,WH002,2025-04-10,Net Banking,Shipped
ORD00741,CUST0707,WH007,2025-04-26,UPI,Cancelled
ORD00742,CUST0169,WH006,2025-04-11,Debit Card,Delivered
ORD00743,CUST0100,WH001,2025-11-17,Cash,Delivered
ORD00744,CUST0607,WH006,2025-01-13,Debit Card,Delivered
ORD00745,CUST0245,WH006,2025-08-31,UPI,Shipped
ORD00746,CUST0814,WH004,2025-09-24,UPI,Shipped
ORD00747,CUST0450,WH002,2025-11-14,Cash,Delivered
ORD00748,CUST0998,WH001,2025-02-13,UPI,Delivered
ORD00749,CUST0067,WH003,2025-12-22,UPI,Cancelled
ORD00750,CUST0057,WH005,2025-08-15,Net Banking,Delivered
ORD00751,CUST0105,WH001,2025-02-03,Net Banking,Delivered
ORD00752,CUST0412,WH002,2025-07-15,Net Banking,Shipped
ORD00753,CUST0886,WH010,2025-04-30,Net Banking,Delivered
ORD00754,CUST0476,WH007,2025-07-16,Net Banking,Delivered
ORD00755,CUST0667,WH001,2025-06-23,Cash,Delivered
ORD00756,CUST0198,WH002,2025-10-28,UPI,Delivered
ORD00757,CUST0608,WH004,2025-02-04,Net Banking,Delivered
ORD00758,CUST0263,WH006,2025-09-18,Cash,Delivered
ORD00759,CUST0456,WH003,2025-11-14,Credit Card,Delivered
ORD00760,CUST0062,WH003,2025-01-23,Debit Card,Delivered
ORD00761,CUST0983,WH006,2025-09-20,Debit Card,Delivered
ORD00762,CUST0795,WH003,2025-10-05,Credit Card,Delivered
ORD00763,CUST0352,WH005,2025-11-05,Debit Card,Returned
ORD00764,CUST0601,WH003,2025-09-23,UPI,Delivered
ORD00765,CUST0880,WH001,2025-10-14,Cash,Delivered
ORD00766,CUST0656,WH004,2025-04-13,UPI,Delivered
ORD00767,CUST0488,WH008,2025-12-08,Net Banking,Delivered
ORD00768,CUST0580,WH006,2025-10-24,Net Banking,Delivered
ORD00769,CUST0167,WH002,2025-06-18,Cash,Cancelled
ORD00770,CUST0508,WH004,2025-01-22,UPI,Delivered
ORD00771,CUST0236,WH008,2025-12-21,Net Banking,Delivered
ORD00772,CUST0753,WH006,2025-09-04,Cash,Delivered
ORD00773,CUST0846,WH001,2025-04-05,Debit Card,Delivered
ORD00774,CUST0031,WH009,2025-07-03,UPI,Delivered
ORD00775,CUST0200,WH010,2025-08-14,Debit Card,Delivered
ORD00776,CUST0204,WH004,2025-01-16,Debit Card,Delivered
ORD00777,CUST0737,WH003,2025-05-15,Debit Card,Shipped
ORD00778,CUST0183,WH004,2025-05-06,UPI,Delivered
ORD00779,CUST0933,WH002,2025-05-15,UPI,Shipped
ORD00780,CUST0389,WH002,2025-03-12,Debit Card,Cancelled
ORD00781,CUST0468,WH004,2025-06-06,Debit Card,Shipped
ORD00782,CUST0176,WH009,2025-12-05,Net Banking,Cancelled
ORD00783,CUST0067,WH002,2025-12-31,Credit Card,Cancelled
ORD00784,CUST0814,WH004,2025-03-08,Credit Card,Delivered
ORD00785,CUST0384,WH006,2025-12-22,Net Banking,Delivered
ORD00786,CUST0251,WH001,2025-11-22,Net Banking,Delivered
ORD00787,CUST0302,WH003,2025-10-02,Debit Card,Delivered
ORD00788,CUST0815,WH005,2025-11-19,Credit Card,Shipped
ORD00789,CUST0908,WH008,2025-10-27,Credit Card,Delivered
ORD00790,CUST0810,WH010,2025-08-29,UPI,Delivered
ORD00791,CUST0770,WH009,2025-07-18,Debit Card,Delivered
ORD00792,CUST0184,WH006,2025-08-26,Debit Card,Delivered
ORD00793,CUST0733,WH008,2025-09-05,Cash,Delivered
ORD00794,CUST0654,WH010,2025-07-25,UPI,Delivered
ORD00795,CUST0463,WH004,2025-04-14,Cash,Delivered
ORD00796,CUST0911,WH007,2025-08-06,Net Banking,Delivered
ORD00797,CUST0261,WH009,2025-07-11,UPI,Delivered
ORD00798,CUST0303,WH008,2025-02-13,Net Banking,Delivered
ORD00799,CUST0043,WH008,2025-10-26,Net Banking,Delivered
ORD00800,CUST0462,WH008,2025-08-07,Cash,Delivered
ORD00801,CUST0325,WH005,2025-09-12,Cash,Delivered
ORD00802,CUST0240,WH005,2025-08-15,UPI,Delivered
ORD00803,CUST0302,WH009,2025-02-12,Net Banking,Delivered
ORD00804,CUST0805,WH005,2025-02-10,Credit Card,Delivered
ORD00805,CUST0369,WH001,2025-02-06,Net Banking,Delivered
ORD00806,CUST0692,WH006,2025-04-11,Debit Card,Delivered
ORD00807,CUST0866,WH005,2025-12-16,Credit Card,Delivered
ORD00808,CUST0876,WH009,2025-03-12,Debit Card,Delivered
ORD00809,CUST0289,WH006,2025-06-03,Cash,Cancelled
ORD00810,CUST0776,WH001,2025-10-24,Cash,Delivered
ORD00811,CUST0887,WH007,2025-03-18,Credit Card,Delivered
ORD00812,CUST0486,WH004,2025-04-18,Net Banking,Delivered
ORD00813,CUST0776,WH008,2025-10-10,Cash,Delivered
ORD00814,CUST0321,WH004,2025-02-13,Cash,Shipped
ORD00815,CUST0428,WH004,2025-12-24,Cash,Delivered
ORD00816,CUST0031,WH006,2025-10-13,Credit Card,Delivered
ORD00817,CUST0313,WH001,2025-03-07,Cash,Shipped
ORD00818,CUST0348,WH004,2025-07-01,Cash,Delivered
ORD00819,CUST0782,WH009,2025-07-26,Debit Card,Delivered
ORD00820,CUST0582,WH001,2025-01-12,Credit Card,Delivered
ORD00821,CUST0582,WH010,2025-06-19,Net Banking,Delivered
ORD00822,CUST0391,WH004,2025-07-20,Cash,Delivered
ORD00823,CUST0193,WH008,2025-07-17,UPI,Delivered
ORD00824,CUST0655,WH005,2025-08-20,UPI,Delivered
ORD00825,CUST0567,WH003,2025-12-12,UPI,Shipped
ORD00826,CUST0501,WH001,2025-11-05,Credit Card,Delivered
ORD00827,CUST0291,WH004,2025-07-17,Credit Card,Delivered
ORD00828,CUST0072,WH008,2025-09-26,UPI,Delivered
ORD00829,CUST0176,WH006,2025-01-06,Cash,Delivered
ORD00830,CUST0133,WH009,2025-02-26,Cash,Delivered
ORD00831,CUST0399,WH004,2025-02-05,Credit Card,Cancelled
ORD00832,CUST0443,WH008,2025-06-08,Credit Card,Delivered
ORD00833,CUST0602,WH004,2025-06-08,Net Banking,Delivered
ORD00834,CUST0283,WH004,2025-08-23,UPI,Returned
ORD00835,CUST0066,WH007,2025-08-17,Net Banking,Shipped
ORD00836,CUST0337,WH010,2025-09-27,Cash,Delivered
ORD00837,CUST0041,WH002,2025-10-22,Debit Card,Delivered
ORD00838,CUST0356,WH005,2025-08-22,Cash,Delivered
ORD00839,CUST0426,WH004,2025-03-31,Credit Card,Cancelled
ORD00840,CUST0469,WH007,2025-08-10,Credit Card,Delivered
ORD00841,CUST0403,WH001,2025-02-18,Credit Card,Cancelled
ORD00842,CUST0281,WH009,2025-03-22,Debit Card,Delivered
ORD00843,CUST0715,WH004,2025-02-04,Cash,Delivered
ORD00844,CUST0125,WH006,2025-10-11,UPI,Shipped
ORD00845,CUST0785,WH006,2025-09-16,Cash,Delivered
ORD00846,CUST0213,WH009,2025-05-10,UPI,Delivered
ORD00847,CUST0655,WH008,2025-02-07,Cash,Delivered
ORD00848,CUST0877,WH004,2025-07-24,Cash,Delivered
ORD00849,CUST0118,WH003,2025-05-09,Debit Card,Delivered
ORD00850,CUST0497,WH008,2025-08-26,UPI,Delivered
ORD00851,CUST0249,WH008,2025-12-03,Credit Card,Delivered
ORD00852,CUST0862,WH003,2025-05-23,Credit Card,Shipped
ORD00853,CUST0103,WH003,2025-11-07,Debit Card,Delivered
ORD00854,CUST0173,WH002,2025-07-20,UPI,Delivered
ORD00855,CUST0452,WH006,2025-03-20,Credit Card,Delivered
ORD00856,CUST0915,WH009,2025-01-18,Credit Card,Delivered
ORD00857,CUST0857,WH009,2025-01-25,UPI,Delivered
ORD00858,CUST0455,WH001,2025-06-07,Net Banking,Delivered
ORD00859,CUST0786,WH004,2025-07-13,Credit Card,Delivered
ORD00860,CUST0205,WH002,2025-05-03,UPI,Delivered
ORD00861,CUST0346,WH004,2025-01-08,UPI,Delivered
ORD00862,CUST0817,WH003,2025-02-19,Credit Card,Delivered
ORD00863,CUST0111,WH006,2025-09-20,Debit Card,Delivered
ORD00864,CUST0640,WH004,2025-04-08,Net Banking,Delivered
ORD00865,CUST0124,WH004,2025-08-08,Credit Card,Delivered
ORD00866,CUST0178,WH001,2025-06-15,Cash,Delivered
ORD00867,CUST0399,WH004,2025-01-07,Cash,Delivered
ORD00868,CUST0835,WH005,2025-12-03,Net Banking,Delivered
ORD00869,CUST0907,WH004,2025-02-04,Cash,Delivered
ORD00870,CUST0512,WH002,2025-11-03,Net Banking,Shipped
ORD00871,CUST0176,WH005,2025-10-19,UPI,Delivered
ORD00872,CUST0714,WH007,2025-11-20,Credit Card,Delivered
ORD00873,CUST0780,WH006,2025-11-22,Cash,Delivered
ORD00874,CUST0624,WH010,2025-01-10,Cash,Delivered
ORD00875,CUST0760,WH004,2025-11-24,Net Banking,Delivered
ORD00876,CUST0239,WH001,2025-01-07,Net Banking,Shipped
ORD00877,CUST0317,WH004,2025-03-05,Cash,Shipped
ORD00878,CUST0082,WH001,2025-11-14,Credit Card,Delivered
ORD00879,CUST0207,WH003,2025-06-01,Cash,Delivered
ORD00880,CUST0244,WH010,2025-01-20,Cash,Delivered
ORD00881,CUST0138,WH005,2025-06-18,Debit Card,Delivered
ORD00882,CUST0534,WH007,2025-01-21,Debit Card,Shipped
ORD00883,CUST0868,WH006,2025-04-28,Debit Card,Delivered
ORD00884,CUST0056,WH004,2025-10-04,Credit Card,Delivered
ORD00885,CUST0534,WH006,2025-07-15,Credit Card,Delivered
ORD00886,CUST0067,WH008,2025-01-04,UPI,Returned
ORD00887,CUST0650,WH003,2025-01-27,Credit Card,Delivered
ORD00888,CUST0607,WH009,2025-03-30,Credit Card,Delivered
ORD00889,CUST0437,WH008,2025-02-10,Debit Card,Delivered
ORD00890,CUST0251,WH007,2025-04-12,Credit Card,Delivered
ORD00891,CUST0293,WH010,2025-06-05,Cash,Returned
ORD00892,CUST0279,WH008,2025-04-14,UPI,Returned
ORD00893,CUST0408,WH007,2025-07-04,Credit Card,Delivered
ORD00894,CUST0518,WH010,2025-08-05,Cash,Shipped
ORD00895,CUST0021,WH007,2025-09-04,Cash,Shipped
ORD00896,CUST0610,WH009,2025-06-03,Credit Card,Delivered
ORD00897,CUST0264,WH007,2025-03-31,Cash,Delivered
ORD00898,CUST0385,WH009,2025-05-26,Net Banking,Delivered
ORD00899,CUST0140,WH008,2025-06-20,Credit Card,Delivered
ORD00900,CUST0005,WH001,2025-04-08,Net Banking,Delivered
ORD00901,CUST0504,WH007,2025-07-11,Cash,Cancelled
ORD00902,CUST0394,WH008,2025-07-11,Debit Card,Delivered
ORD00903,CUST0073,WH007,2025-10-29,UPI,Returned
ORD00904,CUST0395,WH010,2025-03-05,Credit Card,Delivered
ORD00905,CUST0981,WH005,2025-08-12,Debit Card,Delivered
ORD00906,CUST0651,WH006,2025-09-08,UPI,Delivered
ORD00907,CUST0754,WH004,2025-08-06,Credit Card,Delivered
ORD00908,CUST0647,WH001,2025-07-05,Credit Card,Delivered
ORD00909,CUST0967,WH003,2025-08-22,Debit Card,Delivered
ORD00910,CUST0975,WH003,2025-10-24,UPI,Delivered
ORD00911,CUST0660,WH007,2025-02-17,Cash,Delivered
ORD00912,CUST0531,WH004,2025-02-11,Cash,Delivered
ORD00913,CUST0259,WH005,2025-08-07,Net Banking,Returned
ORD00914,CUST0908,WH007,2025-12-04,Net Banking,Delivered
ORD00915,CUST0771,WH002,2025-07-30,UPI,Delivered
ORD00916,CUST0834,WH003,2025-06-26,Debit Card,Delivered
ORD00917,CUST0716,WH005,2025-07-23,UPI,Returned
ORD00918,CUST0002,WH002,2025-09-09,UPI,Shipped
ORD00919,CUST0538,WH007,2025-08-02,Debit Card,Delivered
ORD00920,CUST0181,WH006,2025-03-29,Credit Card,Delivered
ORD00921,CUST0499,WH003,2025-04-12,Net Banking,Cancelled
ORD00922,CUST0581,WH004,2025-08-19,Credit Card,Delivered
ORD00923,CUST0829,WH004,2025-04-04,Debit Card,Returned
ORD00924,CUST0452,WH010,2025-07-29,UPI,Shipped
ORD00925,CUST0082,WH005,2025-03-27,UPI,Delivered
ORD00926,CUST0066,WH006,2025-05-22,UPI,Delivered
ORD00927,CUST0497,WH002,2025-09-02,UPI,Delivered
ORD00928,CUST0682,WH010,2025-01-04,UPI,Delivered
ORD00929,CUST0811,WH001,2025-09-25,Cash,Delivered
ORD00930,CUST0955,WH008,2025-05-17,Cash,Shipped
ORD00931,CUST0440,WH006,2025-11-06,Debit Card,Delivered
ORD00932,CUST0323,WH004,2025-06-25,Debit Card,Delivered
ORD00933,CUST0626,WH001,2025-07-13,Debit Card,Cancelled
ORD00934,CUST0004,WH008,2025-02-21,Cash,Delivered
ORD00935,CUST0027,WH010,2025-03-13,UPI,Shipped
ORD00936,CUST0974,WH004,2025-05-24,Debit Card,Delivered
ORD00937,CUST0675,WH008,2025-12-18,Net Banking,Delivered
ORD00938,CUST0004,WH006,2025-04-07,UPI,Delivered
ORD00939,CUST0993,WH006,2025-01-24,Cash,Delivered
ORD00940,CUST0410,WH010,2025-09-06,UPI,Delivered
ORD00941,CUST0675,WH002,2025-09-01,Cash,Delivered
ORD00942,CUST0730,WH003,2025-04-10,Net Banking,Cancelled
ORD00943,CUST0033,WH003,2025-09-16,Cash,Shipped
ORD00944,CUST0853,WH009,2025-06-04,Cash,Delivered
ORD00945,CUST0978,WH002,2025-08-17,Cash,Delivered
ORD00946,CUST0250,WH004,2025-05-04,Credit Card,Shipped
ORD00947,CUST0717,WH002,2025-12-04,UPI,Delivered
ORD00948,CUST0165,WH006,2025-01-15,Cash,Shipped
ORD00949,CUST0737,WH005,2025-04-23,Cash,Returned
ORD00950,CUST0127,WH003,2025-12-10,Net Banking,Delivered
ORD00951,CUST0093,WH006,2025-09-09,Credit Card,Cancelled
ORD00952,CUST0067,WH006,2025-11-04,Cash,Cancelled
ORD00953,CUST0670,WH009,2025-07-15,Cash,Shipped
ORD00954,CUST0266,WH002,2025-04-25,Debit Card,Delivered
ORD00955,CUST0349,WH010,2025-02-15,Credit Card,Delivered
ORD00956,CUST0587,WH006,2025-03-01,Credit Card,Shipped
ORD00957,CUST0591,WH001,2025-07-14,Debit Card,Delivered
ORD00958,CUST0195,WH007,2025-10-02,Cash,Delivered
ORD00959,CUST0817,WH003,2025-07-06,Net Banking,Delivered
ORD00960,CUST0228,WH002,2025-10-30,Cash,Delivered
ORD00961,CUST0324,WH003,2025-08-24,Debit Card,Shipped
ORD00962,CUST0697,WH008,2025-09-13,Credit Card,Delivered
ORD00963,CUST0765,WH001,2025-03-16,Net Banking,Delivered
ORD00964,CUST0706,WH002,2025-09-15,Debit Card,Returned
ORD00965,CUST0588,WH008,2025-12-28,Credit Card,Delivered
ORD00966,CUST0990,WH007,2025-12-27,UPI,Returned
ORD00967,CUST0157,WH004,2025-06-20,Credit Card,Delivered
ORD00968,CUST0946,WH003,2025-01-27,Cash,Delivered
ORD00969,CUST0835,WH003,2025-06-03,UPI,Delivered
ORD00970,CUST0433,WH008,2025-06-22,Debit Card,Shipped
ORD00971,CUST0074,WH009,2025-07-20,Debit Card,Delivered
ORD00972,CUST0718,WH009,2025-04-10,Cash,Delivered
ORD00973,CUST0771,WH010,2025-06-15,UPI,Shipped
ORD00974,CUST0312,WH008,2025-12-30,Credit Card,Delivered
ORD00975,CUST0713,WH008,2025-08-15,Debit Card,Cancelled
ORD00976,CUST0224,WH004,2025-04-18,UPI,Delivered
ORD00977,CUST0105,WH003,2025-10-22,Cash,Returned
ORD00978,CUST0696,WH003,2025-08-07,UPI,Delivered
ORD00979,CUST0184,WH001,2025-08-31,UPI,Returned
ORD00980,CUST0347,WH010,2025-11-29,Cash,Returned
ORD00981,CUST0740,WH007,2025-11-18,Credit Card,Delivered
ORD00982,CUST0407,WH008,2025-05-04,Debit Card,Delivered
ORD00983,CUST0669,WH007,2025-03-30,UPI,Shipped
ORD00984,CUST0392,WH005,2025-11-29,Cash,Delivered
ORD00985,CUST0120,WH002,2025-03-03,UPI,Delivered
ORD00986,CUST0931,WH009,2025-12-09,Credit Card,Delivered
ORD00987,CUST0587,WH008,2025-10-21,Debit Card,Delivered
ORD00988,CUST0814,WH010,2025-02-18,Credit Card,Delivered
ORD00989,CUST0720,WH007,2025-11-27,Debit Card,Delivered
ORD00990,CUST0334,WH002,2025-02-20,Net Banking,Delivered
ORD00991,CUST0021,WH007,2025-12-25,Net Banking,Shipped
ORD00992,CUST0501,WH002,2025-09-29,Net Banking,Shipped
ORD00993,CUST0731,WH002,2025-10-03,Credit Card,Returned
ORD00994,CUST0186,WH010,2025-03-02,Credit Card,Delivered
ORD00995,CUST0820,WH006,2025-08-17,UPI,Delivered
ORD00996,CUST0212,WH003,2025-10-22,UPI,Delivered
ORD00997,CUST0087,WH002,2025-01-18,Net Banking,Delivered
ORD00998,CUST0176,WH007,2025-10-06,UPI,Delivered
ORD00999,CUST0969,WH009,2025-01-24,Debit Card,Delivered
ORD01000,CUST0144,WH010,2025-08-16,Cash,Delivered
ORD01001,CUST0933,WH006,2025-09-25,Net Banking,Delivered
ORD01002,CUST0705,WH002,2025-04-18,UPI,Delivered
ORD01003,CUST0146,WH005,2025-04-07,Credit Card,Returned
ORD01004,CUST0566,WH004,2025-11-05,Net Banking,Delivered
ORD01005,CUST0747,WH010,2025-03-07,Cash,Delivered
ORD01006,CUST0267,WH007,2025-05-11,Credit Card,Delivered
ORD01007,CUST0968,WH005,2025-02-12,Cash,Cancelled
ORD01008,CUST0549,WH004,2025-03-15,UPI,Delivered
ORD01009,CUST0649,WH004,2025-05-18,Debit Card,Delivered
ORD01010,CUST0841,WH009,2025-11-28,Net Banking,Delivered
ORD01011,CUST0324,WH007,2025-03-20,Cash,Delivered
ORD01012,CUST0254,WH002,2025-11-06,Debit Card,Delivered
ORD01013,CUST0701,WH009,2025-02-26,Cash,Delivered
ORD01014,CUST0092,WH006,2025-11-24,Debit Card,Shipped
ORD01015,CUST0890,WH004,2025-03-16,Debit Card,Delivered
ORD01016,CUST0993,WH004,2025-07-13,Cash,Returned
ORD01017,CUST0180,WH009,2025-03-05,Debit Card,Delivered
ORD01018,CUST0098,WH009,2025-09-08,Debit Card,Delivered
ORD01019,CUST0565,WH005,2025-05-25,Net Banking,Delivered
ORD01020,CUST0175,WH006,2025-01-25,Cash,Delivered
ORD01021,CUST0992,WH009,2025-12-14,Net Banking,Delivered
ORD01022,CUST0489,WH010,2025-07-26,Credit Card,Delivered
ORD01023,CUST0526,WH003,2025-12-18,Credit Card,Delivered
ORD01024,CUST0754,WH005,2025-10-18,UPI,Cancelled
ORD01025,CUST0998,WH006,2025-11-24,Credit Card,Delivered
ORD01026,CUST0724,WH008,2025-08-03,Credit Card,Delivered
ORD01027,CUST0818,WH008,2025-07-01,Net Banking,Delivered
ORD01028,CUST0534,WH004,2025-08-08,Debit Card,Delivered
ORD01029,CUST0971,WH005,2025-02-14,Cash,Shipped
ORD01030,CUST0650,WH002,2025-02-16,UPI,Delivered
ORD01031,CUST0170,WH010,2025-02-17,UPI,Delivered
ORD01032,CUST0568,WH008,2025-05-27,UPI,Returned
ORD01033,CUST0694,WH009,2025-08-06,Credit Card,Delivered
ORD01034,CUST0702,WH009,2025-09-21,UPI,Delivered
ORD01035,CUST0195,WH001,2025-11-12,Cash,Delivered
ORD01036,CUST0251,WH009,2025-06-26,Net Banking,Delivered
ORD01037,CUST0988,WH003,2025-08-18,Net Banking,Cancelled
ORD01038,CUST0077,WH006,2025-03-31,Credit Card,Delivered
ORD01039,CUST0433,WH008,2025-01-27,Cash,Delivered
ORD01040,CUST0347,WH004,2025-02-27,Net Banking,Shipped
ORD01041,CUST0298,WH005,2025-03-02,Cash,Delivered
ORD01042,CUST0003,WH010,2025-04-20,Cash,Delivered
ORD01043,CUST0952,WH009,2025-06-06,UPI,Cancelled
ORD01044,CUST0869,WH008,2025-11-13,UPI,Delivered
ORD01045,CUST0472,WH006,2025-11-12,Debit Card,Delivered
ORD01046,CUST0359,WH003,2025-01-03,Cash,Delivered
ORD01047,CUST0442,WH008,2025-02-21,Credit Card,Delivered
ORD01048,CUST0921,WH003,2025-09-21,Cash,Delivered
ORD01049,CUST0008,WH003,2025-09-07,Debit Card,Delivered
ORD01050,CUST0384,WH005,2025-07-22,Debit Card,Delivered
ORD01051,CUST0550,WH005,2025-04-04,UPI,Returned
ORD01052,CUST0860,WH008,2025-12-03,Credit Card,Delivered
ORD01053,CUST0006,WH006,2025-08-11,Credit Card,Delivered
ORD01054,CUST0042,WH003,2025-05-26,Cash,Delivered
ORD01055,CUST0923,WH001,2025-06-19,Credit Card,Delivered
ORD01056,CUST0983,WH005,2025-09-03,UPI,Delivered
ORD01057,CUST0508,WH003,2025-10-09,Debit Card,Shipped
ORD01058,CUST0514,WH007,2025-07-24,Credit Card,Delivered
ORD01059,CUST0812,WH001,2025-02-25,Credit Card,Delivered
ORD01060,CUST0014,WH004,2025-09-14,UPI,Delivered
ORD01061,CUST0440,WH010,2025-06-25,UPI,Delivered
ORD01062,CUST0289,WH008,2025-05-29,UPI,Shipped
ORD01063,CUST0633,WH003,2025-05-07,Net Banking,Delivered
ORD01064,CUST0786,WH002,2025-05-24,Debit Card,Returned
ORD01065,CUST0683,WH007,2025-05-07,Credit Card,Delivered
ORD01066,CUST0718,WH009,2025-02-22,Net Banking,Delivered
ORD01067,CUST0645,WH003,2025-10-30,Credit Card,Delivered
ORD01068,CUST0040,WH005,2025-07-25,Credit Card,Cancelled
ORD01069,CUST0019,WH010,2025-08-07,Credit Card,Delivered
ORD01070,CUST0390,WH007,2025-01-27,Net Banking,Delivered
ORD01071,CUST0237,WH004,2025-11-21,Debit Card,Delivered
ORD01072,CUST0523,WH007,2025-02-01,UPI,Delivered
ORD01073,CUST0373,WH005,2025-05-18,Debit Card,Delivered
ORD01074,CUST0328,WH001,2025-05-07,Credit Card,Delivered
ORD01075,CUST0677,WH006,2025-01-27,Credit Card,Delivered
ORD01076,CUST0931,WH010,2025-05-24,UPI,Delivered
ORD01077,CUST0972,WH008,2025-05-10,Debit Card,Delivered
ORD01078,CUST0100,WH001,2025-02-27,Net Banking,Shipped
ORD01079,CUST0340,WH006,2025-03-08,Debit Card,Delivered
ORD01080,CUST0542,WH010,2025-10-29,Debit Card,Delivered
ORD01081,CUST0216,WH010,2025-05-22,Cash,Delivered
ORD01082,CUST0134,WH010,2025-02-24,UPI,Delivered
ORD01083,CUST0838,WH004,2025-12-02,Credit Card,Delivered
ORD01084,CUST0077,WH009,2025-02-20,Net Banking,Delivered
ORD01085,CUST0780,WH004,2025-08-31,Net Banking,Delivered
ORD01086,CUST0131,WH004,2025-01-23,Cash,Delivered
ORD01087,CUST0913,WH009,2025-05-10,Debit Card,Cancelled
ORD01088,CUST0645,WH002,2025-08-18,Cash,Delivered
ORD01089,CUST0537,WH009,2025-08-03,UPI,Delivered
ORD01090,CUST0714,WH003,2025-05-21,Debit Card,Delivered
ORD01091,CUST0063,WH004,2025-10-17,Cash,Delivered
ORD01092,CUST0892,WH009,2025-09-30,UPI,Delivered
ORD01093,CUST0394,WH009,2025-09-18,Cash,Delivered
ORD01094,CUST0212,WH003,2025-05-20,UPI,Delivered
ORD01095,CUST0607,WH001,2025-04-22,Net Banking,Delivered
ORD01096,CUST0738,WH009,2025-12-29,Debit Card,Delivered
ORD01097,CUST0304,WH005,2025-04-23,Net Banking,Delivered
ORD01098,CUST0047,WH009,2025-04-25,Credit Card,Delivered
ORD01099,CUST0152,WH005,2025-11-24,Credit Card,Delivered
ORD01100,CUST0658,WH004,2025-01-27,Credit Card,Delivered
ORD01101,CUST0665,WH006,2025-01-01,Net Banking,Returned
ORD01102,CUST0086,WH009,2025-06-16,Debit Card,Delivered
ORD01103,CUST0920,WH010,2025-07-29,Debit Card,Delivered
ORD01104,CUST0641,WH001,2025-01-30,Debit Card,Delivered
ORD01105,CUST0181,WH005,2025-05-24,UPI,Delivered
ORD01106,CUST0109,WH007,2025-10-26,Debit Card,Cancelled
ORD01107,CUST0619,WH009,2025-11-21,Credit Card,Shipped
ORD01108,CUST0333,WH005,2025-04-23,Credit Card,Delivered
ORD01109,CUST0160,WH008,2025-07-22,Credit Card,Delivered
ORD01110,CUST0378,WH003,2025-08-11,Cash,Delivered
ORD01111,CUST0471,WH003,2025-04-03,Credit Card,Delivered
ORD01112,CUST0966,WH003,2025-09-09,Debit Card,Delivered
ORD01113,CUST0907,WH003,2025-03-25,Cash,Delivered
ORD01114,CUST0072,WH003,2025-04-07,UPI,Delivered
ORD01115,CUST0931,WH007,2025-08-21,UPI,Delivered
ORD01116,CUST0745,WH001,2025-03-12,Net Banking,Delivered
ORD01117,CUST0022,WH002,2025-07-16,UPI,Shipped
ORD01118,CUST0958,WH001,2025-11-26,Credit Card,Delivered
ORD01119,CUST0275,WH003,2025-02-12,Net Banking,Delivered
ORD01120,CUST0981,WH002,2025-01-05,Net Banking,Delivered
ORD01121,CUST0874,WH002,2025-06-23,Credit Card,Delivered
ORD01122,CUST0914,WH008,2025-10-16,Credit Card,Delivered
ORD01123,CUST0159,WH004,2025-09-03,UPI,Delivered
ORD01124,CUST0643,WH009,2025-05-17,UPI,Delivered
ORD01125,CUST0106,WH009,2025-01-23,Debit Card,Delivered
ORD01126,CUST0146,WH001,2025-08-01,Credit Card,Delivered
ORD01127,CUST0395,WH003,2025-08-07,Debit Card,Delivered
ORD01128,CUST0944,WH007,2025-04-26,UPI,Delivered
ORD01129,CUST0230,WH002,2025-02-26,Debit Card,Delivered
ORD01130,CUST0342,WH002,2025-11-12,Debit Card,Cancelled
ORD01131,CUST0918,WH001,2025-02-13,Net Banking,Delivered
ORD01132,CUST0544,WH006,2025-08-08,Net Banking,Delivered
ORD01133,CUST0154,WH005,2025-08-06,Net Banking,Shipped
ORD01134,CUST0897,WH002,2025-06-28,Debit Card,Cancelled
ORD01135,CUST0378,WH005,2025-12-05,UPI,Shipped
ORD01136,CUST0797,WH003,2025-03-18,Debit Card,Delivered
ORD01137,CUST0739,WH008,2025-08-17,UPI,Delivered
ORD01138,CUST0983,WH005,2025-08-07,Credit Card,Delivered
ORD01139,CUST0187,WH007,2025-03-07,Debit Card,Delivered
ORD01140,CUST0493,WH007,2025-08-06,Net Banking,Shipped
ORD01141,CUST0142,WH004,2025-06-20,Cash,Delivered
ORD01142,CUST0552,WH009,2025-09-12,Cash,Delivered
ORD01143,CUST0394,WH002,2025-04-28,Net Banking,Delivered
ORD01144,CUST0592,WH004,2025-09-27,UPI,Delivered
ORD01145,CUST0209,WH001,2025-01-02,Debit Card,Delivered
ORD01146,CUST0944,WH002,2025-03-10,UPI,Cancelled
ORD01147,CUST0870,WH003,2025-07-04,Debit Card,Delivered
ORD01148,CUST0996,WH007,2025-10-10,Credit Card,Delivered
ORD01149,CUST0058,WH003,2025-04-25,UPI,Returned
ORD01150,CUST0147,WH007,2025-12-27,UPI,Delivered
ORD01151,CUST0381,WH001,2025-08-06,UPI,Delivered
ORD01152,CUST0489,WH010,2025-02-07,Credit Card,Delivered
ORD01153,CUST0145,WH002,2025-07-07,Credit Card,Delivered
ORD01154,CUST0852,WH007,2025-10-19,Credit Card,Shipped
ORD01155,CUST0762,WH003,2025-08-29,Net Banking,Delivered
ORD01156,CUST0482,WH007,2025-06-03,Debit Card,Delivered
ORD01157,CUST0712,WH001,2025-11-27,Debit Card,Delivered
ORD01158,CUST0903,WH001,2025-01-31,Net Banking,Shipped
ORD01159,CUST0165,WH001,2025-09-15,Cash,Shipped
ORD01160,CUST0971,WH008,2025-12-15,Net Banking,Delivered
ORD01161,CUST0942,WH010,2025-05-13,Net Banking,Delivered
ORD01162,CUST0434,WH003,2025-04-27,Debit Card,Returned
ORD01163,CUST0387,WH003,2025-09-25,Credit Card,Delivered
ORD01164,CUST0225,WH007,2025-01-29,Credit Card,Shipped
ORD01165,CUST0620,WH002,2025-10-14,Cash,Delivered
ORD01166,CUST0658,WH007,2025-12-01,Cash,Delivered
ORD01167,CUST0663,WH007,2025-07-10,Credit Card,Delivered
ORD01168,CUST0080,WH006,2025-02-23,Net Banking,Shipped
ORD01169,CUST0029,WH004,2025-06-21,Debit Card,Delivered
ORD01170,CUST0067,WH004,2025-02-24,Net Banking,Delivered
ORD01171,CUST0193,WH009,2025-06-08,Credit Card,Delivered
ORD01172,CUST0247,WH005,2025-01-17,UPI,Returned
ORD01173,CUST0046,WH010,2025-10-17,Cash,Delivered
ORD01174,CUST0096,WH005,2025-06-11,UPI,Returned
ORD01175,CUST0982,WH007,2025-05-25,Net Banking,Delivered
ORD01176,CUST0744,WH006,2025-07-20,Credit Card,Delivered
ORD01177,CUST0340,WH007,2025-02-19,Net Banking,Delivered
ORD01178,CUST0025,WH010,2025-03-18,Cash,Delivered
ORD01179,CUST0298,WH003,2025-01-20,Credit Card,Delivered
ORD01180,CUST0907,WH002,2025-02-10,Credit Card,Cancelled
ORD01181,CUST0670,WH003,2025-12-15,Credit Card,Returned
ORD01182,CUST0529,WH010,2025-09-14,Net Banking,Cancelled
ORD01183,CUST0459,WH003,2025-06-24,Debit Card,Delivered
ORD01184,CUST0877,WH007,2025-11-16,UPI,Cancelled
ORD01185,CUST0397,WH004,2025-12-16,Credit Card,Returned
ORD01186,CUST0077,WH003,2025-11-07,Net Banking,Delivered
ORD01187,CUST0100,WH001,2025-09-12,Credit Card,Shipped
ORD01188,CUST0561,WH002,2025-06-08,Cash,Delivered
ORD01189,CUST0174,WH005,2025-06-10,Credit Card,Delivered
ORD01190,CUST0373,WH006,2025-10-23,UPI,Delivered
ORD01191,CUST0791,WH008,2025-12-30,Debit Card,Returned
ORD01192,CUST0782,WH008,2025-05-12,Credit Card,Cancelled
ORD01193,CUST0500,WH001,2025-10-19,Debit Card,Shipped
ORD01194,CUST0419,WH010,2025-07-25,Credit Card,Delivered
ORD01195,CUST0866,WH010,2025-09-20,Debit Card,Delivered
ORD01196,CUST0424,WH009,2025-12-16,Cash,Delivered
ORD01197,CUST0044,WH010,2025-12-16,UPI,Delivered
ORD01198,CUST0717,WH009,2025-05-06,UPI,Delivered
ORD01199,CUST0298,WH007,2025-02-23,Credit Card,Delivered
ORD01200,CUST0229,WH007,2025-02-07,Cash,Delivered
ORD01201,CUST0478,WH008,2025-06-28,Net Banking,Cancelled
ORD01202,CUST0112,WH002,2025-08-27,Credit Card,Delivered
ORD01203,CUST0787,WH007,2025-07-23,Credit Card,Delivered
ORD01204,CUST0325,WH006,2025-02-03,Net Banking,Delivered
ORD01205,CUST0760,WH008,2025-12-26,UPI,Delivered
ORD01206,CUST0559,WH003,2025-01-20,Cash,Delivered
ORD01207,CUST0328,WH010,2025-04-20,UPI,Returned
ORD01208,CUST0064,WH006,2025-07-14,Cash,Returned
ORD01209,CUST0056,WH004,2025-04-20,UPI,Returned
ORD01210,CUST0434,WH005,2025-12-17,Debit Card,Delivered
ORD01211,CUST0146,WH002,2025-02-12,Debit Card,Delivered
ORD01212,CUST0895,WH008,2025-06-02,Cash,Delivered
ORD01213,CUST0915,WH005,2025-12-09,Credit Card,Shipped
ORD01214,CUST0917,WH007,2025-02-17,Debit Card,Returned
ORD01215,CUST0169,WH004,2025-06-02,Debit Card,Cancelled
ORD01216,CUST0487,WH009,2025-09-04,Credit Card,Returned
ORD01217,CUST0364,WH010,2025-08-12,Cash,Shipped
ORD01218,CUST0802,WH010,2025-10-15,Credit Card,Delivered
ORD01219,CUST0593,WH010,2025-12-08,Credit Card,Delivered
ORD01220,CUST0015,WH003,2025-06-12,Cash,Cancelled
ORD01221,CUST0886,WH006,2025-09-13,UPI,Shipped
ORD01222,CUST0417,WH005,2025-12-12,Net Banking,Delivered
ORD01223,CUST0966,WH003,2025-08-19,Cash,Delivered
ORD01224,CUST0100,WH001,2025-10-24,Credit Card,Delivered
ORD01225,CUST0431,WH009,2025-04-07,Credit Card,Delivered
ORD01226,CUST0357,WH004,2025-04-21,Credit Card,Returned
ORD01227,CUST0979,WH001,2025-10-23,Debit Card,Shipped
ORD01228,CUST0310,WH005,2025-01-09,Net Banking,Shipped
ORD01229,CUST0717,WH008,2025-03-05,Cash,Delivered
ORD01230,CUST0361,WH009,2025-06-30,Cash,Delivered
ORD01231,CUST0117,WH003,2025-06-21,Cash,Delivered
ORD01232,CUST0567,WH010,2025-04-01,Credit Card,Delivered
ORD01233,CUST0292,WH007,2025-07-15,Debit Card,Delivered
ORD01234,CUST0090,WH002,2025-02-20,UPI,Delivered
ORD01235,CUST0955,WH007,2025-11-12,UPI,Delivered
ORD01236,CUST0950,WH009,2025-11-16,UPI,Delivered
ORD01237,CUST0596,WH001,2025-09-15,Debit Card,Shipped
ORD01238,CUST0229,WH008,2025-04-19,Net Banking,Delivered
ORD01239,CUST0877,WH008,2025-04-11,UPI,Delivered
ORD01240,CUST0423,WH007,2025-08-26,UPI,Cancelled
ORD01241,CUST0520,WH005,2025-04-25,Debit Card,Cancelled
ORD01242,CUST0315,WH007,2025-05-16,Credit Card,Delivered
ORD01243,CUST0034,WH001,2025-08-01,UPI,Delivered
ORD01244,CUST0861,WH009,2025-07-11,Net Banking,Delivered
ORD01245,CUST0983,WH010,2025-03-29,Cash,Delivered
ORD01246,CUST0198,WH010,2025-07-20,Cash,Shipped
ORD01247,CUST0440,WH003,2025-10-23,Cash,Returned
ORD01248,CUST0413,WH006,2025-03-30,Net Banking,Delivered
ORD01249,CUST0102,WH003,2025-04-29,Net Banking,Delivered
ORD01250,CUST0804,WH007,2025-10-23,Debit Card,Shipped
ORD01251,CUST0972,WH006,2025-03-23,Credit Card,Delivered
ORD01252,CUST0448,WH001,2025-01-14,Net Banking,Delivered
ORD01253,CUST0725,WH009,2025-11-13,UPI,Delivered
ORD01254,CUST0761,WH003,2025-01-13,Cash,Delivered
ORD01255,CUST0192,WH004,2025-07-03,Credit Card,Delivered
ORD01256,CUST0861,WH004,2025-10-02,Cash,Shipped
ORD01257,CUST0053,WH005,2025-12-04,UPI,Cancelled
ORD01258,CUST0024,WH010,2025-11-18,UPI,Delivered
ORD01259,CUST0126,WH002,2025-11-02,Credit Card,Delivered
ORD01260,CUST0096,WH002,2025-04-03,Cash,Shipped
ORD01261,CUST0401,WH002,2025-04-17,Cash,Shipped
ORD01262,CUST0076,WH008,2025-07-31,UPI,Delivered
ORD01263,CUST0385,WH006,2025-08-03,Cash,Shipped
ORD01264,CUST0306,WH001,2025-04-03,Credit Card,Delivered
ORD01265,CUST0622,WH001,2025-11-20,UPI,Returned
ORD01266,CUST0496,WH010,2025-06-27,Net Banking,Delivered
ORD01267,CUST0535,WH005,2025-03-23,UPI,Delivered
ORD01268,CUST0549,WH001,2025-01-16,Net Banking,Delivered
ORD01269,CUST0222,WH006,2025-03-20,UPI,Cancelled
ORD01270,CUST0336,WH003,2025-01-16,Credit Card,Delivered
ORD01271,CUST0963,WH003,2025-12-21,Debit Card,Delivered
ORD01272,CUST0977,WH002,2025-04-13,Debit Card,Delivered
ORD01273,CUST0302,WH008,2025-11-30,Cash,Delivered
ORD01274,CUST0945,WH004,2025-07-24,Debit Card,Delivered
ORD01275,CUST0867,WH005,2025-12-18,Cash,Delivered
ORD01276,CUST0320,WH003,2025-10-28,Credit Card,Returned
ORD01277,CUST0444,WH008,2025-09-07,Cash,Delivered
ORD01278,CUST0836,WH006,2025-05-20,Net Banking,Delivered
ORD01279,CUST0440,WH004,2025-07-16,Net Banking,Delivered
ORD01280,CUST0840,WH002,2025-11-20,Cash,Delivered
ORD01281,CUST0982,WH009,2025-01-18,Debit Card,Delivered
ORD01282,CUST0619,WH009,2025-05-31,Debit Card,Delivered
ORD01283,CUST0185,WH006,2025-02-28,Cash,Shipped
ORD01284,CUST0252,WH002,2025-07-03,Credit Card,Delivered
ORD01285,CUST0149,WH006,2025-07-10,UPI,Delivered
ORD01286,CUST0012,WH006,2025-12-19,Credit Card,Delivered
ORD01287,CUST0921,WH004,2025-06-14,Net Banking,Delivered
ORD01288,CUST0617,WH004,2025-05-26,Net Banking,Delivered
ORD01289,CUST0285,WH010,2025-10-15,UPI,Delivered
ORD01290,CUST0432,WH007,2025-11-27,Debit Card,Shipped
ORD01291,CUST0202,WH001,2025-04-12,Cash,Delivered
ORD01292,CUST0432,WH002,2025-05-21,UPI,Delivered
ORD01293,CUST0335,WH010,2025-11-04,Cash,Delivered
ORD01294,CUST0292,WH001,2025-01-11,Net Banking,Returned
ORD01295,CUST0292,WH003,2025-08-25,Cash,Delivered
ORD01296,CUST0941,WH009,2025-10-01,UPI,Delivered
ORD01297,CUST0072,WH008,2025-01-09,UPI,Shipped
ORD01298,CUST0741,WH005,2025-08-01,Debit Card,Delivered
ORD01299,CUST0410,WH002,2025-06-27,Net Banking,Shipped
ORD01300,CUST0628,WH001,2025-09-10,Cash,Delivered
ORD01301,CUST0506,WH002,2025-08-21,Debit Card,Cancelled
ORD01302,CUST0030,WH004,2025-02-22,UPI,Shipped
ORD01303,CUST0108,WH006,2025-03-13,Cash,Delivered
ORD01304,CUST0196,WH006,2025-02-15,Net Banking,Returned
ORD01305,CUST0889,WH001,2025-12-19,Debit Card,Cancelled
ORD01306,CUST0114,WH001,2025-01-23,Debit Card,Delivered
ORD01307,CUST0705,WH010,2025-06-18,Cash,Delivered
ORD01308,CUST0948,WH003,2025-03-29,Net Banking,Delivered
ORD01309,CUST0327,WH003,2025-03-06,Net Banking,Cancelled
ORD01310,CUST0653,WH008,2025-07-31,UPI,Delivered
ORD01311,CUST0592,WH008,2025-05-04,Cash,Returned
ORD01312,CUST0792,WH008,2025-06-14,Credit Card,Delivered
ORD01313,CUST0729,WH002,2025-06-01,Debit Card,Delivered
ORD01314,CUST0676,WH004,2025-05-05,UPI,Delivered
ORD01315,CUST0062,WH004,2025-09-11,UPI,Delivered
ORD01316,CUST0839,WH007,2025-08-28,Credit Card,Delivered
ORD01317,CUST0214,WH010,2025-06-24,Net Banking,Delivered
ORD01318,CUST0779,WH005,2025-06-10,Cash,Delivered
ORD01319,CUST0109,WH003,2025-09-16,Credit Card,Cancelled
ORD01320,CUST0999,WH008,2025-07-17,Net Banking,Delivered
ORD01321,CUST0193,WH002,2025-07-24,Debit Card,Delivered
ORD01322,CUST0315,WH010,2025-12-18,UPI,Delivered
ORD01323,CUST0763,WH002,2025-02-24,Credit Card,Delivered
ORD01324,CUST0192,WH005,2025-08-24,UPI,Delivered
ORD01325,CUST0464,WH006,2025-09-29,Debit Card,Delivered
ORD01326,CUST0087,WH006,2025-10-09,Cash,Delivered
ORD01327,CUST0515,WH007,2025-07-23,Net Banking,Delivered
ORD01328,CUST0280,WH006,2025-08-14,UPI,Delivered
ORD01329,CUST0750,WH007,2025-07-15,Credit Card,Delivered
ORD01330,CUST0181,WH010,2025-07-26,Debit Card,Delivered
ORD01331,CUST0532,WH007,2025-09-10,UPI,Delivered
ORD01332,CUST0255,WH002,2025-11-27,Credit Card,Delivered
ORD01333,CUST0590,WH005,2025-01-19,Credit Card,Delivered
ORD01334,CUST0283,WH004,2025-02-21,Net Banking,Delivered
ORD01335,CUST0402,WH007,2025-07-27,UPI,Delivered
ORD01336,CUST0275,WH008,2025-12-21,Credit Card,Delivered
ORD01337,CUST0356,WH005,2025-04-15,Net Banking,Delivered
ORD01338,CUST0097,WH003,2025-01-02,Net Banking,Cancelled
ORD01339,CUST0489,WH005,2025-11-15,Credit Card,Delivered
ORD01340,CUST0072,WH003,2025-12-15,Credit Card,Delivered
ORD01341,CUST0146,WH001,2025-08-22,Cash,Delivered
ORD01342,CUST0182,WH005,2025-01-11,UPI,Delivered
ORD01343,CUST0609,WH006,2025-01-05,Cash,Delivered
ORD01344,CUST0895,WH004,2025-09-08,Cash,Delivered
ORD01345,CUST0581,WH005,2025-01-09,Credit Card,Delivered
ORD01346,CUST0774,WH003,2025-03-27,UPI,Delivered
ORD01347,CUST0464,WH008,2025-06-21,Debit Card,Returned
ORD01348,CUST0680,WH008,2025-05-12,Debit Card,Delivered
ORD01349,CUST0848,WH006,2025-01-07,Debit Card,Delivered
ORD01350,CUST0794,WH010,2025-09-23,Cash,Delivered
ORD01351,CUST0532,WH001,2025-12-18,Credit Card,Returned
ORD01352,CUST0676,WH003,2025-04-23,Debit Card,Delivered
ORD01353,CUST0592,WH007,2025-05-06,Debit Card,Delivered
ORD01354,CUST0199,WH007,2025-02-15,UPI,Returned
ORD01355,CUST0696,WH009,2025-11-17,Cash,Returned
ORD01356,CUST0180,WH005,2025-09-27,Debit Card,Cancelled
ORD01357,CUST0604,WH007,2025-07-20,Debit Card,Delivered
ORD01358,CUST0594,WH009,2025-01-22,Debit Card,Shipped
ORD01359,CUST0444,WH008,2025-03-04,Net Banking,Returned
ORD01360,CUST0296,WH002,2025-06-27,UPI,Delivered
ORD01361,CUST0151,WH008,2025-12-17,Credit Card,Delivered
ORD01362,CUST0639,WH009,2025-05-29,Credit Card,Delivered
ORD01363,CUST0067,WH005,2025-05-28,UPI,Delivered
ORD01364,CUST0290,WH010,2025-04-22,UPI,Delivered
ORD01365,CUST0006,WH007,2025-06-06,Debit Card,Delivered
ORD01366,CUST0052,WH005,2025-01-01,Credit Card,Delivered
ORD01367,CUST0805,WH009,2025-05-26,Net Banking,Delivered
ORD01368,CUST0731,WH005,2025-02-14,Credit Card,Returned
ORD01369,CUST0443,WH010,2025-04-11,UPI,Delivered
ORD01370,CUST0485,WH006,2025-01-17,Credit Card,Shipped
ORD01371,CUST0396,WH007,2025-11-23,Cash,Returned
ORD01372,CUST0915,WH005,2025-02-20,Debit Card,Delivered
ORD01373,CUST0578,WH007,2025-03-30,Debit Card,Shipped
ORD01374,CUST0700,WH004,2025-03-13,Debit Card,Delivered
ORD01375,CUST0205,WH005,2025-10-11,Debit Card,Delivered
ORD01376,CUST0950,WH008,2025-10-18,Net Banking,Delivered
ORD01377,CUST0099,WH003,2025-08-12,Net Banking,Delivered
ORD01378,CUST0516,WH006,2025-06-10,Cash,Delivered
ORD01379,CUST0431,WH007,2025-08-27,Cash,Delivered
ORD01380,CUST0028,WH007,2025-10-14,UPI,Shipped
ORD01381,CUST0929,WH005,2025-11-11,Credit Card,Delivered
ORD01382,CUST0131,WH010,2025-07-11,Net Banking,Cancelled
ORD01383,CUST0055,WH007,2025-05-31,Credit Card,Delivered
ORD01384,CUST0474,WH009,2025-01-04,Cash,Shipped
ORD01385,CUST0057,WH005,2025-02-13,UPI,Delivered
ORD01386,CUST0842,WH005,2025-02-19,Net Banking,Delivered
ORD01387,CUST0886,WH001,2025-06-19,UPI,Delivered
ORD01388,CUST0524,WH001,2025-12-12,Credit Card,Delivered
ORD01389,CUST0759,WH008,2025-10-15,Credit Card,Delivered
ORD01390,CUST0656,WH003,2025-12-12,Debit Card,Delivered
ORD01391,CUST0825,WH008,2025-01-04,Net Banking,Delivered
ORD01392,CUST0069,WH001,2025-02-28,Credit Card,Delivered
ORD01393,CUST0533,WH002,2025-03-03,Credit Card,Delivered
ORD01394,CUST0026,WH009,2025-08-31,Cash,Delivered
ORD01395,CUST0308,WH007,2025-03-04,Cash,Returned
ORD01396,CUST0862,WH009,2025-05-01,Debit Card,Shipped
ORD01397,CUST0450,WH010,2025-12-15,UPI,Delivered
ORD01398,CUST0023,WH003,2025-11-22,Credit Card,Shipped
ORD01399,CUST0247,WH003,2025-12-03,Net Banking,Delivered
ORD01400,CUST0206,WH008,2025-10-07,Cash,Delivered
ORD01401,CUST0103,WH010,2025-12-08,Cash,Delivered
ORD01402,CUST0401,WH007,2025-05-21,UPI,Delivered
ORD01403,CUST0152,WH001,2025-08-06,Debit Card,Delivered
ORD01404,CUST0399,WH001,2025-10-16,Net Banking,Delivered
ORD01405,CUST0667,WH010,2025-11-27,Cash,Delivered
ORD01406,CUST0986,WH003,2025-07-01,Cash,Cancelled
ORD01407,CUST0284,WH001,2025-08-23,Credit Card,Delivered
ORD01408,CUST0216,WH006,2025-09-15,Net Banking,Delivered
ORD01409,CUST0179,WH003,2025-02-02,Debit Card,Delivered
ORD01410,CUST0348,WH008,2025-10-16,Credit Card,Delivered
ORD01411,CUST0311,WH007,2025-12-04,UPI,Cancelled
ORD01412,CUST0496,WH007,2025-11-27,Cash,Delivered
ORD01413,CUST0590,WH009,2025-04-03,Net Banking,Delivered
ORD01414,CUST0332,WH010,2025-12-24,Net Banking,Delivered
ORD01415,CUST0850,WH007,2025-11-13,UPI,Delivered
ORD01416,CUST0238,WH002,2025-03-23,UPI,Delivered
ORD01417,CUST0488,WH006,2025-12-14,Credit Card,Returned
ORD01418,CUST0108,WH003,2025-05-02,Cash,Shipped
ORD01419,CUST0945,WH002,2025-08-04,UPI,Delivered
ORD01420,CUST0039,WH002,2025-02-28,Cash,Shipped
ORD01421,CUST0647,WH001,2025-11-07,Credit Card,Delivered
ORD01422,CUST0461,WH007,2025-12-24,Credit Card,Returned
ORD01423,CUST0570,WH004,2025-10-21,Credit Card,Delivered
ORD01424,CUST0696,WH005,2025-08-13,Credit Card,Delivered
ORD01425,CUST0445,WH009,2025-03-24,Credit Card,Delivered
ORD01426,CUST0645,WH002,2025-01-13,Credit Card,Delivered
ORD01427,CUST0915,WH001,2025-03-13,Debit Card,Shipped
ORD01428,CUST0560,WH002,2025-10-18,Debit Card,Delivered
ORD01429,CUST0541,WH008,2025-11-25,Credit Card,Shipped
ORD01430,CUST0848,WH008,2025-10-20,Net Banking,Delivered
ORD01431,CUST0922,WH009,2025-11-13,Credit Card,Shipped
ORD01432,CUST0438,WH007,2025-08-13,UPI,Delivered
ORD01433,CUST0802,WH009,2025-03-07,Debit Card,Delivered
ORD01434,CUST0237,WH001,2025-09-13,Net Banking,Delivered
ORD01435,CUST0230,WH005,2025-01-12,Debit Card,Delivered
ORD01436,CUST0070,WH003,2025-07-03,Debit Card,Delivered
ORD01437,CUST0248,WH009,2025-10-22,Net Banking,Delivered
ORD01438,CUST0634,WH001,2025-07-24,Net Banking,Delivered
ORD01439,CUST0597,WH008,2025-02-26,Debit Card,Delivered
ORD01440,CUST0347,WH007,2025-01-17,Debit Card,Delivered
ORD01441,CUST0143,WH004,2025-01-31,Net Banking,Shipped
ORD01442,CUST0947,WH001,2025-06-18,Credit Card,Delivered
ORD01443,CUST0927,WH010,2025-10-16,UPI,Delivered
ORD01444,CUST0973,WH007,2025-02-06,Net Banking,Delivered
ORD01445,CUST0909,WH009,2025-02-11,Cash,Cancelled
ORD01446,CUST0741,WH001,2025-05-19,UPI,Delivered
ORD01447,CUST0231,WH006,2025-09-17,Cash,Delivered
ORD01448,CUST0022,WH001,2025-04-27,UPI,Shipped
ORD01449,CUST0548,WH010,2025-04-11,Cash,Delivered
ORD01450,CUST0566,WH008,2025-01-10,UPI,Delivered
ORD01451,CUST0713,WH003,2025-07-13,Cash,Delivered
ORD01452,CUST0142,WH002,2025-10-09,Cash,Delivered
ORD01453,CUST0926,WH006,2025-11-12,Debit Card,Delivered
ORD01454,CUST0941,WH001,2025-08-12,Credit Card,Delivered
ORD01455,CUST0011,WH004,2025-10-29,Cash,Delivered
ORD01456,CUST0582,WH001,2025-10-02,UPI,Cancelled
ORD01457,CUST0833,WH001,2025-05-08,UPI,Delivered
ORD01458,CUST0185,WH005,2025-08-13,UPI,Delivered
ORD01459,CUST0671,WH004,2025-11-05,Debit Card,Delivered
ORD01460,CUST0491,WH002,2025-07-23,UPI,Delivered
ORD01461,CUST0211,WH008,2025-10-06,Debit Card,Cancelled
ORD01462,CUST0455,WH005,2025-04-23,Debit Card,Shipped
ORD01463,CUST0890,WH004,2025-05-30,Net Banking,Cancelled
ORD01464,CUST0715,WH009,2025-06-13,Net Banking,Delivered
ORD01465,CUST0923,WH007,2025-06-27,Net Banking,Delivered
ORD01466,CUST0209,WH003,2025-02-10,Net Banking,Delivered
ORD01467,CUST0216,WH002,2025-10-11,Debit Card,Delivered
ORD01468,CUST0037,WH004,2025-03-14,Cash,Delivered
ORD01469,CUST0976,WH002,2025-08-21,UPI,Delivered
ORD01470,CUST0277,WH005,2025-01-18,Net Banking,Delivered
ORD01471,CUST0062,WH005,2025-02-13,Net Banking,Delivered
ORD01472,CUST0884,WH007,2025-01-10,Cash,Delivered
ORD01473,CUST0211,WH007,2025-04-25,Credit Card,Delivered
ORD01474,CUST0054,WH005,2025-09-30,UPI,Delivered
ORD01475,CUST0960,WH001,2025-06-28,Net Banking,Shipped
ORD01476,CUST0945,WH005,2025-06-22,Net Banking,Delivered
ORD01477,CUST0350,WH010,2025-01-15,Cash,Shipped
ORD01478,CUST0827,WH002,2025-01-30,Net Banking,Delivered
ORD01479,CUST0295,WH009,2025-12-14,Cash,Delivered
ORD01480,CUST0788,WH009,2025-10-18,Debit Card,Delivered
ORD01481,CUST0479,WH004,2025-07-15,Credit Card,Cancelled
ORD01482,CUST0819,WH005,2025-05-24,UPI,Returned
ORD01483,CUST0303,WH006,2025-10-05,Net Banking,Delivered
ORD01484,CUST0281,WH006,2025-11-12,Debit Card,Delivered
ORD01485,CUST0830,WH010,2025-12-01,UPI,Delivered
ORD01486,CUST0677,WH006,2025-10-19,Debit Card,Shipped
ORD01487,CUST0474,WH001,2025-08-16,Cash,Delivered
ORD01488,CUST0990,WH006,2025-01-19,Cash,Delivered
ORD01489,CUST0224,WH007,2025-10-12,UPI,Delivered
ORD01490,CUST0284,WH010,2025-02-10,Net Banking,Delivered
ORD01491,CUST0452,WH003,2025-02-02,Debit Card,Shipped
ORD01492,CUST0266,WH008,2025-05-22,Credit Card,Delivered
ORD01493,CUST0151,WH010,2025-03-31,UPI,Delivered
ORD01494,CUST0040,WH003,2025-12-02,Net Banking,Shipped
ORD01495,CUST0325,WH001,2025-10-24,Net Banking,Delivered
ORD01496,CUST0975,WH005,2025-02-01,Debit Card,Delivered
ORD01497,CUST0554,WH001,2025-06-30,Net Banking,Delivered
ORD01498,CUST0080,WH009,2025-02-25,Cash,Delivered
ORD01499,CUST0243,WH004,2025-02-09,Debit Card,Delivered
ORD01500,CUST0426,WH002,2025-12-15,Cash,Cancelled
ORD01501,CUST0026,WH006,2025-03-15,Net Banking,Shipped
ORD01502,CUST0999,WH007,2025-06-21,Debit Card,Delivered
ORD01503,CUST0637,WH001,2025-05-31,Credit Card,Delivered
ORD01504,CUST0953,WH003,2025-05-29,Net Banking,Delivered
ORD01505,CUST0217,WH006,2025-11-08,Net Banking,Delivered
ORD01506,CUST0803,WH010,2025-09-18,Debit Card,Cancelled
ORD01507,CUST0851,WH010,2025-07-13,UPI,Delivered
ORD01508,CUST0391,WH002,2025-03-18,UPI,Returned
ORD01509,CUST0579,WH009,2025-04-25,Net Banking,Delivered
ORD01510,CUST0552,WH002,2025-08-03,Net Banking,Shipped
ORD01511,CUST0484,WH009,2025-11-07,Net Banking,Delivered
ORD01512,CUST0200,WH010,2025-05-18,Debit Card,Cancelled
ORD01513,CUST0249,WH006,2025-06-18,Credit Card,Delivered
ORD01514,CUST0710,WH004,2025-03-01,Cash,Delivered
ORD01515,CUST0371,WH002,2025-07-29,Debit Card,Delivered
ORD01516,CUST0937,WH006,2025-02-09,Cash,Delivered
ORD01517,CUST0806,WH007,2025-08-18,Credit Card,Delivered
ORD01518,CUST0948,WH009,2025-03-06,Credit Card,Shipped
ORD01519,CUST0691,WH010,2025-07-28,Credit Card,Delivered
ORD01520,CUST0350,WH006,2025-05-27,UPI,Delivered
ORD01521,CUST0518,WH003,2025-08-04,Net Banking,Delivered
ORD01522,CUST0922,WH003,2025-04-12,Cash,Delivered
ORD01523,CUST0429,WH005,2025-03-03,Net Banking,Delivered
ORD01524,CUST0761,WH002,2025-08-29,Credit Card,Shipped
ORD01525,CUST0025,WH003,2025-08-09,UPI,Delivered
ORD01526,CUST0941,WH007,2025-09-29,Cash,Delivered
ORD01527,CUST0714,WH009,2025-07-25,Credit Card,Delivered
ORD01528,CUST0345,WH006,2025-03-02,Net Banking,Delivered
ORD01529,CUST0740,WH001,2025-02-25,UPI,Delivered
ORD01530,CUST0973,WH008,2025-07-01,Cash,Delivered
ORD01531,CUST0297,WH008,2025-08-12,Credit Card,Delivered
ORD01532,CUST0939,WH009,2025-10-29,UPI,Delivered
ORD01533,CUST0608,WH010,2025-01-04,Debit Card,Delivered
ORD01534,CUST0389,WH006,2025-08-21,Cash,Delivered
ORD01535,CUST0287,WH002,2025-10-29,Credit Card,Delivered
ORD01536,CUST0050,WH010,2025-06-24,Net Banking,Cancelled
ORD01537,CUST0521,WH007,2025-10-24,Debit Card,Delivered
ORD01538,CUST0776,WH003,2025-06-13,Credit Card,Delivered
ORD01539,CUST0441,WH009,2025-04-18,Debit Card,Delivered
ORD01540,CUST0322,WH002,2025-11-12,Debit Card,Delivered
ORD01541,CUST0295,WH005,2025-03-02,Cash,Delivered
ORD01542,CUST0296,WH005,2025-03-28,Net Banking,Shipped
ORD01543,CUST0683,WH005,2025-04-29,Credit Card,Delivered
ORD01544,CUST0859,WH009,2025-10-10,Credit Card,Delivered
ORD01545,CUST0983,WH009,2025-01-21,Net Banking,Shipped
ORD01546,CUST0501,WH001,2025-01-04,Debit Card,Delivered
ORD01547,CUST0437,WH008,2025-10-20,Net Banking,Delivered
ORD01548,CUST0303,WH002,2025-08-21,UPI,Delivered
ORD01549,CUST0506,WH005,2025-08-10,UPI,Shipped
ORD01550,CUST0750,WH002,2025-05-23,Debit Card,Shipped
ORD01551,CUST0745,WH002,2025-04-24,Debit Card,Delivered
ORD01552,CUST0283,WH008,2025-06-21,Net Banking,Delivered
ORD01553,CUST0724,WH006,2025-02-07,UPI,Delivered
ORD01554,CUST0814,WH009,2025-12-28,Debit Card,Delivered
ORD01555,CUST0677,WH001,2025-10-13,UPI,Delivered
ORD01556,CUST0386,WH004,2025-10-28,Credit Card,Delivered
ORD01557,CUST0497,WH003,2025-03-19,Cash,Delivered
ORD01558,CUST0651,WH002,2025-04-12,Net Banking,Shipped
ORD01559,CUST0004,WH007,2025-04-20,UPI,Delivered
ORD01560,CUST0214,WH003,2025-11-09,UPI,Delivered
ORD01561,CUST0629,WH007,2025-05-15,Net Banking,Delivered
ORD01562,CUST0496,WH009,2025-06-28,Credit Card,Cancelled
ORD01563,CUST0897,WH005,2025-04-29,Cash,Delivered
ORD01564,CUST0402,WH010,2025-11-19,Debit Card,Delivered
ORD01565,CUST0099,WH004,2025-06-01,UPI,Returned
ORD01566,CUST0430,WH008,2025-05-28,Debit Card,Delivered
ORD01567,CUST0119,WH003,2025-08-06,Cash,Returned
ORD01568,CUST0117,WH006,2025-12-05,Cash,Delivered
ORD01569,CUST0861,WH008,2025-09-05,Net Banking,Delivered
ORD01570,CUST0030,WH005,2025-05-01,Debit Card,Delivered
ORD01571,CUST0063,WH009,2025-07-29,Debit Card,Delivered
ORD01572,CUST0422,WH007,2025-06-12,Cash,Delivered
ORD01573,CUST0935,WH001,2025-05-14,Debit Card,Delivered
ORD01574,CUST0348,WH001,2025-04-23,Debit Card,Delivered
ORD01575,CUST0587,WH003,2025-04-24,Net Banking,Delivered
ORD01576,CUST0113,WH010,2025-11-17,Net Banking,Delivered
ORD01577,CUST0553,WH001,2025-11-06,UPI,Shipped
ORD01578,CUST0800,WH006,2025-02-16,Debit Card,Shipped
ORD01579,CUST0065,WH001,2025-10-11,Net Banking,Delivered
ORD01580,CUST0204,WH003,2025-10-02,Net Banking,Delivered
ORD01581,CUST0298,WH003,2025-04-28,Debit Card,Delivered
ORD01582,CUST0567,WH004,2025-04-21,UPI,Delivered
ORD01583,CUST0774,WH009,2025-01-11,UPI,Delivered
ORD01584,CUST0044,WH003,2025-09-06,Debit Card,Delivered
ORD01585,CUST0647,WH004,2025-04-28,UPI,Delivered
ORD01586,CUST0833,WH007,2025-03-05,Cash,Delivered
ORD01587,CUST0883,WH002,2025-05-19,UPI,Delivered
ORD01588,CUST0781,WH007,2025-12-27,UPI,Delivered
ORD01589,CUST0620,WH003,2025-10-05,UPI,Delivered
ORD01590,CUST0199,WH010,2025-07-20,Debit Card,Shipped
ORD01591,CUST0525,WH001,2025-08-06,Debit Card,Delivered
ORD01592,CUST0103,WH005,2025-04-14,Net Banking,Delivered
ORD01593,CUST0440,WH002,2025-05-30,Credit Card,Returned
ORD01594,CUST0286,WH008,2025-10-15,Debit Card,Cancelled
ORD01595,CUST0519,WH004,2025-10-01,Cash,Delivered
ORD01596,CUST0746,WH007,2025-09-12,Debit Card,Shipped
ORD01597,CUST0464,WH004,2025-02-25,Net Banking,Returned
ORD01598,CUST0790,WH004,2025-07-23,Cash,Delivered
ORD01599,CUST0112,WH005,2025-10-16,Debit Card,Delivered
ORD01600,CUST1000,WH002,2025-11-19,UPI,Delivered
ORD01601,CUST0886,WH008,2025-04-17,Net Banking,Delivered
ORD01602,CUST0413,WH010,2025-03-14,Cash,Delivered
ORD01603,CUST0779,WH004,2025-10-18,UPI,Shipped
ORD01604,CUST0422,WH005,2025-05-10,Debit Card,Shipped
ORD01605,CUST0330,WH010,2025-01-19,Net Banking,Delivered
ORD01606,CUST0275,WH004,2025-01-03,Net Banking,Shipped
ORD01607,CUST0512,WH006,2025-10-07,Credit Card,Delivered
ORD01608,CUST0495,WH009,2025-12-29,Net Banking,Shipped
ORD01609,CUST0944,WH002,2025-02-11,Cash,Delivered
ORD01610,CUST0131,WH001,2025-07-12,Credit Card,Delivered
ORD01611,CUST0171,WH004,2025-03-04,Cash,Shipped
ORD01612,CUST0040,WH007,2025-02-28,Cash,Delivered
ORD01613,CUST0499,WH003,2025-09-26,Net Banking,Delivered
ORD01614,CUST0304,WH002,2025-01-05,Cash,Returned
ORD01615,CUST0278,WH009,2025-12-13,Debit Card,Delivered
ORD01616,CUST0578,WH003,2025-07-10,Credit Card,Delivered
ORD01617,CUST0210,WH010,2025-12-17,Debit Card,Delivered
ORD01618,CUST0484,WH008,2025-05-09,Credit Card,Cancelled
ORD01619,CUST0169,WH009,2025-03-11,Cash,Delivered
ORD01620,CUST0184,WH003,2025-08-02,Cash,Delivered
ORD01621,CUST0320,WH004,2025-01-03,Credit Card,Delivered
ORD01622,CUST0470,WH006,2025-10-03,UPI,Delivered
ORD01623,CUST0609,WH003,2025-08-28,UPI,Delivered
ORD01624,CUST0905,WH004,2025-10-14,Debit Card,Delivered
ORD01625,CUST0282,WH005,2025-04-09,Cash,Delivered
ORD01626,CUST0377,WH010,2025-06-06,Cash,Cancelled
ORD01627,CUST0555,WH004,2025-10-15,UPI,Delivered
ORD01628,CUST0749,WH004,2025-02-22,Debit Card,Delivered
ORD01629,CUST0105,WH003,2025-10-16,Net Banking,Delivered
ORD01630,CUST0339,WH010,2025-07-16,Net Banking,Delivered
ORD01631,CUST0685,WH008,2025-11-12,Credit Card,Delivered
ORD01632,CUST0222,WH002,2025-04-29,Net Banking,Delivered
ORD01633,CUST0487,WH001,2025-03-26,Debit Card,Delivered
ORD01634,CUST0141,WH009,2025-01-27,Cash,Delivered
ORD01635,CUST0335,WH005,2025-08-30,Net Banking,Shipped
ORD01636,CUST0574,WH007,2025-05-04,Cash,Shipped
ORD01637,CUST0486,WH006,2025-12-28,Debit Card,Shipped
ORD01638,CUST0544,WH002,2025-06-12,Net Banking,Shipped
ORD01639,CUST0969,WH005,2025-03-27,Credit Card,Shipped
ORD01640,CUST0453,WH008,2025-10-14,Debit Card,Delivered
ORD01641,CUST0922,WH007,2025-10-13,Debit Card,Delivered
ORD01642,CUST0876,WH008,2025-07-07,Debit Card,Delivered
ORD01643,CUST0632,WH009,2025-04-20,Credit Card,Delivered
ORD01644,CUST0956,WH001,2025-04-02,Credit Card,Delivered
ORD01645,CUST0200,WH001,2025-09-27,Net Banking,Delivered
ORD01646,CUST0933,WH006,2025-02-18,Debit Card,Delivered
ORD01647,CUST0622,WH005,2025-01-07,UPI,Delivered
ORD01648,CUST0491,WH007,2025-11-25,UPI,Returned
ORD01649,CUST0260,WH005,2025-12-27,UPI,Returned
ORD01650,CUST0884,WH008,2025-01-16,Net Banking,Delivered
ORD01651,CUST0178,WH008,2025-09-09,Net Banking,Shipped
ORD01652,CUST0379,WH001,2025-01-20,Net Banking,Cancelled
ORD01653,CUST0723,WH003,2025-03-20,Credit Card,Delivered
ORD01654,CUST0058,WH008,2025-03-03,UPI,Delivered
ORD01655,CUST0285,WH004,2025-10-06,Net Banking,Delivered
ORD01656,CUST0858,WH006,2025-06-20,Credit Card,Cancelled
ORD01657,CUST0740,WH006,2025-10-28,Net Banking,Delivered
ORD01658,CUST0413,WH007,2025-12-07,UPI,Delivered
ORD01659,CUST0152,WH005,2025-09-14,UPI,Delivered
ORD01660,CUST0283,WH010,2025-01-23,Credit Card,Delivered
ORD01661,CUST0178,WH001,2025-07-29,Debit Card,Delivered
ORD01662,CUST0121,WH006,2025-06-29,Cash,Delivered
ORD01663,CUST0089,WH010,2025-12-23,Cash,Delivered
ORD01664,CUST0187,WH002,2025-02-16,Credit Card,Delivered
ORD01665,CUST0989,WH001,2025-11-17,Credit Card,Shipped
ORD01666,CUST0654,WH006,2025-04-22,Cash,Delivered
ORD01667,CUST0316,WH004,2025-05-07,Credit Card,Delivered
ORD01668,CUST0723,WH005,2025-07-14,Credit Card,Delivered
ORD01669,CUST0324,WH007,2025-10-17,Credit Card,Shipped
ORD01670,CUST0905,WH004,2025-05-20,Credit Card,Returned
ORD01671,CUST0715,WH008,2025-05-13,Debit Card,Delivered
ORD01672,CUST0593,WH006,2025-07-01,Debit Card,Shipped
ORD01673,CUST0461,WH003,2025-09-25,UPI,Cancelled
ORD01674,CUST0395,WH003,2025-10-27,Net Banking,Delivered
ORD01675,CUST0445,WH006,2025-12-26,Debit Card,Delivered
ORD01676,CUST0992,WH009,2025-12-25,Net Banking,Shipped
ORD01677,CUST0093,WH009,2025-05-18,Credit Card,Delivered
ORD01678,CUST0268,WH001,2025-08-28,UPI,Delivered
ORD01679,CUST0191,WH008,2025-11-20,Credit Card,Delivered
ORD01680,CUST0382,WH010,2025-06-15,Cash,Delivered
ORD01681,CUST0331,WH002,2025-01-18,Debit Card,Shipped
ORD01682,CUST0163,WH007,2025-01-05,Cash,Delivered
ORD01683,CUST0925,WH002,2025-11-28,Credit Card,Cancelled
ORD01684,CUST0167,WH008,2025-06-06,Net Banking,Delivered
ORD01685,CUST0450,WH010,2025-01-12,Cash,Delivered
ORD01686,CUST0446,WH007,2025-12-22,Cash,Shipped
ORD01687,CUST0741,WH006,2025-05-10,Net Banking,Delivered
ORD01688,CUST0411,WH005,2025-12-14,UPI,Returned
ORD01689,CUST0782,WH009,2025-04-30,UPI,Delivered
ORD01690,CUST0977,WH010,2025-05-18,Cash,Delivered
ORD01691,CUST0525,WH003,2025-03-25,Debit Card,Cancelled
ORD01692,CUST0966,WH009,2025-12-24,Credit Card,Returned
ORD01693,CUST0770,WH003,2025-10-18,Credit Card,Delivered
ORD01694,CUST0994,WH002,2025-01-28,Debit Card,Shipped
ORD01695,CUST0821,WH006,2025-03-14,Cash,Delivered
ORD01696,CUST0001,WH003,2025-08-24,Credit Card,Cancelled
ORD01697,CUST0315,WH002,2025-06-04,Credit Card,Delivered
ORD01698,CUST0448,WH002,2025-04-15,Credit Card,Delivered
ORD01699,CUST0866,WH006,2025-10-12,UPI,Delivered
ORD01700,CUST0103,WH008,2025-06-26,Net Banking,Delivered
ORD01701,CUST0218,WH008,2025-12-24,Cash,Shipped
ORD01702,CUST0249,WH002,2025-12-28,Cash,Delivered
ORD01703,CUST0410,WH006,2025-03-10,Debit Card,Shipped
ORD01704,CUST0612,WH007,2025-08-06,Net Banking,Delivered
ORD01705,CUST0686,WH010,2025-09-08,UPI,Delivered
ORD01706,CUST0183,WH004,2025-11-08,Debit Card,Delivered
ORD01707,CUST0843,WH001,2025-09-14,Net Banking,Delivered
ORD01708,CUST0937,WH002,2025-07-23,Credit Card,Delivered
ORD01709,CUST0046,WH004,2025-04-07,Debit Card,Delivered
ORD01710,CUST0394,WH003,2025-06-23,Cash,Delivered
ORD01711,CUST0397,WH008,2025-06-09,UPI,Delivered
ORD01712,CUST0184,WH003,2025-08-04,Cash,Delivered
ORD01713,CUST0477,WH002,2025-02-24,Debit Card,Delivered
ORD01714,CUST0672,WH007,2025-02-21,UPI,Delivered
ORD01715,CUST0589,WH009,2025-03-07,Cash,Delivered
ORD01716,CUST0498,WH007,2025-01-06,Cash,Shipped
ORD01717,CUST0436,WH005,2025-06-05,UPI,Delivered
ORD01718,CUST0515,WH006,2025-08-19,Cash,Delivered
ORD01719,CUST0996,WH006,2025-10-01,UPI,Shipped
ORD01720,CUST0545,WH007,2025-08-06,UPI,Delivered
ORD01721,CUST0971,WH010,2025-06-22,Debit Card,Delivered
ORD01722,CUST0746,WH008,2025-11-11,Cash,Delivered
ORD01723,CUST0041,WH002,2025-05-25,Cash,Delivered
ORD01724,CUST0911,WH010,2025-01-26,Debit Card,Delivered
ORD01725,CUST0692,WH005,2025-06-22,UPI,Delivered
ORD01726,CUST0301,WH006,2025-04-02,Cash,Delivered
ORD01727,CUST0305,WH001,2025-06-16,Net Banking,Delivered
ORD01728,CUST0545,WH007,2025-01-19,Credit Card,Delivered
ORD01729,CUST0097,WH003,2025-10-01,Credit Card,Delivered
ORD01730,CUST0915,WH005,2025-08-09,Debit Card,Returned
ORD01731,CUST0633,WH004,2025-12-19,Net Banking,Delivered
ORD01732,CUST0079,WH006,2025-01-21,Debit Card,Delivered
ORD01733,CUST0742,WH002,2025-11-08,Cash,Delivered
ORD01734,CUST0346,WH005,2025-02-10,Cash,Delivered
ORD01735,CUST0974,WH005,2025-04-05,UPI,Shipped
ORD01736,CUST0989,WH002,2025-08-10,Credit Card,Delivered
ORD01737,CUST0631,WH009,2025-06-05,Net Banking,Shipped
ORD01738,CUST0711,WH001,2025-05-05,Debit Card,Delivered
ORD01739,CUST0779,WH007,2025-04-21,Debit Card,Delivered
ORD01740,CUST0284,WH009,2025-04-06,UPI,Delivered
ORD01741,CUST0695,WH005,2025-04-03,Debit Card,Delivered
ORD01742,CUST0020,WH007,2025-04-17,Credit Card,Delivered
ORD01743,CUST0614,WH006,2025-08-25,UPI,Delivered
ORD01744,CUST0727,WH006,2025-01-10,Credit Card,Delivered
ORD01745,CUST0746,WH010,2025-05-28,Cash,Delivered
ORD01746,CUST0610,WH006,2025-11-22,Net Banking,Delivered
ORD01747,CUST0013,WH006,2025-10-13,Debit Card,Delivered
ORD01748,CUST0156,WH008,2025-08-16,Cash,Delivered
ORD01749,CUST0175,WH007,2025-12-24,Debit Card,Delivered
ORD01750,CUST0873,WH010,2025-12-05,UPI,Delivered
ORD01751,CUST0354,WH002,2025-10-15,Credit Card,Delivered
ORD01752,CUST0379,WH005,2025-09-29,Debit Card,Shipped
ORD01753,CUST0691,WH008,2025-08-20,UPI,Delivered
ORD01754,CUST0171,WH010,2025-10-27,Debit Card,Delivered
ORD01755,CUST0784,WH001,2025-08-01,Debit Card,Delivered
ORD01756,CUST0241,WH007,2025-09-09,Net Banking,Delivered
ORD01757,CUST0972,WH002,2025-11-07,UPI,Delivered
ORD01758,CUST0114,WH010,2025-04-19,Debit Card,Delivered
ORD01759,CUST0786,WH007,2025-03-23,Net Banking,Delivered
ORD01760,CUST0429,WH010,2025-04-22,Debit Card,Delivered
ORD01761,CUST0646,WH002,2025-07-05,Debit Card,Delivered
ORD01762,CUST0402,WH004,2025-09-30,Cash,Delivered
ORD01763,CUST0294,WH008,2025-08-26,Credit Card,Cancelled
ORD01764,CUST0410,WH005,2025-04-01,UPI,Delivered
ORD01765,CUST0782,WH008,2025-06-21,Credit Card,Delivered
ORD01766,CUST0393,WH010,2025-02-20,Cash,Returned
ORD01767,CUST0194,WH001,2025-07-30,Net Banking,Delivered
ORD01768,CUST0635,WH009,2025-11-09,UPI,Delivered
ORD01769,CUST0969,WH001,2025-07-29,Debit Card,Delivered
ORD01770,CUST0583,WH008,2025-03-27,UPI,Returned
ORD01771,CUST0761,WH010,2025-01-12,Cash,Delivered
ORD01772,CUST0871,WH003,2025-04-09,Cash,Delivered
ORD01773,CUST0180,WH008,2025-05-03,Credit Card,Delivered
ORD01774,CUST0067,WH001,2025-05-31,Credit Card,Delivered
ORD01775,CUST0251,WH010,2025-08-24,Cash,Returned
ORD01776,CUST0997,WH008,2025-04-01,Net Banking,Delivered
ORD01777,CUST0858,WH006,2025-11-06,Credit Card,Delivered
ORD01778,CUST0008,WH001,2025-02-05,Cash,Shipped
ORD01779,CUST0883,WH007,2025-08-29,UPI,Shipped
ORD01780,CUST0905,WH009,2025-05-14,UPI,Delivered
ORD01781,CUST0663,WH009,2025-11-07,UPI,Delivered
ORD01782,CUST0300,WH007,2025-01-31,UPI,Delivered
ORD01783,CUST0645,WH008,2025-09-19,Cash,Shipped
ORD01784,CUST0150,WH005,2025-02-23,Net Banking,Shipped
ORD01785,CUST0740,WH003,2025-02-27,Debit Card,Delivered
ORD01786,CUST0146,WH004,2025-06-23,Cash,Delivered
ORD01787,CUST0338,WH002,2025-02-19,Cash,Cancelled
ORD01788,CUST0771,WH004,2025-09-09,Debit Card,Delivered
ORD01789,CUST0456,WH006,2025-12-19,Cash,Delivered
ORD01790,CUST0282,WH010,2025-10-18,UPI,Shipped
ORD01791,CUST0535,WH005,2025-03-17,UPI,Delivered
ORD01792,CUST0578,WH006,2025-07-09,Debit Card,Delivered
ORD01793,CUST0582,WH005,2025-03-23,Cash,Delivered
ORD01794,CUST0302,WH003,2025-12-11,Credit Card,Delivered
ORD01795,CUST0880,WH007,2025-05-30,Debit Card,Delivered
ORD01796,CUST0872,WH004,2025-01-15,Net Banking,Delivered
ORD01797,CUST0013,WH005,2025-10-27,Debit Card,Delivered
ORD01798,CUST0416,WH008,2025-09-22,Net Banking,Cancelled
ORD01799,CUST0660,WH003,2025-06-26,Net Banking,Shipped
ORD01800,CUST0536,WH006,2025-06-10,Cash,Shipped
ORD01801,CUST0664,WH003,2025-09-06,Net Banking,Delivered
ORD01802,CUST0919,WH007,2025-09-05,UPI,Delivered
ORD01803,CUST0351,WH004,2025-02-03,Debit Card,Delivered
ORD01804,CUST0285,WH010,2025-03-18,UPI,Delivered
ORD01805,CUST0511,WH008,2025-07-02,Net Banking,Cancelled
ORD01806,CUST0861,WH009,2025-01-07,Credit Card,Delivered
ORD01807,CUST0681,WH001,2025-07-06,Cash,Delivered
ORD01808,CUST0520,WH002,2025-06-18,Debit Card,Delivered
ORD01809,CUST0867,WH009,2025-10-01,UPI,Returned
ORD01810,CUST0458,WH010,2025-01-29,Net Banking,Delivered
ORD01811,CUST0817,WH003,2025-05-12,Credit Card,Delivered
ORD01812,CUST0182,WH001,2025-08-22,Net Banking,Delivered
ORD01813,CUST0094,WH004,2025-05-23,UPI,Cancelled
ORD01814,CUST0536,WH005,2025-03-09,UPI,Delivered
ORD01815,CUST0600,WH010,2025-05-05,Cash,Delivered
ORD01816,CUST0903,WH001,2025-10-02,Debit Card,Shipped
ORD01817,CUST0202,WH008,2025-02-07,UPI,Delivered
ORD01818,CUST0203,WH002,2025-09-01,Net Banking,Delivered
ORD01819,CUST0499,WH005,2025-11-03,Net Banking,Delivered
ORD01820,CUST0882,WH002,2025-08-09,Cash,Shipped
ORD01821,CUST0604,WH010,2025-04-10,Cash,Returned
ORD01822,CUST0773,WH007,2025-05-09,Net Banking,Delivered
ORD01823,CUST0181,WH006,2025-11-20,Net Banking,Delivered
ORD01824,CUST0975,WH005,2025-05-26,Debit Card,Shipped
ORD01825,CUST0350,WH005,2025-05-08,Net Banking,Delivered
ORD01826,CUST0451,WH002,2025-11-17,Credit Card,Delivered
ORD01827,CUST0915,WH009,2025-06-13,Cash,Delivered
ORD01828,CUST0068,WH007,2025-04-02,Debit Card,Delivered
ORD01829,CUST0351,WH009,2025-08-15,Credit Card,Delivered
ORD01830,CUST0782,WH004,2025-02-25,Credit Card,Delivered
ORD01831,CUST0328,WH009,2025-06-06,Cash,Delivered
ORD01832,CUST0950,WH010,2025-06-03,Credit Card,Delivered
ORD01833,CUST0332,WH003,2025-03-21,Credit Card,Shipped
ORD01834,CUST0873,WH003,2025-03-29,Net Banking,Delivered
ORD01835,CUST0980,WH009,2025-06-16,Cash,Delivered
ORD01836,CUST0799,WH005,2025-08-02,Credit Card,Cancelled
ORD01837,CUST0957,WH005,2025-08-30,Debit Card,Delivered
ORD01838,CUST0745,WH006,2025-06-20,Debit Card,Delivered
ORD01839,CUST0577,WH007,2025-08-06,Cash,Delivered
ORD01840,CUST0057,WH007,2025-07-26,Debit Card,Delivered
ORD01841,CUST0999,WH008,2025-03-13,Debit Card,Delivered
ORD01842,CUST0208,WH004,2025-12-27,Debit Card,Delivered
ORD01843,CUST0025,WH006,2025-07-11,Cash,Shipped
ORD01844,CUST0572,WH009,2025-06-16,Credit Card,Shipped
ORD01845,CUST0516,WH008,2025-11-13,Debit Card,Delivered
ORD01846,CUST0165,WH006,2025-05-05,Cash,Cancelled
ORD01847,CUST0482,WH001,2025-10-31,Cash,Delivered
ORD01848,CUST0499,WH004,2025-12-28,Debit Card,Returned
ORD01849,CUST0385,WH001,2025-10-28,UPI,Delivered
ORD01850,CUST0283,WH009,2025-06-25,Debit Card,Delivered
ORD01851,CUST0114,WH008,2025-05-26,Credit Card,Cancelled
ORD01852,CUST0333,WH007,2025-02-07,Credit Card,Cancelled
ORD01853,CUST0307,WH010,2025-10-29,Credit Card,Delivered
ORD01854,CUST0252,WH006,2025-08-13,Net Banking,Delivered
ORD01855,CUST0267,WH009,2025-12-05,Net Banking,Shipped
ORD01856,CUST0023,WH003,2025-12-20,UPI,Cancelled
ORD01857,CUST0729,WH006,2025-12-25,Debit Card,Cancelled
ORD01858,CUST0766,WH004,2025-08-17,Credit Card,Delivered
ORD01859,CUST0472,WH006,2025-04-27,Debit Card,Delivered
ORD01860,CUST0266,WH005,2025-12-27,Net Banking,Delivered
ORD01861,CUST0144,WH002,2025-01-12,Cash,Delivered
ORD01862,CUST0818,WH001,2025-09-07,Net Banking,Delivered
ORD01863,CUST0383,WH001,2025-09-20,Net Banking,Delivered
ORD01864,CUST0983,WH009,2025-01-17,Debit Card,Shipped
ORD01865,CUST0290,WH010,2025-09-09,Debit Card,Delivered
ORD01866,CUST0579,WH002,2025-02-08,Net Banking,Shipped
ORD01867,CUST0163,WH009,2025-09-30,UPI,Delivered
ORD01868,CUST0625,WH004,2025-08-28,UPI,Shipped
ORD01869,CUST0838,WH005,2025-08-09,Cash,Delivered
ORD01870,CUST0667,WH006,2025-03-19,UPI,Delivered
ORD01871,CUST0348,WH008,2025-10-22,Net Banking,Shipped
ORD01872,CUST0911,WH001,2025-08-10,Cash,Delivered
ORD01873,CUST0639,WH007,2025-01-04,UPI,Delivered
ORD01874,CUST0438,WH003,2025-06-15,Debit Card,Shipped
ORD01875,CUST0691,WH006,2025-10-27,Net Banking,Delivered
ORD01876,CUST0206,WH010,2025-12-07,Debit Card,Cancelled
ORD01877,CUST0157,WH004,2025-10-23,Credit Card,Delivered
ORD01878,CUST0104,WH001,2025-04-03,Net Banking,Delivered
ORD01879,CUST0799,WH003,2025-01-21,Net Banking,Delivered
ORD01880,CUST0336,WH006,2025-02-05,Credit Card,Delivered
ORD01881,CUST0311,WH003,2025-04-14,Cash,Returned
ORD01882,CUST0959,WH004,2025-04-30,Debit Card,Delivered
ORD01883,CUST0127,WH007,2025-08-14,UPI,Delivered
ORD01884,CUST0390,WH001,2025-04-17,Cash,Delivered
ORD01885,CUST0211,WH007,2025-04-12,Net Banking,Shipped
ORD01886,CUST0993,WH003,2025-02-17,Net Banking,Cancelled
ORD01887,CUST0125,WH003,2025-09-22,Credit Card,Delivered
ORD01888,CUST0759,WH010,2025-09-08,Debit Card,Delivered
ORD01889,CUST0426,WH004,2025-06-12,Credit Card,Returned
ORD01890,CUST0369,WH008,2025-09-17,Debit Card,Delivered
ORD01891,CUST0017,WH001,2025-08-22,Cash,Shipped
ORD01892,CUST0985,WH002,2025-07-24,Debit Card,Delivered
ORD01893,CUST0857,WH002,2025-06-08,Cash,Cancelled
ORD01894,CUST0308,WH004,2025-11-30,UPI,Delivered
ORD01895,CUST0897,WH008,2025-07-19,UPI,Returned
ORD01896,CUST0748,WH006,2025-05-21,UPI,Delivered
ORD01897,CUST0182,WH010,2025-05-08,UPI,Delivered
ORD01898,CUST0144,WH008,2025-03-21,UPI,Delivered
ORD01899,CUST0888,WH005,2025-04-18,Debit Card,Delivered
ORD01900,CUST0430,WH003,2025-03-22,Credit Card,Cancelled
ORD01901,CUST0760,WH003,2025-03-19,Debit Card,Cancelled
ORD01902,CUST0806,WH003,2025-02-26,UPI,Delivered
ORD01903,CUST0414,WH006,2025-06-06,Debit Card,Delivered
ORD01904,CUST0803,WH001,2025-01-15,Debit Card,Delivered
ORD01905,CUST0036,WH003,2025-08-29,Cash,Delivered
ORD01906,CUST0781,WH010,2025-07-13,Net Banking,Delivered
ORD01907,CUST0016,WH006,2025-02-21,Credit Card,Delivered
ORD01908,CUST0116,WH008,2025-02-03,Cash,Returned
ORD01909,CUST0451,WH003,2025-10-02,Net Banking,Shipped
ORD01910,CUST0319,WH008,2025-01-01,Cash,Cancelled
ORD01911,CUST0132,WH006,2025-05-12,Net Banking,Delivered
ORD01912,CUST0685,WH002,2025-11-11,Cash,Delivered
ORD01913,CUST0201,WH003,2025-10-20,Credit Card,Delivered
ORD01914,CUST0231,WH002,2025-03-15,UPI,Delivered
ORD01915,CUST0909,WH010,2025-05-25,UPI,Delivered
ORD01916,CUST0190,WH005,2025-05-09,Debit Card,Delivered
ORD01917,CUST0685,WH010,2025-08-25,Net Banking,Delivered
ORD01918,CUST0779,WH003,2025-05-17,Debit Card,Delivered
ORD01919,CUST0149,WH010,2025-12-05,UPI,Delivered
ORD01920,CUST0648,WH001,2025-07-17,Credit Card,Returned
ORD01921,CUST0147,WH001,2025-01-08,Credit Card,Delivered
ORD01922,CUST0012,WH010,2025-06-15,Cash,Delivered
ORD01923,CUST0193,WH010,2025-06-26,Cash,Delivered
ORD01924,CUST0465,WH010,2025-04-20,Debit Card,Delivered
ORD01925,CUST0763,WH005,2025-03-02,Net Banking,Cancelled
ORD01926,CUST0914,WH003,2025-06-22,Debit Card,Delivered
ORD01927,CUST0791,WH009,2025-09-07,Cash,Delivered
ORD01928,CUST0877,WH006,2025-12-09,Net Banking,Delivered
ORD01929,CUST0437,WH001,2025-07-07,Net Banking,Delivered
ORD01930,CUST0999,WH008,2025-04-27,UPI,Delivered
ORD01931,CUST0303,WH003,2025-12-31,Debit Card,Delivered
ORD01932,CUST0567,WH002,2025-08-12,Net Banking,Delivered
ORD01933,CUST0200,WH003,2025-09-19,Credit Card,Shipped
ORD01934,CUST0752,WH006,2025-04-12,Net Banking,Delivered
ORD01935,CUST0577,WH009,2025-03-19,Net Banking,Delivered
ORD01936,CUST0372,WH009,2025-09-30,Credit Card,Delivered
ORD01937,CUST0171,WH006,2025-09-29,Credit Card,Delivered
ORD01938,CUST0651,WH010,2025-03-26,Credit Card,Shipped
ORD01939,CUST0554,WH010,2025-03-19,Cash,Shipped
ORD01940,CUST0051,WH007,2025-05-23,Debit Card,Delivered
ORD01941,CUST0996,WH007,2025-09-25,Cash,Delivered
ORD01942,CUST0739,WH005,2025-03-11,UPI,Delivered
ORD01943,CUST0570,WH005,2025-12-29,Credit Card,Cancelled
ORD01944,CUST0609,WH002,2025-11-10,UPI,Shipped
ORD01945,CUST0148,WH008,2025-03-13,Credit Card,Shipped
ORD01946,CUST0401,WH003,2025-05-05,Cash,Delivered
ORD01947,CUST0255,WH006,2025-04-10,UPI,Delivered
ORD01948,CUST0144,WH007,2025-05-22,UPI,Delivered
ORD01949,CUST0968,WH003,2025-10-27,Credit Card,Delivered
ORD01950,CUST0283,WH006,2025-12-11,UPI,Delivered
ORD01951,CUST0319,WH009,2025-09-24,UPI,Shipped
ORD01952,CUST0483,WH004,2025-11-03,Cash,Delivered
ORD01953,CUST0555,WH010,2025-03-05,Cash,Delivered
ORD01954,CUST0897,WH005,2025-06-24,UPI,Delivered
ORD01955,CUST0116,WH008,2025-05-11,Cash,Delivered
ORD01956,CUST0709,WH008,2025-12-30,Debit Card,Delivered
ORD01957,CUST0091,WH010,2025-02-22,Net Banking,Shipped
ORD01958,CUST0891,WH008,2025-05-04,Cash,Delivered
ORD01959,CUST0108,WH005,2025-11-23,Debit Card,Cancelled
ORD01960,CUST0521,WH006,2025-11-24,Cash,Delivered
ORD01961,CUST0366,WH002,2025-05-09,UPI,Delivered
ORD01962,CUST0249,WH010,2025-09-06,Cash,Delivered
ORD01963,CUST0682,WH005,2025-08-11,UPI,Returned
ORD01964,CUST0500,WH009,2025-12-29,Net Banking,Shipped
ORD01965,CUST0622,WH009,2025-07-12,Cash,Delivered
ORD01966,CUST0605,WH002,2025-02-25,Net Banking,Delivered
ORD01967,CUST0370,WH010,2025-05-03,Net Banking,Delivered
ORD01968,CUST0736,WH001,2025-07-21,Debit Card,Delivered
ORD01969,CUST0873,WH008,2025-08-14,Net Banking,Shipped
ORD01970,CUST0963,WH007,2025-01-20,Cash,Delivered
ORD01971,CUST0222,WH010,2025-01-14,Credit Card,Delivered
ORD01972,CUST0102,WH005,2025-06-18,Cash,Shipped
ORD01973,CUST0870,WH005,2025-08-22,Debit Card,Shipped
ORD01974,CUST0361,WH004,2025-06-26,Debit Card,Delivered
ORD01975,CUST0333,WH008,2025-01-25,Debit Card,Shipped
ORD01976,CUST0215,WH009,2025-03-24,Net Banking,Delivered
ORD01977,CUST0772,WH006,2025-07-25,Credit Card,Shipped
ORD01978,CUST0342,WH006,2025-02-15,Net Banking,Delivered
ORD01979,CUST0325,WH005,2025-04-27,UPI,Cancelled
ORD01980,CUST0655,WH007,2025-02-16,Debit Card,Delivered
ORD01981,CUST0191,WH007,2025-11-24,Credit Card,Delivered
ORD01982,CUST0498,WH006,2025-12-29,Debit Card,Shipped
ORD01983,CUST0773,WH003,2025-07-05,Credit Card,Delivered
ORD01984,CUST0195,WH010,2025-02-27,Debit Card,Cancelled
ORD01985,CUST0658,WH009,2025-12-25,Debit Card,Shipped
ORD01986,CUST0183,WH007,2025-10-03,Net Banking,Delivered
ORD01987,CUST0096,WH002,2025-04-12,Net Banking,Cancelled
ORD01988,CUST0415,WH005,2025-12-06,Credit Card,Delivered
ORD01989,CUST0363,WH007,2025-09-30,Credit Card,Cancelled
ORD01990,CUST0866,WH005,2025-02-23,Net Banking,Delivered
ORD01991,CUST0332,WH004,2025-02-12,Cash,Shipped
ORD01992,CUST0562,WH003,2025-05-06,Debit Card,Delivered
ORD01993,CUST0854,WH004,2025-04-25,Credit Card,Cancelled
ORD01994,CUST0664,WH004,2025-08-14,Credit Card,Delivered
ORD01995,CUST0988,WH001,2025-05-05,Net Banking,Delivered
ORD01996,CUST0425,WH009,2025-08-13,Net Banking,Returned
ORD01997,CUST0423,WH003,2025-04-09,Net Banking,Delivered
ORD01998,CUST0590,WH007,2025-11-18,Debit Card,Delivered
ORD01999,CUST0823,WH005,2025-07-06,Cash,Delivered
ORD02000,CUST0328,WH009,2025-05-01,Debit Card,Delivered
ORD02001,CUST0138,WH006,2025-12-21,Credit Card,Shipped
ORD02002,CUST0132,WH002,2025-10-24,Net Banking,Delivered
ORD02003,CUST0322,WH002,2025-10-02,Net Banking,Delivered
ORD02004,CUST0735,WH009,2025-06-28,Credit Card,Delivered
ORD02005,CUST0857,WH001,2025-10-22,Cash,Delivered
ORD02006,CUST0606,WH007,2025-09-12,UPI,Returned
ORD02007,CUST0023,WH009,2025-03-29,Cash,Delivered
ORD02008,CUST0918,WH006,2025-01-30,Cash,Shipped
ORD02009,CUST0066,WH006,2025-03-17,UPI,Returned
ORD02010,CUST0584,WH005,2025-05-22,UPI,Delivered
ORD02011,CUST0442,WH003,2025-09-09,Cash,Delivered
ORD02012,CUST0318,WH009,2025-08-20,Debit Card,Delivered
ORD02013,CUST0818,WH009,2025-10-19,Cash,Delivered
ORD02014,CUST0698,WH010,2025-10-04,Debit Card,Shipped
ORD02015,CUST0055,WH006,2025-11-09,Net Banking,Delivered
ORD02016,CUST0629,WH002,2025-02-06,Net Banking,Delivered
ORD02017,CUST0751,WH004,2025-03-24,Credit Card,Returned
ORD02018,CUST0856,WH003,2025-04-02,UPI,Delivered
ORD02019,CUST0747,WH002,2025-09-11,Debit Card,Delivered
ORD02020,CUST0588,WH007,2025-07-26,Cash,Delivered
ORD02021,CUST0142,WH006,2025-08-31,Credit Card,Delivered
ORD02022,CUST0182,WH007,2025-07-01,Debit Card,Delivered
ORD02023,CUST0267,WH007,2025-04-05,Credit Card,Delivered
ORD02024,CUST0649,WH002,2025-11-28,Debit Card,Delivered
ORD02025,CUST0537,WH005,2025-02-18,UPI,Cancelled
ORD02026,CUST0571,WH001,2025-02-01,Debit Card,Delivered
ORD02027,CUST0987,WH009,2025-01-01,UPI,Delivered
ORD02028,CUST0314,WH001,2025-07-16,Net Banking,Delivered
ORD02029,CUST0979,WH003,2025-02-05,Credit Card,Delivered
ORD02030,CUST0187,WH009,2025-09-13,Credit Card,Returned
ORD02031,CUST0894,WH003,2025-02-19,Net Banking,Delivered
ORD02032,CUST0913,WH008,2025-04-01,Credit Card,Delivered
ORD02033,CUST0032,WH010,2025-08-16,UPI,Cancelled
ORD02034,CUST0827,WH005,2025-03-03,Debit Card,Delivered
ORD02035,CUST0185,WH010,2025-12-16,Net Banking,Delivered
ORD02036,CUST0510,WH004,2025-02-21,Net Banking,Delivered
ORD02037,CUST0943,WH006,2025-11-10,Cash,Cancelled
ORD02038,CUST0852,WH007,2025-10-08,Cash,Cancelled
ORD02039,CUST0568,WH002,2025-12-09,Debit Card,Delivered
ORD02040,CUST0246,WH008,2025-03-14,Credit Card,Shipped
ORD02041,CUST0367,WH001,2025-01-22,Cash,Shipped
ORD02042,CUST0725,WH010,2025-12-04,UPI,Shipped
ORD02043,CUST0680,WH006,2025-02-16,Net Banking,Delivered
ORD02044,CUST0545,WH009,2025-12-26,Cash,Shipped
ORD02045,CUST0206,WH005,2025-11-26,Debit Card,Delivered
ORD02046,CUST0300,WH007,2025-04-12,Cash,Delivered
ORD02047,CUST0503,WH001,2025-02-12,Cash,Delivered
ORD02048,CUST0496,WH010,2025-10-15,Cash,Delivered
ORD02049,CUST0790,WH001,2025-05-28,Net Banking,Shipped
ORD02050,CUST0970,WH002,2025-04-07,Debit Card,Cancelled
ORD02051,CUST0556,WH003,2025-10-20,Debit Card,Delivered
ORD02052,CUST0029,WH001,2025-10-01,Debit Card,Delivered
ORD02053,CUST0988,WH009,2025-06-30,UPI,Shipped
ORD02054,CUST0895,WH007,2025-12-17,Net Banking,Delivered
ORD02055,CUST0521,WH006,2025-04-02,UPI,Cancelled
ORD02056,CUST0469,WH003,2025-02-20,Credit Card,Delivered
ORD02057,CUST0732,WH004,2025-02-07,Cash,Delivered
ORD02058,CUST0628,WH001,2025-11-24,UPI,Cancelled
ORD02059,CUST0922,WH002,2025-04-16,Debit Card,Delivered
ORD02060,CUST0676,WH006,2025-05-04,Credit Card,Returned
ORD02061,CUST0381,WH007,2025-04-27,UPI,Delivered
ORD02062,CUST0253,WH010,2025-11-03,Debit Card,Cancelled
ORD02063,CUST0697,WH010,2025-08-05,Debit Card,Delivered
ORD02064,CUST0755,WH005,2025-12-01,Cash,Delivered
ORD02065,CUST0844,WH007,2025-08-01,Cash,Delivered
ORD02066,CUST0837,WH008,2025-04-08,Debit Card,Delivered
ORD02067,CUST0710,WH007,2025-11-17,UPI,Delivered
ORD02068,CUST0132,WH004,2025-08-18,UPI,Delivered
ORD02069,CUST0163,WH008,2025-03-01,UPI,Delivered
ORD02070,CUST0172,WH005,2025-06-17,Cash,Delivered
ORD02071,CUST0292,WH010,2025-05-27,Debit Card,Delivered
ORD02072,CUST0405,WH004,2025-03-03,UPI,Delivered
ORD02073,CUST0206,WH003,2025-09-12,Net Banking,Returned
ORD02074,CUST0491,WH002,2025-08-29,UPI,Delivered
ORD02075,CUST0189,WH002,2025-07-18,UPI,Delivered
ORD02076,CUST0380,WH008,2025-11-12,Credit Card,Delivered
ORD02077,CUST0679,WH009,2025-01-22,Credit Card,Shipped
ORD02078,CUST0045,WH010,2025-06-12,UPI,Cancelled
ORD02079,CUST0881,WH005,2025-06-24,Credit Card,Delivered
ORD02080,CUST0924,WH001,2025-04-13,Cash,Delivered
ORD02081,CUST0518,WH002,2025-05-30,Credit Card,Delivered
ORD02082,CUST0344,WH008,2025-04-10,UPI,Cancelled
ORD02083,CUST0864,WH004,2025-02-05,Net Banking,Delivered
ORD02084,CUST0165,WH003,2025-10-13,Net Banking,Returned
ORD02085,CUST0115,WH002,2025-01-30,Cash,Delivered
ORD02086,CUST0634,WH003,2025-01-09,Debit Card,Delivered
ORD02087,CUST0924,WH002,2025-03-15,Credit Card,Delivered
ORD02088,CUST0577,WH001,2025-01-02,Cash,Shipped
ORD02089,CUST0878,WH004,2025-03-03,UPI,Delivered
ORD02090,CUST0021,WH008,2025-02-07,Net Banking,Delivered
ORD02091,CUST0703,WH010,2025-05-25,Cash,Delivered
ORD02092,CUST0700,WH008,2025-05-02,Net Banking,Delivered
ORD02093,CUST0466,WH008,2025-11-22,Credit Card,Delivered
ORD02094,CUST0230,WH003,2025-07-04,Debit Card,Delivered
ORD02095,CUST0987,WH007,2025-03-31,Debit Card,Cancelled
ORD02096,CUST0758,WH001,2025-07-08,Cash,Shipped
ORD02097,CUST0044,WH008,2025-03-15,Cash,Delivered
ORD02098,CUST0873,WH004,2025-10-05,Cash,Delivered
ORD02099,CUST0362,WH004,2025-11-17,Cash,Delivered
ORD02100,CUST0472,WH008,2025-08-02,Cash,Returned
ORD02101,CUST0373,WH006,2025-08-26,Debit Card,Delivered
ORD02102,CUST0741,WH009,2025-03-10,Credit Card,Delivered
ORD02103,CUST0196,WH010,2025-12-31,Credit Card,Cancelled
ORD02104,CUST0803,WH010,2025-12-04,Debit Card,Cancelled
ORD02105,CUST0884,WH007,2025-10-08,Debit Card,Delivered
ORD02106,CUST0403,WH003,2025-04-20,Cash,Delivered
ORD02107,CUST0464,WH005,2025-11-30,Net Banking,Delivered
ORD02108,CUST0223,WH006,2025-04-13,Net Banking,Cancelled
ORD02109,CUST0394,WH009,2025-12-04,Cash,Delivered
ORD02110,CUST0025,WH004,2025-08-15,Cash,Delivered
ORD02111,CUST0280,WH010,2025-03-30,Credit Card,Delivered
ORD02112,CUST0801,WH004,2025-10-22,Credit Card,Delivered
ORD02113,CUST0252,WH003,2025-08-28,Cash,Delivered
ORD02114,CUST0544,WH001,2025-11-10,UPI,Shipped
ORD02115,CUST0022,WH001,2025-02-13,UPI,Delivered
ORD02116,CUST0321,WH006,2025-02-16,Credit Card,Delivered
ORD02117,CUST0315,WH002,2025-04-20,Debit Card,Delivered
ORD02118,CUST0598,WH008,2025-06-11,Cash,Delivered
ORD02119,CUST0297,WH005,2025-03-31,UPI,Shipped
ORD02120,CUST0923,WH003,2025-03-23,Credit Card,Delivered
ORD02121,CUST0933,WH010,2025-09-30,Cash,Delivered
ORD02122,CUST0644,WH008,2025-10-10,Debit Card,Delivered
ORD02123,CUST1000,WH002,2025-05-08,Credit Card,Cancelled
ORD02124,CUST0774,WH001,2025-02-19,Credit Card,Cancelled
ORD02125,CUST0389,WH008,2025-08-31,Credit Card,Shipped
ORD02126,CUST0705,WH006,2025-10-28,Cash,Delivered
ORD02127,CUST0459,WH001,2025-04-04,Cash,Cancelled
ORD02128,CUST0353,WH006,2025-10-18,UPI,Cancelled
ORD02129,CUST0182,WH003,2025-02-05,Net Banking,Delivered
ORD02130,CUST0939,WH003,2025-07-21,UPI,Returned
ORD02131,CUST0202,WH006,2025-12-09,Debit Card,Delivered
ORD02132,CUST0364,WH010,2025-02-12,Cash,Delivered
ORD02133,CUST0428,WH003,2025-10-30,Debit Card,Shipped
ORD02134,CUST0526,WH005,2025-04-09,Net Banking,Cancelled
ORD02135,CUST0502,WH006,2025-01-13,Credit Card,Delivered
ORD02136,CUST0718,WH005,2025-05-03,Debit Card,Delivered
ORD02137,CUST0346,WH001,2025-08-10,Debit Card,Delivered
ORD02138,CUST0470,WH002,2025-12-03,Debit Card,Delivered
ORD02139,CUST0893,WH010,2025-03-08,UPI,Delivered
ORD02140,CUST0310,WH007,2025-01-10,Credit Card,Cancelled
ORD02141,CUST0398,WH001,2025-07-14,Debit Card,Delivered
ORD02142,CUST0376,WH009,2025-06-21,Cash,Delivered
ORD02143,CUST0136,WH006,2025-06-25,Debit Card,Delivered
ORD02144,CUST0289,WH005,2025-09-08,UPI,Cancelled
ORD02145,CUST0087,WH006,2025-12-10,Net Banking,Cancelled
ORD02146,CUST0831,WH003,2025-01-12,UPI,Delivered
ORD02147,CUST0383,WH002,2025-04-01,Credit Card,Delivered
ORD02148,CUST0798,WH002,2025-05-02,UPI,Delivered
ORD02149,CUST0755,WH006,2025-01-07,Net Banking,Delivered
ORD02150,CUST0642,WH008,2025-10-26,Debit Card,Shipped
ORD02151,CUST0628,WH002,2025-02-24,UPI,Delivered
ORD02152,CUST0941,WH002,2025-04-13,Credit Card,Delivered
ORD02153,CUST0004,WH007,2025-02-16,Credit Card,Delivered
ORD02154,CUST0397,WH006,2025-02-10,Net Banking,Delivered
ORD02155,CUST0726,WH008,2025-04-12,Net Banking,Delivered
ORD02156,CUST0295,WH010,2025-08-29,UPI,Delivered
ORD02157,CUST0007,WH002,2025-09-17,Credit Card,Returned
ORD02158,CUST0148,WH009,2025-05-15,Net Banking,Returned
ORD02159,CUST0127,WH002,2025-12-25,Credit Card,Delivered
ORD02160,CUST0775,WH004,2025-06-14,Credit Card,Delivered
ORD02161,CUST0304,WH010,2025-10-31,Cash,Delivered
ORD02162,CUST0224,WH007,2025-05-27,Debit Card,Shipped
ORD02163,CUST0544,WH001,2025-05-04,Debit Card,Delivered
ORD02164,CUST0067,WH001,2025-03-24,UPI,Delivered
ORD02165,CUST0635,WH007,2025-01-31,UPI,Delivered
ORD02166,CUST0013,WH002,2025-08-17,Debit Card,Delivered
ORD02167,CUST0715,WH010,2025-07-05,UPI,Delivered
ORD02168,CUST0462,WH006,2025-06-13,Cash,Delivered
ORD02169,CUST0782,WH008,2025-06-03,Debit Card,Delivered
ORD02170,CUST0234,WH010,2025-04-08,Credit Card,Delivered
ORD02171,CUST0420,WH008,2025-06-30,Cash,Delivered
ORD02172,CUST0475,WH008,2025-07-26,Cash,Delivered
ORD02173,CUST0430,WH001,2025-07-17,Credit Card,Shipped
ORD02174,CUST0892,WH003,2025-07-15,Cash,Delivered
ORD02175,CUST0811,WH003,2025-08-11,Credit Card,Delivered
ORD02176,CUST0223,WH002,2025-04-05,UPI,Delivered
ORD02177,CUST0278,WH006,2025-03-18,Credit Card,Delivered
ORD02178,CUST0163,WH005,2025-07-20,Net Banking,Delivered
ORD02179,CUST0499,WH010,2025-04-08,Cash,Delivered
ORD02180,CUST0500,WH001,2025-03-23,Debit Card,Returned
ORD02181,CUST0976,WH006,2025-02-04,Cash,Delivered
ORD02182,CUST0241,WH009,2025-03-14,Cash,Shipped
ORD02183,CUST0503,WH001,2025-08-02,Debit Card,Delivered
ORD02184,CUST0646,WH005,2025-06-23,Net Banking,Delivered
ORD02185,CUST0614,WH003,2025-03-04,Net Banking,Delivered
ORD02186,CUST0827,WH003,2025-07-11,Debit Card,Delivered
ORD02187,CUST0065,WH001,2025-08-31,Cash,Delivered
ORD02188,CUST0215,WH006,2025-05-07,Credit Card,Cancelled
ORD02189,CUST0650,WH008,2025-06-10,Debit Card,Delivered
ORD02190,CUST0813,WH006,2025-10-23,Credit Card,Cancelled
ORD02191,CUST0801,WH010,2025-06-14,Credit Card,Delivered
ORD02192,CUST0243,WH004,2025-11-09,Cash,Delivered
ORD02193,CUST0321,WH009,2025-01-10,UPI,Delivered
ORD02194,CUST0639,WH006,2025-03-17,UPI,Delivered
ORD02195,CUST0618,WH005,2025-08-25,UPI,Delivered
ORD02196,CUST0811,WH005,2025-04-09,Credit Card,Delivered
ORD02197,CUST0486,WH004,2025-01-31,Credit Card,Delivered
ORD02198,CUST0365,WH010,2025-06-17,Cash,Delivered
ORD02199,CUST0980,WH006,2025-05-20,Cash,Returned
ORD02200,CUST0905,WH009,2025-11-06,Credit Card,Shipped
ORD02201,CUST0193,WH010,2025-11-27,Net Banking,Delivered
ORD02202,CUST0754,WH004,2025-02-01,Net Banking,Shipped
ORD02203,CUST0255,WH007,2025-05-25,Cash,Delivered
ORD02204,CUST0306,WH005,2025-01-06,Credit Card,Delivered
ORD02205,CUST0030,WH007,2025-01-13,UPI,Delivered
ORD02206,CUST0458,WH007,2025-03-17,Net Banking,Delivered
ORD02207,CUST0777,WH006,2025-08-16,UPI,Cancelled
ORD02208,CUST0283,WH004,2025-08-22,Net Banking,Delivered
ORD02209,CUST0601,WH003,2025-03-25,Debit Card,Returned
ORD02210,CUST0054,WH006,2025-03-05,Net Banking,Delivered
ORD02211,CUST0323,WH007,2025-03-14,Net Banking,Delivered
ORD02212,CUST0662,WH006,2025-08-11,Cash,Delivered
ORD02213,CUST0857,WH001,2025-11-10,Debit Card,Delivered
ORD02214,CUST0041,WH009,2025-10-19,UPI,Delivered
ORD02215,CUST0509,WH002,2025-03-09,UPI,Delivered
ORD02216,CUST0536,WH003,2025-02-22,Credit Card,Delivered
ORD02217,CUST0996,WH006,2025-07-04,Debit Card,Delivered
ORD02218,CUST0769,WH002,2025-06-25,Cash,Delivered
ORD02219,CUST0538,WH007,2025-02-01,Cash,Delivered
ORD02220,CUST0843,WH002,2025-10-08,Credit Card,Delivered
ORD02221,CUST0782,WH005,2025-03-01,Credit Card,Delivered
ORD02222,CUST0700,WH009,2025-11-27,UPI,Delivered
ORD02223,CUST0231,WH008,2025-12-24,UPI,Delivered
ORD02224,CUST0973,WH003,2025-04-30,Credit Card,Delivered
ORD02225,CUST0397,WH007,2025-06-15,UPI,Delivered
ORD02226,CUST0505,WH001,2025-05-29,Cash,Delivered
ORD02227,CUST0205,WH010,2025-01-21,UPI,Delivered
ORD02228,CUST0504,WH001,2025-10-26,Debit Card,Delivered
ORD02229,CUST0903,WH006,2025-10-25,Net Banking,Cancelled
ORD02230,CUST0407,WH004,2025-03-26,Credit Card,Delivered
ORD02231,CUST0763,WH010,2025-11-18,Debit Card,Delivered
ORD02232,CUST0524,WH007,2025-07-11,Credit Card,Shipped
ORD02233,CUST0263,WH006,2025-11-08,Credit Card,Delivered
ORD02234,CUST0403,WH002,2025-05-14,Debit Card,Delivered
ORD02235,CUST0618,WH009,2025-08-17,Cash,Delivered
ORD02236,CUST0043,WH007,2025-02-27,UPI,Delivered
ORD02237,CUST0205,WH010,2025-04-16,Debit Card,Shipped
ORD02238,CUST0220,WH010,2025-12-12,Debit Card,Delivered
ORD02239,CUST0664,WH004,2025-01-28,Net Banking,Cancelled
ORD02240,CUST0223,WH009,2025-05-10,UPI,Delivered
ORD02241,CUST0850,WH003,2025-04-21,Debit Card,Delivered
ORD02242,CUST0738,WH006,2025-07-18,Cash,Returned
ORD02243,CUST0772,WH003,2025-11-05,Cash,Delivered
ORD02244,CUST0293,WH004,2025-11-02,UPI,Delivered
ORD02245,CUST0874,WH001,2025-01-01,Net Banking,Delivered
ORD02246,CUST0970,WH005,2025-01-06,UPI,Delivered
ORD02247,CUST0747,WH010,2025-07-15,Credit Card,Delivered
ORD02248,CUST0221,WH004,2025-07-08,Cash,Delivered
ORD02249,CUST0078,WH005,2025-07-10,Cash,Delivered
ORD02250,CUST0789,WH001,2025-06-02,UPI,Delivered
ORD02251,CUST0468,WH004,2025-05-15,UPI,Cancelled
ORD02252,CUST0812,WH001,2025-12-16,Cash,Delivered
ORD02253,CUST0089,WH004,2025-02-27,Cash,Shipped
ORD02254,CUST0712,WH009,2025-10-24,Debit Card,Delivered
ORD02255,CUST0577,WH008,2025-12-26,UPI,Delivered
ORD02256,CUST0221,WH002,2025-03-20,Cash,Delivered
ORD02257,CUST0039,WH008,2025-01-16,Cash,Shipped
ORD02258,CUST0180,WH001,2025-07-31,Net Banking,Cancelled
ORD02259,CUST0065,WH005,2025-12-03,Debit Card,Delivered
ORD02260,CUST0822,WH005,2025-04-14,UPI,Delivered
ORD02261,CUST0241,WH008,2025-04-07,UPI,Returned
ORD02262,CUST0895,WH010,2025-01-23,Cash,Delivered
ORD02263,CUST0501,WH004,2025-12-26,UPI,Delivered
ORD02264,CUST0613,WH006,2025-02-15,Cash,Shipped
ORD02265,CUST0168,WH006,2025-10-06,Debit Card,Delivered
ORD02266,CUST0150,WH006,2025-10-04,Debit Card,Delivered
ORD02267,CUST0412,WH006,2025-10-25,Cash,Returned
ORD02268,CUST0152,WH008,2025-05-30,Net Banking,Delivered
ORD02269,CUST0089,WH010,2025-08-10,Debit Card,Cancelled
ORD02270,CUST0947,WH006,2025-06-20,Cash,Delivered
ORD02271,CUST0883,WH003,2025-10-04,UPI,Delivered
ORD02272,CUST0149,WH010,2025-11-17,Debit Card,Delivered
ORD02273,CUST0872,WH010,2025-03-23,Credit Card,Returned
ORD02274,CUST0845,WH007,2025-04-16,UPI,Shipped
ORD02275,CUST0514,WH009,2025-02-27,UPI,Delivered
ORD02276,CUST0005,WH005,2025-10-22,Net Banking,Delivered
ORD02277,CUST0758,WH004,2025-03-26,Debit Card,Delivered
ORD02278,CUST0750,WH006,2025-06-16,Net Banking,Cancelled
ORD02279,CUST0673,WH007,2025-09-25,Credit Card,Delivered
ORD02280,CUST0705,WH002,2025-07-28,Credit Card,Delivered
ORD02281,CUST0160,WH004,2025-08-21,UPI,Cancelled
ORD02282,CUST0820,WH002,2025-09-16,Cash,Delivered
ORD02283,CUST0712,WH005,2025-02-06,Credit Card,Shipped
ORD02284,CUST0846,WH004,2025-06-05,Net Banking,Delivered
ORD02285,CUST0025,WH001,2025-04-08,UPI,Delivered
ORD02286,CUST0191,WH002,2025-04-17,UPI,Delivered
ORD02287,CUST0433,WH006,2025-03-02,Cash,Delivered
ORD02288,CUST0308,WH006,2025-11-02,Cash,Delivered
ORD02289,CUST0439,WH010,2025-06-05,Net Banking,Cancelled
ORD02290,CUST0630,WH010,2025-11-22,UPI,Delivered
ORD02291,CUST0512,WH006,2025-01-17,Debit Card,Delivered
ORD02292,CUST0485,WH007,2025-12-25,Net Banking,Shipped
ORD02293,CUST0706,WH010,2025-08-05,Net Banking,Cancelled
ORD02294,CUST0503,WH001,2025-12-17,Cash,Delivered
ORD02295,CUST0778,WH002,2025-09-07,Cash,Delivered
ORD02296,CUST0085,WH004,2025-02-17,UPI,Delivered
ORD02297,CUST0248,WH010,2025-06-22,Cash,Delivered
ORD02298,CUST0566,WH008,2025-06-08,Credit Card,Delivered
ORD02299,CUST0011,WH003,2025-02-18,Net Banking,Shipped
ORD02300,CUST0958,WH009,2025-01-15,Cash,Delivered
ORD02301,CUST0475,WH005,2025-04-03,Net Banking,Delivered
ORD02302,CUST0670,WH001,2025-10-02,Debit Card,Delivered
ORD02303,CUST0530,WH008,2025-12-24,Credit Card,Cancelled
ORD02304,CUST0875,WH003,2025-05-31,UPI,Delivered
ORD02305,CUST0437,WH002,2025-06-19,Credit Card,Returned
ORD02306,CUST0204,WH008,2025-02-09,Cash,Delivered
ORD02307,CUST0795,WH003,2025-07-18,Cash,Delivered
ORD02308,CUST0229,WH006,2025-04-04,Net Banking,Shipped
ORD02309,CUST0731,WH008,2025-04-28,UPI,Delivered
ORD02310,CUST0136,WH010,2025-03-13,Net Banking,Delivered
ORD02311,CUST0376,WH007,2025-09-12,UPI,Delivered
ORD02312,CUST0378,WH009,2025-12-22,UPI,Delivered
ORD02313,CUST0286,WH007,2025-01-18,Net Banking,Delivered
ORD02314,CUST0067,WH002,2025-02-04,Debit Card,Cancelled
ORD02315,CUST0367,WH008,2025-12-07,Cash,Delivered
ORD02316,CUST0929,WH003,2025-05-05,UPI,Delivered
ORD02317,CUST0585,WH003,2025-02-14,Credit Card,Delivered
ORD02318,CUST0383,WH009,2025-10-07,Debit Card,Delivered
ORD02319,CUST0190,WH010,2025-12-03,Cash,Delivered
ORD02320,CUST0238,WH004,2025-01-21,Credit Card,Delivered
ORD02321,CUST0401,WH001,2025-12-26,Debit Card,Delivered
ORD02322,CUST0116,WH009,2025-01-07,Debit Card,Delivered
ORD02323,CUST0311,WH003,2025-01-05,Debit Card,Cancelled
ORD02324,CUST0821,WH004,2025-09-03,Credit Card,Delivered
ORD02325,CUST0491,WH004,2025-09-02,UPI,Delivered
ORD02326,CUST0649,WH009,2025-10-11,UPI,Delivered
ORD02327,CUST0879,WH009,2025-03-07,Credit Card,Shipped
ORD02328,CUST0490,WH009,2025-02-04,UPI,Delivered
ORD02329,CUST0642,WH007,2025-05-07,Debit Card,Cancelled
ORD02330,CUST0417,WH001,2025-05-15,Cash,Delivered
ORD02331,CUST0800,WH007,2025-06-14,UPI,Delivered
ORD02332,CUST0401,WH008,2025-07-11,Net Banking,Shipped
ORD02333,CUST0767,WH003,2025-04-26,Cash,Delivered
ORD02334,CUST0911,WH007,2025-09-18,Credit Card,Delivered
ORD02335,CUST0295,WH008,2025-09-24,UPI,Delivered
ORD02336,CUST0428,WH002,2025-01-16,Net Banking,Delivered
ORD02337,CUST0792,WH001,2025-03-16,Debit Card,Delivered
ORD02338,CUST0476,WH006,2025-05-24,Debit Card,Shipped
ORD02339,CUST0335,WH005,2025-11-06,Cash,Delivered
ORD02340,CUST0776,WH010,2025-07-17,Net Banking,Cancelled
ORD02341,CUST0614,WH010,2025-11-06,Credit Card,Delivered
ORD02342,CUST0709,WH008,2025-02-16,Debit Card,Delivered
ORD02343,CUST0647,WH002,2025-11-12,Debit Card,Delivered
ORD02344,CUST0896,WH005,2025-05-19,Net Banking,Delivered
ORD02345,CUST0950,WH006,2025-06-10,Credit Card,Delivered
ORD02346,CUST0996,WH005,2025-06-28,Credit Card,Shipped
ORD02347,CUST0693,WH007,2025-09-23,Debit Card,Delivered
ORD02348,CUST0686,WH004,2025-08-06,Net Banking,Cancelled
ORD02349,CUST0822,WH005,2025-03-13,Credit Card,Delivered
ORD02350,CUST0730,WH009,2025-07-05,Net Banking,Delivered
ORD02351,CUST0596,WH009,2025-08-25,Credit Card,Delivered
ORD02352,CUST0654,WH004,2025-05-30,Credit Card,Delivered
ORD02353,CUST0851,WH006,2025-11-21,Credit Card,Cancelled
ORD02354,CUST0384,WH004,2025-09-12,Cash,Delivered
ORD02355,CUST0955,WH010,2025-05-19,Cash,Delivered
ORD02356,CUST0261,WH010,2025-03-16,UPI,Delivered
ORD02357,CUST0833,WH009,2025-07-12,Cash,Delivered
ORD02358,CUST0832,WH005,2025-04-07,Cash,Delivered
ORD02359,CUST0598,WH005,2025-10-09,Net Banking,Delivered
ORD02360,CUST0273,WH001,2025-04-12,Cash,Delivered
ORD02361,CUST0610,WH002,2025-09-08,Cash,Delivered
ORD02362,CUST0123,WH003,2025-06-10,Credit Card,Delivered
ORD02363,CUST0043,WH002,2025-01-28,Debit Card,Delivered
ORD02364,CUST0275,WH003,2025-10-02,UPI,Cancelled
ORD02365,CUST0434,WH004,2025-12-18,UPI,Cancelled
ORD02366,CUST0062,WH001,2025-10-18,UPI,Delivered
ORD02367,CUST0737,WH005,2025-11-16,Debit Card,Delivered
ORD02368,CUST0226,WH010,2025-04-29,Net Banking,Delivered
ORD02369,CUST0951,WH009,2025-05-17,Debit Card,Shipped
ORD02370,CUST0024,WH009,2025-03-19,Net Banking,Delivered
ORD02371,CUST0176,WH007,2025-04-23,Credit Card,Delivered
ORD02372,CUST0978,WH003,2025-01-09,UPI,Delivered
ORD02373,CUST0998,WH005,2025-11-11,Cash,Delivered
ORD02374,CUST0866,WH007,2025-05-07,Credit Card,Delivered
ORD02375,CUST0170,WH003,2025-11-09,Credit Card,Delivered
ORD02376,CUST0245,WH005,2025-01-02,Cash,Delivered
ORD02377,CUST0870,WH007,2025-11-04,Cash,Delivered
ORD02378,CUST0868,WH002,2025-02-21,Cash,Delivered
ORD02379,CUST0154,WH007,2025-08-15,Net Banking,Shipped
ORD02380,CUST0555,WH005,2025-01-12,Credit Card,Cancelled
ORD02381,CUST0448,WH009,2025-09-09,Debit Card,Delivered
ORD02382,CUST0520,WH010,2025-09-13,Cash,Shipped
ORD02383,CUST0211,WH006,2025-11-07,Credit Card,Delivered
ORD02384,CUST0858,WH007,2025-11-04,Credit Card,Shipped
ORD02385,CUST0224,WH006,2025-04-17,Debit Card,Delivered
ORD02386,CUST0733,WH005,2025-05-08,Credit Card,Delivered
ORD02387,CUST0984,WH001,2025-08-29,Net Banking,Delivered
ORD02388,CUST0067,WH008,2025-12-24,UPI,Delivered
ORD02389,CUST0369,WH007,2025-06-26,UPI,Delivered
ORD02390,CUST0932,WH007,2025-08-17,UPI,Delivered
ORD02391,CUST0235,WH005,2025-06-28,Debit Card,Cancelled
ORD02392,CUST0491,WH003,2025-05-14,Credit Card,Delivered
ORD02393,CUST0661,WH009,2025-10-27,Net Banking,Delivered
ORD02394,CUST0867,WH001,2025-04-11,Cash,Delivered
ORD02395,CUST0093,WH003,2025-04-28,UPI,Delivered
ORD02396,CUST0052,WH005,2025-10-11,UPI,Delivered
ORD02397,CUST0464,WH003,2025-05-11,Debit Card,Delivered
ORD02398,CUST0286,WH003,2025-08-12,Credit Card,Delivered
ORD02399,CUST0534,WH002,2025-03-27,Credit Card,Cancelled
ORD02400,CUST0054,WH010,2025-11-14,Credit Card,Delivered
ORD02401,CUST0965,WH007,2025-08-29,Credit Card,Delivered
ORD02402,CUST0618,WH002,2025-04-11,UPI,Shipped
ORD02403,CUST0837,WH003,2025-05-18,Net Banking,Delivered
ORD02404,CUST0567,WH006,2025-08-25,Credit Card,Delivered
ORD02405,CUST0252,WH001,2025-04-06,Debit Card,Shipped
ORD02406,CUST0526,WH001,2025-05-20,Net Banking,Delivered
ORD02407,CUST0404,WH003,2025-01-30,Credit Card,Delivered
ORD02408,CUST0867,WH003,2025-03-21,Credit Card,Shipped
ORD02409,CUST0588,WH005,2025-07-08,Cash,Delivered
ORD02410,CUST0728,WH002,2025-03-31,Credit Card,Delivered
ORD02411,CUST0773,WH001,2025-11-07,UPI,Returned
ORD02412,CUST0001,WH005,2025-03-11,Cash,Delivered
ORD02413,CUST0694,WH007,2025-09-08,Net Banking,Delivered
ORD02414,CUST0911,WH009,2025-07-26,Cash,Returned
ORD02415,CUST0363,WH010,2025-09-24,Net Banking,Delivered
ORD02416,CUST0770,WH005,2025-07-27,Net Banking,Cancelled
ORD02417,CUST0516,WH008,2025-03-27,Credit Card,Shipped
ORD02418,CUST0076,WH010,2025-04-16,Debit Card,Shipped
ORD02419,CUST0619,WH007,2025-03-01,Cash,Delivered
ORD02420,CUST0025,WH006,2025-07-11,Cash,Delivered
ORD02421,CUST0221,WH007,2025-01-09,Credit Card,Delivered
ORD02422,CUST0810,WH003,2025-10-30,Debit Card,Delivered
ORD02423,CUST0017,WH004,2025-03-14,Cash,Delivered
ORD02424,CUST0478,WH008,2025-07-24,Debit Card,Cancelled
ORD02425,CUST0134,WH007,2025-08-26,UPI,Delivered
ORD02426,CUST0919,WH002,2025-03-16,Debit Card,Delivered
ORD02427,CUST0477,WH007,2025-06-29,Cash,Delivered
ORD02428,CUST0364,WH009,2025-05-31,Net Banking,Delivered
ORD02429,CUST0070,WH006,2025-09-03,Debit Card,Delivered
ORD02430,CUST0170,WH001,2025-09-17,UPI,Delivered
ORD02431,CUST0576,WH005,2025-12-31,UPI,Delivered
ORD02432,CUST0646,WH009,2025-04-22,Debit Card,Delivered
ORD02433,CUST0343,WH010,2025-07-26,Cash,Delivered
ORD02434,CUST0292,WH006,2025-06-17,UPI,Shipped
ORD02435,CUST0127,WH008,2025-10-27,Cash,Delivered
ORD02436,CUST0038,WH009,2025-09-21,Net Banking,Delivered
ORD02437,CUST0956,WH007,2025-03-20,Debit Card,Delivered
ORD02438,CUST0750,WH005,2025-08-14,Credit Card,Delivered
ORD02439,CUST0096,WH010,2025-04-11,Cash,Delivered
ORD02440,CUST0043,WH001,2025-04-23,Debit Card,Delivered
ORD02441,CUST0200,WH007,2025-03-10,Net Banking,Delivered
ORD02442,CUST0438,WH009,2025-03-19,Net Banking,Delivered
ORD02443,CUST0001,WH002,2025-04-18,Credit Card,Shipped
ORD02444,CUST0745,WH008,2025-05-16,UPI,Delivered
ORD02445,CUST0948,WH008,2025-03-26,UPI,Delivered
ORD02446,CUST0832,WH006,2025-08-24,Net Banking,Delivered
ORD02447,CUST0872,WH008,2025-07-10,Debit Card,Delivered
ORD02448,CUST0911,WH006,2025-10-08,Debit Card,Delivered
ORD02449,CUST0699,WH010,2025-12-08,Net Banking,Delivered
ORD02450,CUST0797,WH004,2025-11-01,Credit Card,Shipped
ORD02451,CUST0495,WH005,2025-08-11,Debit Card,Cancelled
ORD02452,CUST0511,WH007,2025-06-03,UPI,Returned
ORD02453,CUST0821,WH005,2025-06-03,UPI,Shipped
ORD02454,CUST0229,WH004,2025-10-12,Credit Card,Delivered
ORD02455,CUST0949,WH002,2025-03-20,Net Banking,Delivered
ORD02456,CUST0761,WH007,2025-07-31,Cash,Delivered
ORD02457,CUST0084,WH004,2025-06-03,Credit Card,Delivered
ORD02458,CUST0068,WH006,2025-12-06,UPI,Delivered
ORD02459,CUST0158,WH007,2025-08-10,Cash,Returned
ORD02460,CUST0961,WH006,2025-06-20,UPI,Delivered
ORD02461,CUST0901,WH008,2025-09-07,Cash,Delivered
ORD02462,CUST0441,WH004,2025-07-27,Debit Card,Delivered
ORD02463,CUST0345,WH003,2025-03-26,Net Banking,Delivered
ORD02464,CUST0874,WH002,2025-07-12,UPI,Delivered
ORD02465,CUST0154,WH009,2025-01-05,Cash,Delivered
ORD02466,CUST0957,WH003,2025-02-17,UPI,Delivered
ORD02467,CUST0034,WH003,2025-04-01,Debit Card,Returned
ORD02468,CUST0696,WH006,2025-07-07,Net Banking,Delivered
ORD02469,CUST0915,WH005,2025-03-26,Debit Card,Delivered
ORD02470,CUST0085,WH001,2025-10-26,Net Banking,Delivered
ORD02471,CUST0809,WH003,2025-04-09,Cash,Shipped
ORD02472,CUST0111,WH005,2025-09-09,Net Banking,Delivered
ORD02473,CUST0074,WH010,2025-09-27,Debit Card,Delivered
ORD02474,CUST0621,WH005,2025-08-25,Credit Card,Delivered
ORD02475,CUST0528,WH002,2025-12-25,Cash,Delivered
ORD02476,CUST0291,WH001,2025-12-19,Cash,Shipped
ORD02477,CUST0167,WH008,2025-12-07,Cash,Delivered
ORD02478,CUST0314,WH005,2025-09-18,Cash,Delivered
ORD02479,CUST0814,WH005,2025-05-01,Debit Card,Delivered
ORD02480,CUST0153,WH003,2025-08-25,UPI,Delivered
ORD02481,CUST0897,WH002,2025-10-28,Credit Card,Delivered
ORD02482,CUST0130,WH003,2025-08-18,UPI,Delivered
ORD02483,CUST0705,WH006,2025-06-20,Net Banking,Delivered
ORD02484,CUST0446,WH007,2025-09-04,UPI,Cancelled
ORD02485,CUST0966,WH009,2025-12-09,Net Banking,Delivered
ORD02486,CUST0215,WH008,2025-12-30,UPI,Delivered
ORD02487,CUST0197,WH006,2025-07-20,UPI,Delivered
ORD02488,CUST0399,WH003,2025-05-10,Cash,Delivered
ORD02489,CUST0803,WH006,2025-07-23,Cash,Delivered
ORD02490,CUST0764,WH007,2025-06-17,Debit Card,Returned
ORD02491,CUST0889,WH003,2025-10-18,UPI,Shipped
ORD02492,CUST0978,WH005,2025-03-26,Cash,Delivered
ORD02493,CUST0152,WH001,2025-06-21,Credit Card,Delivered
ORD02494,CUST0508,WH005,2025-11-06,Credit Card,Delivered
ORD02495,CUST0040,WH001,2025-08-02,Debit Card,Delivered
ORD02496,CUST0382,WH006,2025-11-11,UPI,Delivered
ORD02497,CUST0207,WH004,2025-09-14,Credit Card,Delivered
ORD02498,CUST0879,WH009,2025-12-04,Debit Card,Delivered
ORD02499,CUST0605,WH010,2025-09-28,Net Banking,Delivered
ORD02500,CUST0466,WH010,2025-01-21,Net Banking,Delivered
ORD02501,CUST0046,WH005,2025-08-22,Debit Card,Delivered
ORD02502,CUST0643,WH002,2025-10-29,Cash,Shipped
ORD02503,CUST0952,WH008,2025-08-02,Net Banking,Delivered
ORD02504,CUST0855,WH010,2025-06-11,Credit Card,Delivered
ORD02505,CUST0913,WH001,2025-06-03,Credit Card,Delivered
ORD02506,CUST0261,WH007,2025-10-24,Debit Card,Delivered
ORD02507,CUST0042,WH004,2025-04-28,Cash,Delivered
ORD02508,CUST0441,WH001,2025-01-02,UPI,Shipped
ORD02509,CUST0549,WH009,2025-05-21,Cash,Delivered
ORD02510,CUST0807,WH005,2025-11-24,Net Banking,Delivered
ORD02511,CUST0595,WH004,2025-09-12,Net Banking,Delivered
ORD02512,CUST0799,WH002,2025-05-28,Credit Card,Cancelled
ORD02513,CUST0575,WH006,2025-07-19,Credit Card,Delivered
ORD02514,CUST0015,WH007,2025-04-13,UPI,Delivered
ORD02515,CUST0970,WH008,2025-05-06,UPI,Delivered
ORD02516,CUST0174,WH005,2025-05-13,Debit Card,Delivered
ORD02517,CUST0209,WH003,2025-08-07,Debit Card,Delivered
ORD02518,CUST0317,WH009,2025-05-28,Net Banking,Delivered
ORD02519,CUST0160,WH002,2025-02-09,UPI,Returned
ORD02520,CUST0798,WH005,2025-02-03,Credit Card,Delivered
ORD02521,CUST0346,WH002,2025-08-20,Net Banking,Shipped
ORD02522,CUST0477,WH009,2025-10-01,UPI,Delivered
ORD02523,CUST0285,WH002,2025-11-11,Debit Card,Shipped
ORD02524,CUST0181,WH007,2025-06-30,Credit Card,Delivered
ORD02525,CUST0743,WH001,2025-05-09,Net Banking,Shipped
ORD02526,CUST0065,WH003,2025-02-14,Credit Card,Delivered
ORD02527,CUST0835,WH009,2025-09-25,Credit Card,Delivered
ORD02528,CUST0360,WH001,2025-11-20,Debit Card,Shipped
ORD02529,CUST0107,WH009,2025-08-10,Cash,Delivered
ORD02530,CUST0636,WH008,2025-04-08,Net Banking,Delivered
ORD02531,CUST1000,WH004,2025-02-04,Cash,Delivered
ORD02532,CUST0397,WH006,2025-08-23,Debit Card,Delivered
ORD02533,CUST0038,WH008,2025-01-22,Credit Card,Delivered
ORD02534,CUST0018,WH006,2025-07-01,Debit Card,Delivered
ORD02535,CUST0993,WH006,2025-01-04,Cash,Delivered
ORD02536,CUST0609,WH009,2025-02-19,Net Banking,Shipped
ORD02537,CUST0140,WH008,2025-10-31,Cash,Delivered
ORD02538,CUST0744,WH006,2025-10-10,UPI,Delivered
ORD02539,CUST0806,WH006,2025-01-17,Credit Card,Delivered
ORD02540,CUST0301,WH001,2025-08-06,UPI,Delivered
ORD02541,CUST0681,WH003,2025-06-03,Debit Card,Shipped
ORD02542,CUST0288,WH006,2025-03-20,Cash,Returned
ORD02543,CUST0373,WH002,2025-09-29,Cash,Delivered
ORD02544,CUST0417,WH001,2025-06-03,UPI,Returned
ORD02545,CUST0190,WH002,2025-06-17,Credit Card,Cancelled
ORD02546,CUST0614,WH002,2025-11-05,Debit Card,Delivered
ORD02547,CUST0787,WH006,2025-05-16,Debit Card,Cancelled
ORD02548,CUST0591,WH004,2025-04-04,Net Banking,Shipped
ORD02549,CUST0051,WH005,2025-04-29,Debit Card,Shipped
ORD02550,CUST0773,WH009,2025-10-09,UPI,Shipped
ORD02551,CUST0958,WH010,2025-10-09,Net Banking,Delivered
ORD02552,CUST0674,WH005,2025-10-10,UPI,Cancelled
ORD02553,CUST0320,WH007,2025-01-21,UPI,Delivered
ORD02554,CUST0759,WH001,2025-05-18,Credit Card,Delivered
ORD02555,CUST0005,WH002,2025-10-29,Cash,Delivered
ORD02556,CUST0416,WH009,2025-07-04,UPI,Delivered
ORD02557,CUST0963,WH009,2025-10-30,Credit Card,Delivered
ORD02558,CUST0190,WH010,2025-03-28,UPI,Delivered
ORD02559,CUST0482,WH004,2025-01-09,Credit Card,Delivered
ORD02560,CUST0522,WH004,2025-12-16,Cash,Delivered
ORD02561,CUST0897,WH005,2025-09-25,Net Banking,Shipped
ORD02562,CUST0505,WH009,2025-04-07,Credit Card,Delivered
ORD02563,CUST0628,WH007,2025-04-19,Credit Card,Shipped
ORD02564,CUST0353,WH003,2025-05-30,Cash,Returned
ORD02565,CUST0933,WH010,2025-07-30,Debit Card,Delivered
ORD02566,CUST0877,WH002,2025-11-12,Cash,Delivered
ORD02567,CUST0510,WH001,2025-11-06,UPI,Delivered
ORD02568,CUST0765,WH005,2025-04-08,Credit Card,Delivered
ORD02569,CUST0595,WH002,2025-11-25,Credit Card,Delivered
ORD02570,CUST0237,WH004,2025-01-21,UPI,Delivered
ORD02571,CUST0405,WH003,2025-12-17,Credit Card,Delivered
ORD02572,CUST0589,WH001,2025-02-27,Credit Card,Delivered
ORD02573,CUST0015,WH007,2025-12-23,UPI,Delivered
ORD02574,CUST0148,WH003,2025-08-17,UPI,Shipped
ORD02575,CUST0421,WH007,2025-06-16,Net Banking,Delivered
ORD02576,CUST0680,WH004,2025-08-16,Credit Card,Delivered
ORD02577,CUST0193,WH004,2025-06-30,Cash,Delivered
ORD02578,CUST0448,WH001,2025-05-21,Debit Card,Delivered
ORD02579,CUST0163,WH001,2025-08-26,UPI,Delivered
ORD02580,CUST0297,WH004,2025-09-26,Cash,Delivered
ORD02581,CUST0145,WH005,2025-05-28,Debit Card,Delivered
ORD02582,CUST0485,WH009,2025-01-08,UPI,Delivered
ORD02583,CUST0311,WH004,2025-06-28,Cash,Delivered
ORD02584,CUST0860,WH008,2025-05-22,Cash,Delivered
ORD02585,CUST0226,WH008,2025-09-03,Credit Card,Delivered
ORD02586,CUST0661,WH008,2025-05-01,Cash,Delivered
ORD02587,CUST0522,WH003,2025-10-10,UPI,Delivered
ORD02588,CUST0535,WH005,2025-07-09,UPI,Delivered
ORD02589,CUST0529,WH005,2025-12-04,Cash,Delivered
ORD02590,CUST0981,WH002,2025-10-18,Credit Card,Cancelled
ORD02591,CUST0830,WH004,2025-05-10,Net Banking,Shipped
ORD02592,CUST0819,WH009,2025-10-22,Credit Card,Delivered
ORD02593,CUST0004,WH003,2025-09-28,UPI,Delivered
ORD02594,CUST0789,WH009,2025-12-20,Cash,Delivered
ORD02595,CUST0493,WH004,2025-01-01,Credit Card,Delivered
ORD02596,CUST0739,WH007,2025-06-06,Debit Card,Delivered
ORD02597,CUST0601,WH004,2025-05-20,Cash,Delivered
ORD02598,CUST0579,WH010,2025-11-05,Debit Card,Delivered
ORD02599,CUST0640,WH004,2025-08-30,Credit Card,Delivered
ORD02600,CUST0366,WH008,2025-06-22,Credit Card,Delivered
ORD02601,CUST0234,WH007,2025-09-10,Net Banking,Delivered
ORD02602,CUST0106,WH010,2025-02-09,Credit Card,Delivered
ORD02603,CUST0210,WH008,2025-01-23,Cash,Delivered
ORD02604,CUST0106,WH009,2025-02-07,Cash,Delivered
ORD02605,CUST0756,WH004,2025-04-24,Credit Card,Delivered
ORD02606,CUST0263,WH001,2025-01-19,Net Banking,Delivered
ORD02607,CUST0659,WH010,2025-05-24,Cash,Cancelled
ORD02608,CUST0349,WH004,2025-02-17,Net Banking,Delivered
ORD02609,CUST0811,WH010,2025-05-09,Net Banking,Delivered
ORD02610,CUST0046,WH008,2025-05-04,Debit Card,Delivered
ORD02611,CUST0776,WH001,2025-12-03,Cash,Shipped
ORD02612,CUST0815,WH007,2025-04-21,Debit Card,Delivered
ORD02613,CUST0597,WH004,2025-09-15,Net Banking,Delivered
ORD02614,CUST0714,WH006,2025-08-07,Debit Card,Shipped
ORD02615,CUST0713,WH003,2025-10-12,UPI,Delivered
ORD02616,CUST0586,WH001,2025-11-18,Debit Card,Delivered
ORD02617,CUST0240,WH001,2025-03-22,Credit Card,Delivered
ORD02618,CUST0203,WH003,2025-04-18,Debit Card,Delivered
ORD02619,CUST0461,WH004,2025-12-05,Net Banking,Delivered
ORD02620,CUST0744,WH004,2025-03-02,Debit Card,Delivered
ORD02621,CUST0855,WH007,2025-06-03,Credit Card,Delivered
ORD02622,CUST0486,WH007,2025-03-23,UPI,Delivered
ORD02623,CUST0546,WH003,2025-01-18,Cash,Delivered
ORD02624,CUST0217,WH002,2025-03-22,Credit Card,Delivered
ORD02625,CUST0235,WH003,2025-08-11,Debit Card,Delivered
ORD02626,CUST0906,WH009,2025-10-12,Net Banking,Cancelled
ORD02627,CUST0338,WH008,2025-10-27,Credit Card,Shipped
ORD02628,CUST0546,WH010,2025-11-01,Credit Card,Returned
ORD02629,CUST0177,WH010,2025-08-06,Cash,Delivered
ORD02630,CUST0621,WH004,2025-05-14,UPI,Delivered
ORD02631,CUST0385,WH009,2025-06-01,Cash,Cancelled
ORD02632,CUST0119,WH003,2025-10-25,UPI,Delivered
ORD02633,CUST0547,WH002,2025-12-25,Net Banking,Delivered
ORD02634,CUST0595,WH003,2025-11-29,UPI,Delivered
ORD02635,CUST0897,WH004,2025-10-03,Credit Card,Delivered
ORD02636,CUST0521,WH010,2025-01-26,Net Banking,Cancelled
ORD02637,CUST0552,WH009,2025-05-04,UPI,Delivered
ORD02638,CUST0096,WH005,2025-10-03,Debit Card,Delivered
ORD02639,CUST0848,WH003,2025-03-11,UPI,Delivered
ORD02640,CUST0144,WH004,2025-04-16,UPI,Delivered
ORD02641,CUST0453,WH002,2025-11-16,Cash,Delivered
ORD02642,CUST0083,WH006,2025-10-07,Cash,Delivered
ORD02643,CUST0868,WH006,2025-05-22,UPI,Delivered
ORD02644,CUST0799,WH001,2025-01-06,UPI,Shipped
ORD02645,CUST0086,WH006,2025-01-16,Credit Card,Shipped
ORD02646,CUST0600,WH002,2025-11-23,UPI,Delivered
ORD02647,CUST0976,WH002,2025-09-04,Cash,Shipped
ORD02648,CUST0664,WH006,2025-10-03,UPI,Shipped
ORD02649,CUST0027,WH003,2025-11-06,Debit Card,Delivered
ORD02650,CUST0118,WH009,2025-12-11,Debit Card,Shipped
ORD02651,CUST0164,WH002,2025-05-14,Net Banking,Shipped
ORD02652,CUST0685,WH010,2025-11-04,Net Banking,Delivered
ORD02653,CUST0535,WH002,2025-09-09,Credit Card,Delivered
ORD02654,CUST0514,WH010,2025-05-28,UPI,Delivered
ORD02655,CUST0042,WH009,2025-08-29,Cash,Delivered
ORD02656,CUST0614,WH001,2025-01-23,UPI,Delivered
ORD02657,CUST0387,WH006,2025-05-06,Debit Card,Delivered
ORD02658,CUST0282,WH009,2025-09-22,Credit Card,Delivered
ORD02659,CUST0126,WH004,2025-10-16,Cash,Delivered
ORD02660,CUST0524,WH004,2025-05-18,Debit Card,Delivered
ORD02661,CUST0375,WH005,2025-01-26,Credit Card,Shipped
ORD02662,CUST0748,WH001,2025-07-12,Net Banking,Delivered
ORD02663,CUST0482,WH001,2025-11-17,Cash,Delivered
ORD02664,CUST0617,WH010,2025-07-30,Net Banking,Delivered
ORD02665,CUST0806,WH001,2025-07-01,Net Banking,Shipped
ORD02666,CUST0190,WH003,2025-09-27,UPI,Delivered
ORD02667,CUST0951,WH002,2025-01-25,Cash,Delivered
ORD02668,CUST0128,WH009,2025-09-28,Net Banking,Delivered
ORD02669,CUST0641,WH005,2025-05-14,Credit Card,Delivered
ORD02670,CUST0511,WH004,2025-08-31,Net Banking,Delivered
ORD02671,CUST0542,WH002,2025-04-07,Cash,Delivered
ORD02672,CUST0690,WH002,2025-03-21,Credit Card,Delivered
ORD02673,CUST0695,WH005,2025-11-13,Credit Card,Delivered
ORD02674,CUST0686,WH005,2025-11-27,Cash,Delivered
ORD02675,CUST0249,WH007,2025-01-11,Credit Card,Delivered
ORD02676,CUST0442,WH004,2025-09-28,UPI,Delivered
ORD02677,CUST0085,WH008,2025-05-09,UPI,Shipped
ORD02678,CUST0969,WH007,2025-05-30,Credit Card,Delivered
ORD02679,CUST0776,WH005,2025-07-11,UPI,Delivered
ORD02680,CUST0739,WH006,2025-04-28,Debit Card,Delivered
ORD02681,CUST0301,WH004,2025-04-06,UPI,Delivered
ORD02682,CUST0387,WH005,2025-08-29,Cash,Shipped
ORD02683,CUST0526,WH010,2025-05-29,Net Banking,Delivered
ORD02684,CUST0791,WH004,2025-01-12,UPI,Delivered
ORD02685,CUST0715,WH009,2025-10-12,Net Banking,Delivered
ORD02686,CUST0340,WH003,2025-05-22,Cash,Delivered
ORD02687,CUST0064,WH006,2025-12-23,UPI,Delivered
ORD02688,CUST0059,WH005,2025-11-24,Credit Card,Delivered
ORD02689,CUST0214,WH006,2025-04-21,Credit Card,Shipped
ORD02690,CUST0602,WH006,2025-05-12,UPI,Delivered
ORD02691,CUST0827,WH003,2025-04-24,UPI,Delivered
ORD02692,CUST0615,WH008,2025-12-31,Net Banking,Delivered
ORD02693,CUST0558,WH001,2025-03-05,Net Banking,Returned
ORD02694,CUST0608,WH002,2025-05-04,Credit Card,Delivered
ORD02695,CUST0415,WH006,2025-03-10,Credit Card,Delivered
ORD02696,CUST0876,WH001,2025-07-28,UPI,Returned
ORD02697,CUST0780,WH009,2025-11-10,Cash,Shipped
ORD02698,CUST0399,WH002,2025-06-17,Cash,Returned
ORD02699,CUST0798,WH009,2025-07-28,Net Banking,Cancelled
ORD02700,CUST0934,WH003,2025-01-06,Credit Card,Shipped
ORD02701,CUST0601,WH002,2025-01-16,Debit Card,Shipped
ORD02702,CUST0563,WH003,2025-02-27,Net Banking,Delivered
ORD02703,CUST0251,WH007,2025-01-07,Debit Card,Delivered
ORD02704,CUST0510,WH005,2025-12-26,Debit Card,Shipped
ORD02705,CUST0123,WH007,2025-11-02,UPI,Cancelled
ORD02706,CUST0219,WH007,2025-12-15,Debit Card,Delivered
ORD02707,CUST0138,WH001,2025-06-27,UPI,Delivered
ORD02708,CUST0828,WH002,2025-02-06,Net Banking,Delivered
ORD02709,CUST0294,WH002,2025-10-22,Net Banking,Delivered
ORD02710,CUST0407,WH009,2025-04-29,Cash,Delivered
ORD02711,CUST0601,WH003,2025-01-14,Cash,Delivered
ORD02712,CUST0965,WH004,2025-03-22,Net Banking,Delivered
ORD02713,CUST0076,WH004,2025-03-17,Cash,Delivered
ORD02714,CUST0429,WH002,2025-06-22,UPI,Delivered
ORD02715,CUST0713,WH005,2025-01-19,Credit Card,Delivered
ORD02716,CUST0964,WH001,2025-07-28,Debit Card,Delivered
ORD02717,CUST0244,WH008,2025-06-22,Cash,Delivered
ORD02718,CUST0532,WH002,2025-01-24,UPI,Delivered
ORD02719,CUST0800,WH001,2025-08-07,UPI,Cancelled
ORD02720,CUST0533,WH004,2025-01-29,Debit Card,Delivered
ORD02721,CUST0091,WH001,2025-11-08,Cash,Delivered
ORD02722,CUST0075,WH006,2025-08-22,Credit Card,Delivered
ORD02723,CUST0787,WH004,2025-03-31,Debit Card,Cancelled
ORD02724,CUST0054,WH007,2025-07-02,Net Banking,Delivered
ORD02725,CUST0586,WH002,2025-08-12,Cash,Delivered
ORD02726,CUST0435,WH009,2025-09-06,Credit Card,Delivered
ORD02727,CUST0852,WH005,2025-09-26,Debit Card,Delivered
ORD02728,CUST0119,WH004,2025-01-21,Debit Card,Cancelled
ORD02729,CUST0813,WH009,2025-01-03,Cash,Shipped
ORD02730,CUST0306,WH004,2025-06-25,Cash,Shipped
ORD02731,CUST0755,WH009,2025-10-09,Credit Card,Delivered
ORD02732,CUST0240,WH006,2025-04-19,Net Banking,Delivered
ORD02733,CUST0105,WH006,2025-01-28,Cash,Delivered
ORD02734,CUST0621,WH001,2025-01-10,Net Banking,Delivered
ORD02735,CUST0595,WH002,2025-10-17,Debit Card,Delivered
ORD02736,CUST0958,WH001,2025-04-04,Cash,Returned
ORD02737,CUST0827,WH003,2025-10-26,Cash,Shipped
ORD02738,CUST0587,WH010,2025-12-28,Cash,Shipped
ORD02739,CUST0828,WH007,2025-10-21,Debit Card,Shipped
ORD02740,CUST0620,WH010,2025-11-25,Cash,Delivered
ORD02741,CUST0303,WH003,2025-09-25,Net Banking,Shipped
ORD02742,CUST0394,WH010,2025-10-24,Credit Card,Delivered
ORD02743,CUST0106,WH005,2025-10-17,UPI,Shipped
ORD02744,CUST0584,WH010,2025-06-08,Credit Card,Returned
ORD02745,CUST0111,WH003,2025-04-08,Credit Card,Delivered
ORD02746,CUST0795,WH007,2025-03-14,Cash,Delivered
ORD02747,CUST0418,WH010,2025-01-29,UPI,Returned
ORD02748,CUST0159,WH007,2025-08-31,UPI,Delivered
ORD02749,CUST0996,WH001,2025-08-02,Cash,Delivered
ORD02750,CUST0317,WH009,2025-04-21,Credit Card,Delivered
ORD02751,CUST0334,WH010,2025-04-23,Debit Card,Delivered
ORD02752,CUST0142,WH009,2025-09-24,UPI,Shipped
ORD02753,CUST0848,WH001,2025-05-26,Debit Card,Returned
ORD02754,CUST0121,WH003,2025-12-06,Net Banking,Delivered
ORD02755,CUST0031,WH009,2025-06-24,Credit Card,Delivered
ORD02756,CUST0558,WH003,2025-07-03,Cash,Delivered
ORD02757,CUST0803,WH009,2025-02-17,Cash,Delivered
ORD02758,CUST0417,WH002,2025-06-26,Credit Card,Delivered
ORD02759,CUST0829,WH007,2025-09-04,UPI,Delivered
ORD02760,CUST0904,WH003,2025-12-18,Credit Card,Shipped
ORD02761,CUST0586,WH006,2025-06-10,UPI,Delivered
ORD02762,CUST0796,WH005,2025-04-09,Cash,Delivered
ORD02763,CUST0602,WH005,2025-05-04,Net Banking,Delivered
ORD02764,CUST0876,WH001,2025-01-21,Credit Card,Delivered
ORD02765,CUST0002,WH001,2025-04-25,Net Banking,Delivered
ORD02766,CUST0930,WH007,2025-07-20,UPI,Returned
ORD02767,CUST0854,WH007,2025-03-01,Net Banking,Delivered
ORD02768,CUST0685,WH004,2025-02-11,Net Banking,Delivered
ORD02769,CUST0050,WH002,2025-01-14,Cash,Delivered
ORD02770,CUST0664,WH005,2025-11-10,UPI,Delivered
ORD02771,CUST0075,WH006,2025-11-07,UPI,Delivered
ORD02772,CUST0884,WH009,2025-04-01,Credit Card,Cancelled
ORD02773,CUST0658,WH007,2025-08-15,Credit Card,Delivered
ORD02774,CUST0226,WH005,2025-07-08,Debit Card,Delivered
ORD02775,CUST0452,WH008,2025-09-11,Net Banking,Delivered
ORD02776,CUST0060,WH008,2025-03-25,Credit Card,Delivered
ORD02777,CUST0688,WH003,2025-07-30,Net Banking,Delivered
ORD02778,CUST0569,WH002,2025-01-10,Cash,Delivered
ORD02779,CUST0945,WH007,2025-08-31,UPI,Returned
ORD02780,CUST0717,WH010,2025-10-17,UPI,Shipped
ORD02781,CUST0024,WH007,2025-05-15,Net Banking,Delivered
ORD02782,CUST0069,WH004,2025-05-15,Credit Card,Delivered
ORD02783,CUST0092,WH003,2025-04-29,Debit Card,Delivered
ORD02784,CUST0208,WH006,2025-03-29,Cash,Delivered
ORD02785,CUST0950,WH002,2025-10-06,Cash,Delivered
ORD02786,CUST0695,WH002,2025-03-26,UPI,Delivered
ORD02787,CUST0389,WH002,2025-01-01,Credit Card,Shipped
ORD02788,CUST0845,WH009,2025-05-02,Debit Card,Delivered
ORD02789,CUST0560,WH010,2025-09-11,Debit Card,Delivered
ORD02790,CUST0224,WH008,2025-04-08,UPI,Cancelled
ORD02791,CUST0304,WH005,2025-10-07,Debit Card,Delivered
ORD02792,CUST0886,WH010,2025-03-28,Debit Card,Delivered
ORD02793,CUST0302,WH009,2025-07-22,UPI,Returned
ORD02794,CUST0442,WH005,2025-02-18,Debit Card,Returned
ORD02795,CUST0463,WH004,2025-05-02,Debit Card,Shipped
ORD02796,CUST0482,WH009,2025-07-23,UPI,Cancelled
ORD02797,CUST0759,WH008,2025-08-26,Net Banking,Delivered
ORD02798,CUST0077,WH001,2025-04-06,Credit Card,Delivered
ORD02799,CUST0916,WH010,2025-09-09,Net Banking,Shipped
ORD02800,CUST0644,WH004,2025-02-22,Debit Card,Delivered
ORD02801,CUST0176,WH010,2025-08-03,Net Banking,Delivered
ORD02802,CUST0804,WH010,2025-09-09,Cash,Delivered
ORD02803,CUST0888,WH004,2025-08-07,Net Banking,Delivered
ORD02804,CUST0869,WH009,2025-02-28,Credit Card,Delivered
ORD02805,CUST0419,WH001,2025-06-13,Debit Card,Delivered
ORD02806,CUST0983,WH001,2025-08-19,Cash,Shipped
ORD02807,CUST0558,WH007,2025-10-29,Cash,Delivered
ORD02808,CUST0465,WH008,2025-03-02,UPI,Delivered
ORD02809,CUST0242,WH007,2025-09-12,Net Banking,Shipped
ORD02810,CUST0881,WH001,2025-03-17,Debit Card,Shipped
ORD02811,CUST0554,WH003,2025-07-12,UPI,Delivered
ORD02812,CUST0185,WH004,2025-03-29,Debit Card,Delivered
ORD02813,CUST0089,WH007,2025-03-23,Debit Card,Delivered
ORD02814,CUST0553,WH008,2025-06-21,UPI,Delivered
ORD02815,CUST0584,WH003,2025-07-27,UPI,Delivered
ORD02816,CUST0075,WH010,2025-03-31,Credit Card,Delivered
ORD02817,CUST0993,WH008,2025-07-23,Net Banking,Returned
ORD02818,CUST0605,WH009,2025-10-13,Debit Card,Delivered
ORD02819,CUST0624,WH009,2025-11-16,Debit Card,Shipped
ORD02820,CUST0976,WH003,2025-01-09,Credit Card,Cancelled
ORD02821,CUST0872,WH006,2025-01-20,UPI,Returned
ORD02822,CUST0748,WH004,2025-12-21,Net Banking,Delivered
ORD02823,CUST0734,WH005,2025-11-03,Net Banking,Returned
ORD02824,CUST0134,WH005,2025-11-28,Net Banking,Delivered
ORD02825,CUST0525,WH009,2025-11-09,UPI,Delivered
ORD02826,CUST0356,WH008,2025-05-26,Net Banking,Delivered
ORD02827,CUST0712,WH008,2025-01-19,UPI,Delivered
ORD02828,CUST0241,WH009,2025-04-02,Cash,Delivered
ORD02829,CUST0201,WH009,2025-09-02,Credit Card,Delivered
ORD02830,CUST0463,WH005,2025-11-12,Cash,Shipped
ORD02831,CUST0066,WH008,2025-11-11,Cash,Delivered
ORD02832,CUST0394,WH009,2025-09-10,Credit Card,Shipped
ORD02833,CUST0938,WH007,2025-10-22,Net Banking,Delivered
ORD02834,CUST0858,WH003,2025-03-20,Debit Card,Delivered
ORD02835,CUST0506,WH001,2025-04-11,Net Banking,Delivered
ORD02836,CUST0001,WH007,2025-09-26,Credit Card,Delivered
ORD02837,CUST0378,WH001,2025-05-02,Debit Card,Cancelled
ORD02838,CUST0917,WH006,2025-12-06,Cash,Delivered
ORD02839,CUST0340,WH008,2025-11-14,Net Banking,Delivered
ORD02840,CUST0128,WH003,2025-12-11,Debit Card,Cancelled
ORD02841,CUST0798,WH006,2025-04-01,Debit Card,Delivered
ORD02842,CUST0957,WH009,2025-04-04,Cash,Delivered
ORD02843,CUST0201,WH003,2025-07-21,Debit Card,Shipped
ORD02844,CUST0302,WH003,2025-11-10,Credit Card,Delivered
ORD02845,CUST0700,WH009,2025-03-10,Net Banking,Shipped
ORD02846,CUST0851,WH004,2025-07-20,Credit Card,Delivered
ORD02847,CUST0957,WH002,2025-10-21,Debit Card,Delivered
ORD02848,CUST0082,WH006,2025-05-14,Credit Card,Delivered
ORD02849,CUST0740,WH008,2025-06-22,Credit Card,Cancelled
ORD02850,CUST0399,WH003,2025-06-25,Net Banking,Delivered
ORD02851,CUST0227,WH004,2025-10-29,Debit Card,Delivered
ORD02852,CUST0379,WH002,2025-12-18,Credit Card,Shipped
ORD02853,CUST0109,WH009,2025-09-16,Cash,Delivered
ORD02854,CUST0975,WH008,2025-01-14,Net Banking,Delivered
ORD02855,CUST0973,WH009,2025-07-17,Debit Card,Delivered
ORD02856,CUST0775,WH008,2025-06-14,Debit Card,Shipped
ORD02857,CUST0008,WH004,2025-04-25,Debit Card,Delivered
ORD02858,CUST0899,WH009,2025-03-03,Net Banking,Delivered
ORD02859,CUST0936,WH008,2025-02-27,Net Banking,Delivered
ORD02860,CUST0204,WH009,2025-01-25,Debit Card,Delivered
ORD02861,CUST0813,WH001,2025-05-18,UPI,Shipped
ORD02862,CUST0404,WH005,2025-04-18,UPI,Delivered
ORD02863,CUST0111,WH006,2025-08-21,Debit Card,Delivered
ORD02864,CUST0747,WH003,2025-04-21,Debit Card,Delivered
ORD02865,CUST0838,WH007,2025-04-20,Cash,Delivered
ORD02866,CUST0100,WH004,2025-09-26,Cash,Delivered
ORD02867,CUST0047,WH001,2025-06-12,Net Banking,Delivered
ORD02868,CUST0714,WH002,2025-03-18,Debit Card,Returned
ORD02869,CUST0037,WH006,2025-02-14,Credit Card,Delivered
ORD02870,CUST0542,WH002,2025-11-12,Net Banking,Delivered
ORD02871,CUST0062,WH010,2025-10-15,Credit Card,Shipped
ORD02872,CUST0279,WH006,2025-01-04,Credit Card,Delivered
ORD02873,CUST0540,WH009,2025-09-21,Debit Card,Delivered
ORD02874,CUST0958,WH006,2025-03-12,Net Banking,Shipped
ORD02875,CUST0427,WH001,2025-08-08,Debit Card,Shipped
ORD02876,CUST0519,WH007,2025-10-26,Cash,Delivered
ORD02877,CUST0306,WH003,2025-05-24,Credit Card,Delivered
ORD02878,CUST0523,WH006,2025-06-22,Debit Card,Delivered
ORD02879,CUST0751,WH010,2025-06-23,Cash,Returned
ORD02880,CUST0807,WH010,2025-06-12,Debit Card,Delivered
ORD02881,CUST0312,WH010,2025-03-07,UPI,Returned
ORD02882,CUST0439,WH006,2025-12-21,UPI,Delivered
ORD02883,CUST0904,WH001,2025-01-04,UPI,Delivered
ORD02884,CUST0382,WH004,2025-06-07,Net Banking,Delivered
ORD02885,CUST0075,WH004,2025-04-29,Credit Card,Delivered
ORD02886,CUST0819,WH006,2025-03-01,Debit Card,Delivered
ORD02887,CUST0332,WH006,2025-01-03,Cash,Delivered
ORD02888,CUST0649,WH007,2025-04-15,Net Banking,Delivered
ORD02889,CUST0103,WH005,2025-12-16,Debit Card,Delivered
ORD02890,CUST0538,WH010,2025-09-24,Cash,Delivered
ORD02891,CUST0734,WH008,2025-11-14,Credit Card,Delivered
ORD02892,CUST0960,WH004,2025-12-20,Cash,Delivered
ORD02893,CUST0808,WH008,2025-11-23,Debit Card,Delivered
ORD02894,CUST0765,WH001,2025-03-18,Credit Card,Delivered
ORD02895,CUST0757,WH003,2025-09-21,Debit Card,Delivered
ORD02896,CUST0539,WH004,2025-02-05,Credit Card,Delivered
ORD02897,CUST0755,WH003,2025-02-24,Credit Card,Shipped
ORD02898,CUST0205,WH010,2025-03-06,Credit Card,Cancelled
ORD02899,CUST0008,WH005,2025-11-27,Net Banking,Delivered
ORD02900,CUST0757,WH001,2025-07-13,UPI,Delivered
ORD02901,CUST0269,WH008,2025-08-01,Credit Card,Delivered
ORD02902,CUST0475,WH006,2025-10-11,UPI,Delivered
ORD02903,CUST0414,WH009,2025-08-30,UPI,Delivered
ORD02904,CUST0806,WH003,2025-04-01,Debit Card,Delivered
ORD02905,CUST0267,WH006,2025-06-14,Net Banking,Delivered
ORD02906,CUST0139,WH007,2025-09-05,Credit Card,Shipped
ORD02907,CUST0334,WH003,2025-01-17,Net Banking,Delivered
ORD02908,CUST0760,WH008,2025-12-09,Cash,Cancelled
ORD02909,CUST0247,WH002,2025-10-11,Cash,Delivered
ORD02910,CUST0736,WH008,2025-04-04,UPI,Delivered
ORD02911,CUST0065,WH008,2025-03-31,Credit Card,Delivered
ORD02912,CUST0949,WH010,2025-04-22,Net Banking,Returned
ORD02913,CUST0334,WH003,2025-01-15,Credit Card,Delivered
ORD02914,CUST0932,WH010,2025-10-18,Credit Card,Delivered
ORD02915,CUST0979,WH002,2025-03-29,Cash,Shipped
ORD02916,CUST0875,WH010,2025-12-03,UPI,Delivered
ORD02917,CUST0567,WH009,2025-05-01,Credit Card,Delivered
ORD02918,CUST0333,WH006,2025-03-27,Credit Card,Shipped
ORD02919,CUST0209,WH006,2025-10-04,Net Banking,Cancelled
ORD02920,CUST0428,WH002,2025-05-17,Cash,Delivered
ORD02921,CUST0755,WH008,2025-08-26,Credit Card,Delivered
ORD02922,CUST0297,WH004,2025-07-21,UPI,Delivered
ORD02923,CUST0887,WH005,2025-05-14,Net Banking,Shipped
ORD02924,CUST0626,WH002,2025-09-13,Credit Card,Cancelled
ORD02925,CUST0845,WH010,2025-11-06,Cash,Delivered
ORD02926,CUST0179,WH008,2025-10-20,UPI,Delivered
ORD02927,CUST0253,WH010,2025-06-19,Cash,Shipped
ORD02928,CUST0737,WH002,2025-09-12,Credit Card,Delivered
ORD02929,CUST0142,WH010,2025-06-17,Net Banking,Cancelled
ORD02930,CUST0249,WH003,2025-09-23,Credit Card,Delivered
ORD02931,CUST0771,WH002,2025-12-12,Credit Card,Shipped
ORD02932,CUST0747,WH001,2025-07-23,Net Banking,Delivered
ORD02933,CUST0905,WH001,2025-01-20,Debit Card,Shipped
ORD02934,CUST0622,WH008,2025-09-08,Net Banking,Delivered
ORD02935,CUST0449,WH006,2025-10-19,Credit Card,Delivered
ORD02936,CUST0900,WH006,2025-12-27,Net Banking,Delivered
ORD02937,CUST0653,WH009,2025-05-02,Cash,Cancelled
ORD02938,CUST0207,WH001,2025-01-21,Debit Card,Returned
ORD02939,CUST0945,WH007,2025-05-01,UPI,Shipped
ORD02940,CUST0329,WH002,2025-10-21,Cash,Delivered
ORD02941,CUST0977,WH004,2025-03-25,Net Banking,Cancelled
ORD02942,CUST0024,WH003,2025-02-17,Net Banking,Delivered
ORD02943,CUST0768,WH006,2025-10-28,UPI,Delivered
ORD02944,CUST0490,WH005,2025-04-12,Net Banking,Delivered
ORD02945,CUST0844,WH004,2025-11-10,UPI,Delivered
ORD02946,CUST0085,WH004,2025-08-29,Net Banking,Delivered
ORD02947,CUST0991,WH002,2025-11-08,Credit Card,Delivered
ORD02948,CUST0155,WH003,2025-11-21,UPI,Delivered
ORD02949,CUST0888,WH008,2025-03-02,Cash,Delivered
ORD02950,CUST0143,WH001,2025-12-05,UPI,Delivered
ORD02951,CUST0092,WH002,2025-12-11,UPI,Delivered
ORD02952,CUST0133,WH003,2025-02-23,UPI,Delivered
ORD02953,CUST0458,WH003,2025-01-17,Debit Card,Delivered
ORD02954,CUST0779,WH008,2025-09-28,Credit Card,Delivered
ORD02955,CUST0765,WH004,2025-11-15,UPI,Delivered
ORD02956,CUST0442,WH007,2025-04-09,Debit Card,Delivered
ORD02957,CUST0677,WH003,2025-01-07,Cash,Delivered
ORD02958,CUST0831,WH005,2025-12-07,Net Banking,Delivered
ORD02959,CUST0181,WH002,2025-05-25,UPI,Delivered
ORD02960,CUST0700,WH007,2025-10-13,Net Banking,Delivered
ORD02961,CUST0881,WH001,2025-06-22,Net Banking,Delivered
ORD02962,CUST0154,WH010,2025-03-10,Debit Card,Delivered
ORD02963,CUST0861,WH010,2025-01-09,Credit Card,Delivered
ORD02964,CUST0991,WH006,2025-07-07,Cash,Shipped
ORD02965,CUST0830,WH001,2025-02-03,Credit Card,Delivered
ORD02966,CUST0611,WH006,2025-10-19,Credit Card,Shipped
ORD02967,CUST0509,WH001,2025-10-26,UPI,Delivered
ORD02968,CUST0122,WH003,2025-08-21,Debit Card,Delivered
ORD02969,CUST0563,WH006,2025-07-03,Net Banking,Delivered
ORD02970,CUST0781,WH003,2025-06-07,Credit Card,Shipped
ORD02971,CUST0965,WH002,2025-05-13,Credit Card,Delivered
ORD02972,CUST0953,WH001,2025-09-04,Cash,Delivered
ORD02973,CUST0166,WH008,2025-11-11,Credit Card,Delivered
ORD02974,CUST0062,WH003,2025-05-23,Net Banking,Delivered
ORD02975,CUST0737,WH002,2025-08-15,Cash,Delivered
ORD02976,CUST0023,WH007,2025-10-30,Credit Card,Delivered
ORD02977,CUST0544,WH002,2025-05-25,Debit Card,Delivered
ORD02978,CUST0848,WH001,2025-03-23,Credit Card,Delivered
ORD02979,CUST0034,WH004,2025-05-27,UPI,Delivered
ORD02980,CUST0372,WH007,2025-11-12,Cash,Delivered
ORD02981,CUST0463,WH006,2025-11-24,Cash,Cancelled
ORD02982,CUST0638,WH002,2025-06-07,Debit Card,Delivered
ORD02983,CUST0798,WH006,2025-12-13,Debit Card,Delivered
ORD02984,CUST0969,WH004,2025-03-30,Debit Card,Delivered
ORD02985,CUST0141,WH005,2025-02-24,Cash,Delivered
ORD02986,CUST0046,WH009,2025-02-26,UPI,Shipped
ORD02987,CUST0126,WH001,2025-09-21,Credit Card,Delivered
ORD02988,CUST0568,WH004,2025-07-31,UPI,Delivered
ORD02989,CUST0782,WH002,2025-05-22,Cash,Delivered
ORD02990,CUST0044,WH009,2025-09-22,UPI,Delivered
ORD02991,CUST0376,WH008,2025-12-10,UPI,Delivered
ORD02992,CUST0890,WH002,2025-01-16,Debit Card,Delivered
ORD02993,CUST0087,WH004,2025-08-26,Net Banking,Delivered
ORD02994,CUST0105,WH004,2025-08-20,UPI,Delivered
ORD02995,CUST0341,WH002,2025-04-28,UPI,Shipped
ORD02996,CUST0370,WH009,2025-05-28,Debit Card,Delivered
ORD02997,CUST0821,WH007,2025-04-13,Credit Card,Delivered
ORD02998,CUST0026,WH001,2025-04-11,Net Banking,Delivered
ORD02999,CUST0545,WH009,2025-06-28,Debit Card,Delivered
ORD03000,CUST0440,WH010,2025-12-27,Debit Card,Delivered
ORD03001,CUST0124,WH009,2025-04-15,UPI,Delivered
ORD03002,CUST0823,WH004,2025-12-10,Net Banking,Delivered
ORD03003,CUST0945,WH005,2025-08-14,Cash,Cancelled
ORD03004,CUST0843,WH003,2025-08-12,UPI,Delivered
ORD03005,CUST0538,WH004,2025-02-02,Credit Card,Delivered
ORD03006,CUST0020,WH001,2025-09-01,UPI,Returned
ORD03007,CUST0425,WH007,2025-07-26,UPI,Delivered
ORD03008,CUST0642,WH010,2025-06-19,UPI,Shipped
ORD03009,CUST0052,WH008,2025-03-01,Net Banking,Delivered
ORD03010,CUST0128,WH005,2025-08-28,UPI,Delivered
ORD03011,CUST0269,WH010,2025-12-02,Credit Card,Delivered
ORD03012,CUST0070,WH010,2025-10-10,Debit Card,Delivered
ORD03013,CUST0256,WH002,2025-06-11,Debit Card,Shipped
ORD03014,CUST0262,WH010,2025-01-22,Net Banking,Delivered
ORD03015,CUST0305,WH010,2025-10-29,Cash,Cancelled
ORD03016,CUST0803,WH010,2025-07-22,Net Banking,Returned
ORD03017,CUST0230,WH002,2025-11-24,Credit Card,Delivered
ORD03018,CUST0702,WH002,2025-08-13,Cash,Delivered
ORD03019,CUST0768,WH005,2025-10-12,UPI,Delivered
ORD03020,CUST0979,WH002,2025-07-15,Credit Card,Delivered
ORD03021,CUST0976,WH001,2025-05-27,Cash,Delivered
ORD03022,CUST0255,WH004,2025-05-17,Credit Card,Shipped
ORD03023,CUST0188,WH004,2025-08-12,Net Banking,Delivered
ORD03024,CUST0297,WH010,2025-11-01,Net Banking,Cancelled
ORD03025,CUST0457,WH001,2025-11-09,UPI,Delivered
ORD03026,CUST0170,WH007,2025-05-16,Credit Card,Delivered
ORD03027,CUST0053,WH009,2025-08-28,Cash,Shipped
ORD03028,CUST0865,WH003,2025-10-04,UPI,Delivered
ORD03029,CUST0862,WH003,2025-01-29,UPI,Delivered
ORD03030,CUST0643,WH005,2025-12-05,UPI,Shipped
ORD03031,CUST0967,WH002,2025-10-07,Credit Card,Delivered
ORD03032,CUST0769,WH010,2025-12-26,Net Banking,Delivered
ORD03033,CUST0907,WH010,2025-09-16,Cash,Cancelled
ORD03034,CUST0086,WH008,2025-02-27,UPI,Delivered
ORD03035,CUST0516,WH010,2025-10-03,Debit Card,Cancelled
ORD03036,CUST0032,WH002,2025-09-18,Net Banking,Cancelled
ORD03037,CUST0312,WH009,2025-05-14,Credit Card,Delivered
ORD03038,CUST0463,WH006,2025-03-03,Net Banking,Delivered
ORD03039,CUST0585,WH008,2025-04-30,Net Banking,Delivered
ORD03040,CUST0553,WH003,2025-01-06,UPI,Shipped
ORD03041,CUST0554,WH001,2025-05-13,Cash,Delivered
ORD03042,CUST0683,WH002,2025-08-31,Credit Card,Shipped
ORD03043,CUST0577,WH002,2025-07-14,Debit Card,Delivered
ORD03044,CUST0783,WH002,2025-02-16,Credit Card,Delivered
ORD03045,CUST0691,WH010,2025-09-13,Debit Card,Shipped
ORD03046,CUST0687,WH007,2025-11-04,Net Banking,Cancelled
ORD03047,CUST0475,WH007,2025-03-19,Net Banking,Cancelled
ORD03048,CUST0953,WH008,2025-12-10,UPI,Delivered
ORD03049,CUST0364,WH004,2025-10-29,UPI,Delivered
ORD03050,CUST0810,WH010,2025-02-15,Cash,Delivered
ORD03051,CUST0046,WH008,2025-08-07,Net Banking,Delivered
ORD03052,CUST0500,WH005,2025-04-01,Net Banking,Delivered
ORD03053,CUST0741,WH007,2025-06-20,Debit Card,Delivered
ORD03054,CUST0595,WH007,2025-08-24,Credit Card,Delivered
ORD03055,CUST0907,WH010,2025-01-24,Cash,Delivered
ORD03056,CUST0856,WH010,2025-05-25,Cash,Delivered
ORD03057,CUST0738,WH005,2025-05-08,Net Banking,Delivered
ORD03058,CUST0464,WH009,2025-05-17,Debit Card,Delivered
ORD03059,CUST0012,WH003,2025-08-16,Net Banking,Delivered
ORD03060,CUST0146,WH003,2025-07-17,Debit Card,Delivered
ORD03061,CUST0846,WH007,2025-05-05,Debit Card,Delivered
ORD03062,CUST0001,WH009,2025-03-06,Net Banking,Returned
ORD03063,CUST0273,WH009,2025-04-24,Cash,Delivered
ORD03064,CUST0234,WH010,2025-09-14,UPI,Cancelled
ORD03065,CUST0265,WH007,2025-03-12,Cash,Delivered
ORD03066,CUST0456,WH010,2025-09-27,Net Banking,Delivered
ORD03067,CUST0639,WH002,2025-01-12,UPI,Delivered
ORD03068,CUST0850,WH002,2025-04-20,Net Banking,Cancelled
ORD03069,CUST0367,WH010,2025-05-08,Credit Card,Returned
ORD03070,CUST0732,WH007,2025-04-15,UPI,Delivered
ORD03071,CUST0737,WH007,2025-09-01,UPI,Delivered
ORD03072,CUST0045,WH005,2025-05-08,Debit Card,Delivered
ORD03073,CUST0411,WH006,2025-02-18,UPI,Cancelled
ORD03074,CUST0929,WH005,2025-07-04,Debit Card,Delivered
ORD03075,CUST0128,WH010,2025-05-15,UPI,Delivered
ORD03076,CUST0033,WH004,2025-11-29,Debit Card,Delivered
ORD03077,CUST0427,WH007,2025-10-18,UPI,Delivered
ORD03078,CUST0919,WH002,2025-09-05,Net Banking,Delivered
ORD03079,CUST0609,WH009,2025-05-13,Net Banking,Shipped
ORD03080,CUST0043,WH009,2025-11-19,Net Banking,Returned
ORD03081,CUST0888,WH007,2025-01-02,Cash,Shipped
ORD03082,CUST0100,WH005,2025-03-16,UPI,Delivered
ORD03083,CUST0530,WH002,2025-07-31,Credit Card,Shipped
ORD03084,CUST0190,WH007,2025-11-15,Cash,Cancelled
ORD03085,CUST0433,WH010,2025-10-07,Net Banking,Delivered
ORD03086,CUST0716,WH010,2025-05-08,Cash,Delivered
ORD03087,CUST0451,WH005,2025-10-09,Net Banking,Delivered
ORD03088,CUST0706,WH002,2025-06-09,Debit Card,Delivered
ORD03089,CUST0322,WH001,2025-05-14,UPI,Delivered
ORD03090,CUST0740,WH010,2025-03-11,Credit Card,Delivered
ORD03091,CUST0800,WH008,2025-12-18,Debit Card,Delivered
ORD03092,CUST0911,WH001,2025-07-15,Debit Card,Delivered
ORD03093,CUST0081,WH007,2025-08-31,UPI,Delivered
ORD03094,CUST0551,WH009,2025-11-02,Cash,Delivered
ORD03095,CUST0255,WH007,2025-06-10,Credit Card,Delivered
ORD03096,CUST0267,WH006,2025-10-24,Debit Card,Delivered
ORD03097,CUST0498,WH001,2025-07-14,UPI,Delivered
ORD03098,CUST0667,WH010,2025-12-02,Debit Card,Shipped
ORD03099,CUST0544,WH010,2025-06-02,Debit Card,Delivered
ORD03100,CUST0943,WH007,2025-05-31,Cash,Delivered
ORD03101,CUST0805,WH009,2025-05-21,Net Banking,Delivered
ORD03102,CUST0421,WH001,2025-09-12,Debit Card,Shipped
ORD03103,CUST0166,WH001,2025-05-15,Debit Card,Delivered
ORD03104,CUST0502,WH008,2025-07-06,Debit Card,Delivered
ORD03105,CUST0585,WH008,2025-01-15,Debit Card,Shipped
ORD03106,CUST0197,WH009,2025-04-24,Net Banking,Delivered
ORD03107,CUST0249,WH006,2025-03-08,Debit Card,Shipped
ORD03108,CUST0803,WH003,2025-07-15,Credit Card,Shipped
ORD03109,CUST0718,WH005,2025-06-22,UPI,Delivered
ORD03110,CUST0343,WH010,2025-11-20,Net Banking,Delivered
ORD03111,CUST0010,WH007,2025-01-28,Credit Card,Shipped
ORD03112,CUST0180,WH003,2025-03-02,Debit Card,Delivered
ORD03113,CUST0439,WH008,2025-08-20,Cash,Delivered
ORD03114,CUST0783,WH006,2025-03-10,Net Banking,Delivered
ORD03115,CUST0107,WH002,2025-01-15,Credit Card,Delivered
ORD03116,CUST0095,WH006,2025-02-21,Net Banking,Shipped
ORD03117,CUST0547,WH009,2025-05-09,Cash,Returned
ORD03118,CUST0779,WH009,2025-01-04,UPI,Delivered
ORD03119,CUST0529,WH007,2025-10-29,Cash,Delivered
ORD03120,CUST0131,WH004,2025-10-14,UPI,Delivered
ORD03121,CUST0904,WH006,2025-11-01,Cash,Cancelled
ORD03122,CUST0954,WH005,2025-01-07,Cash,Delivered
ORD03123,CUST0812,WH005,2025-07-29,Credit Card,Delivered
ORD03124,CUST0078,WH003,2025-08-06,UPI,Cancelled
ORD03125,CUST0209,WH009,2025-01-28,Debit Card,Delivered
ORD03126,CUST0351,WH004,2025-09-03,Cash,Delivered
ORD03127,CUST0748,WH007,2025-10-29,Net Banking,Delivered
ORD03128,CUST0359,WH003,2025-10-11,Debit Card,Returned
ORD03129,CUST0180,WH005,2025-09-21,Credit Card,Delivered
ORD03130,CUST0712,WH004,2025-10-13,Net Banking,Delivered
ORD03131,CUST0371,WH005,2025-05-10,UPI,Delivered
ORD03132,CUST0261,WH005,2025-08-08,Debit Card,Delivered
ORD03133,CUST0347,WH003,2025-08-28,Credit Card,Shipped
ORD03134,CUST0115,WH003,2025-02-09,Credit Card,Delivered
ORD03135,CUST0293,WH009,2025-08-18,Net Banking,Shipped
ORD03136,CUST0699,WH010,2025-09-09,UPI,Delivered
ORD03137,CUST0783,WH004,2025-07-23,Credit Card,Delivered
ORD03138,CUST0657,WH003,2025-11-27,Cash,Delivered
ORD03139,CUST0889,WH009,2025-04-09,Net Banking,Delivered
ORD03140,CUST0840,WH002,2025-03-28,Cash,Delivered
ORD03141,CUST0671,WH009,2025-01-07,UPI,Shipped
ORD03142,CUST0622,WH007,2025-02-04,Credit Card,Shipped
ORD03143,CUST0337,WH004,2025-05-11,UPI,Delivered
ORD03144,CUST0333,WH009,2025-04-28,Net Banking,Shipped
ORD03145,CUST0640,WH004,2025-05-17,Debit Card,Shipped
ORD03146,CUST0013,WH001,2025-06-06,UPI,Delivered
ORD03147,CUST0452,WH008,2025-07-22,Net Banking,Delivered
ORD03148,CUST0863,WH007,2025-02-04,Debit Card,Returned
ORD03149,CUST0261,WH005,2025-05-23,Debit Card,Delivered
ORD03150,CUST0055,WH009,2025-08-07,Credit Card,Shipped
ORD03151,CUST0705,WH002,2025-07-05,Cash,Delivered
ORD03152,CUST0462,WH009,2025-04-22,UPI,Delivered
ORD03153,CUST0667,WH006,2025-12-18,Credit Card,Delivered
ORD03154,CUST0151,WH009,2025-03-05,Cash,Returned
ORD03155,CUST0677,WH005,2025-09-20,Net Banking,Delivered
ORD03156,CUST0582,WH010,2025-11-15,Cash,Returned
ORD03157,CUST0527,WH003,2025-09-28,Net Banking,Delivered
ORD03158,CUST0493,WH010,2025-06-11,Credit Card,Shipped
ORD03159,CUST0281,WH008,2025-02-23,Credit Card,Delivered
ORD03160,CUST0038,WH002,2025-04-30,Net Banking,Delivered
ORD03161,CUST0728,WH005,2025-07-15,Credit Card,Delivered
ORD03162,CUST0852,WH009,2025-04-15,Credit Card,Delivered
ORD03163,CUST0534,WH004,2025-03-25,Credit Card,Delivered
ORD03164,CUST0155,WH002,2025-02-22,Net Banking,Delivered
ORD03165,CUST0943,WH003,2025-07-20,Net Banking,Delivered
ORD03166,CUST0530,WH009,2025-03-30,UPI,Delivered
ORD03167,CUST0947,WH004,2025-10-13,Credit Card,Delivered
ORD03168,CUST0836,WH002,2025-01-23,UPI,Delivered
ORD03169,CUST0911,WH001,2025-03-31,UPI,Delivered
ORD03170,CUST0396,WH008,2025-09-25,Cash,Delivered
ORD03171,CUST0932,WH001,2025-01-24,Net Banking,Shipped
ORD03172,CUST0688,WH009,2025-11-02,Cash,Delivered
ORD03173,CUST0012,WH009,2025-03-04,UPI,Shipped
ORD03174,CUST0382,WH007,2025-04-07,UPI,Delivered
ORD03175,CUST0920,WH009,2025-05-01,Debit Card,Cancelled
ORD03176,CUST0250,WH002,2025-11-29,Net Banking,Delivered
ORD03177,CUST0806,WH008,2025-01-25,Debit Card,Delivered
ORD03178,CUST0657,WH003,2025-10-09,Credit Card,Delivered
ORD03179,CUST0888,WH010,2025-07-29,Debit Card,Shipped
ORD03180,CUST0036,WH001,2025-02-20,Credit Card,Delivered
ORD03181,CUST0469,WH007,2025-01-09,Credit Card,Delivered
ORD03182,CUST0967,WH006,2025-05-23,Net Banking,Delivered
ORD03183,CUST0340,WH001,2025-02-08,UPI,Delivered
ORD03184,CUST0400,WH007,2025-12-09,Debit Card,Delivered
ORD03185,CUST0927,WH007,2025-01-07,Debit Card,Delivered
ORD03186,CUST0726,WH002,2025-02-14,Credit Card,Returned
ORD03187,CUST0828,WH008,2025-01-01,Net Banking,Delivered
ORD03188,CUST0629,WH010,2025-07-24,Debit Card,Shipped
ORD03189,CUST0043,WH009,2025-08-29,Net Banking,Delivered
ORD03190,CUST0779,WH004,2025-10-15,Cash,Delivered
ORD03191,CUST0302,WH009,2025-04-14,Credit Card,Delivered
ORD03192,CUST0579,WH010,2025-10-18,Cash,Delivered
ORD03193,CUST0471,WH001,2025-11-07,Net Banking,Delivered
ORD03194,CUST0572,WH009,2025-08-10,Net Banking,Cancelled
ORD03195,CUST0122,WH008,2025-10-17,Net Banking,Returned
ORD03196,CUST0657,WH008,2025-12-05,Net Banking,Delivered
ORD03197,CUST0380,WH010,2025-01-16,Cash,Delivered
ORD03198,CUST0865,WH002,2025-08-21,Net Banking,Delivered
ORD03199,CUST0024,WH010,2025-07-13,Credit Card,Delivered
ORD03200,CUST0136,WH007,2025-02-14,Debit Card,Delivered
ORD03201,CUST0535,WH010,2025-11-20,Net Banking,Shipped
ORD03202,CUST0390,WH001,2025-04-06,Debit Card,Returned
ORD03203,CUST0876,WH001,2025-10-11,Net Banking,Delivered
ORD03204,CUST0964,WH002,2025-03-13,Cash,Delivered
ORD03205,CUST0322,WH002,2025-09-19,Cash,Delivered
ORD03206,CUST0724,WH002,2025-05-29,Credit Card,Delivered
ORD03207,CUST0617,WH003,2025-07-17,UPI,Delivered
ORD03208,CUST0817,WH009,2025-12-11,Credit Card,Delivered
ORD03209,CUST0730,WH010,2025-11-08,Cash,Cancelled
ORD03210,CUST0273,WH003,2025-08-12,Credit Card,Delivered
ORD03211,CUST0343,WH009,2025-09-02,Net Banking,Delivered
ORD03212,CUST0831,WH005,2025-01-28,Debit Card,Delivered
ORD03213,CUST0108,WH009,2025-03-09,Debit Card,Delivered
ORD03214,CUST0498,WH001,2025-07-10,Debit Card,Delivered
ORD03215,CUST0130,WH001,2025-09-16,Net Banking,Delivered
ORD03216,CUST0509,WH001,2025-07-07,Net Banking,Delivered
ORD03217,CUST0065,WH007,2025-01-26,Credit Card,Cancelled
ORD03218,CUST0420,WH005,2025-06-25,UPI,Delivered
ORD03219,CUST0848,WH003,2025-04-19,Debit Card,Shipped
ORD03220,CUST0182,WH009,2025-08-29,Credit Card,Cancelled
ORD03221,CUST0336,WH005,2025-11-09,UPI,Delivered
ORD03222,CUST0533,WH009,2025-09-06,Credit Card,Delivered
ORD03223,CUST0735,WH008,2025-05-15,Credit Card,Delivered
ORD03224,CUST0075,WH007,2025-08-03,Net Banking,Cancelled
ORD03225,CUST0007,WH008,2025-07-11,UPI,Delivered
ORD03226,CUST0966,WH009,2025-06-29,UPI,Delivered
ORD03227,CUST0381,WH001,2025-10-22,Net Banking,Delivered
ORD03228,CUST0908,WH002,2025-08-26,UPI,Delivered
ORD03229,CUST0083,WH001,2025-08-07,Debit Card,Delivered
ORD03230,CUST0055,WH010,2025-08-14,Credit Card,Delivered
ORD03231,CUST0474,WH002,2025-01-17,Cash,Delivered
ORD03232,CUST0016,WH001,2025-12-15,Cash,Delivered
ORD03233,CUST0850,WH002,2025-12-25,Net Banking,Delivered
ORD03234,CUST0576,WH006,2025-06-09,Debit Card,Delivered
ORD03235,CUST0145,WH010,2025-11-27,Net Banking,Delivered
ORD03236,CUST0569,WH010,2025-10-31,Credit Card,Shipped
ORD03237,CUST0353,WH003,2025-07-31,Net Banking,Delivered
ORD03238,CUST0785,WH002,2025-08-30,Cash,Shipped
ORD03239,CUST0983,WH010,2025-02-15,Net Banking,Cancelled
ORD03240,CUST0208,WH005,2025-08-31,Net Banking,Delivered
ORD03241,CUST0037,WH005,2025-02-06,Debit Card,Delivered
ORD03242,CUST0794,WH009,2025-06-30,Net Banking,Delivered
ORD03243,CUST0188,WH002,2025-12-17,Cash,Cancelled
ORD03244,CUST0995,WH006,2025-04-20,Cash,Delivered
ORD03245,CUST0346,WH003,2025-05-04,Cash,Delivered
ORD03246,CUST0883,WH005,2025-07-27,Net Banking,Delivered
ORD03247,CUST0459,WH004,2025-08-08,Net Banking,Delivered
ORD03248,CUST0913,WH005,2025-05-09,Net Banking,Delivered
ORD03249,CUST0311,WH003,2025-10-08,Debit Card,Shipped
ORD03250,CUST0944,WH005,2025-07-15,Cash,Cancelled
ORD03251,CUST0049,WH006,2025-10-04,Debit Card,Delivered
ORD03252,CUST0950,WH005,2025-08-16,UPI,Delivered
ORD03253,CUST0635,WH006,2025-08-18,Debit Card,Delivered
ORD03254,CUST0164,WH004,2025-07-23,Net Banking,Delivered
ORD03255,CUST0609,WH001,2025-01-05,Net Banking,Cancelled
ORD03256,CUST0110,WH001,2025-06-16,Cash,Delivered
ORD03257,CUST0749,WH001,2025-06-08,Net Banking,Delivered
ORD03258,CUST0103,WH002,2025-04-30,UPI,Delivered
ORD03259,CUST0964,WH007,2025-09-17,UPI,Delivered
ORD03260,CUST0020,WH003,2025-12-18,Debit Card,Shipped
ORD03261,CUST0966,WH008,2025-12-27,Cash,Delivered
ORD03262,CUST0182,WH003,2025-12-26,UPI,Delivered
ORD03263,CUST0380,WH004,2025-11-14,Debit Card,Shipped
ORD03264,CUST0716,WH002,2025-05-18,Credit Card,Returned
ORD03265,CUST0683,WH003,2025-02-12,Credit Card,Delivered
ORD03266,CUST0804,WH010,2025-06-10,Debit Card,Cancelled
ORD03267,CUST0011,WH003,2025-01-31,Cash,Shipped
ORD03268,CUST0942,WH001,2025-12-25,UPI,Delivered
ORD03269,CUST0220,WH003,2025-06-22,Debit Card,Returned
ORD03270,CUST0703,WH010,2025-12-02,Debit Card,Delivered
ORD03271,CUST0348,WH001,2025-11-13,Cash,Delivered
ORD03272,CUST0103,WH008,2025-09-10,Credit Card,Shipped
ORD03273,CUST0610,WH009,2025-08-26,UPI,Cancelled
ORD03274,CUST0761,WH010,2025-12-29,Debit Card,Delivered
ORD03275,CUST0683,WH002,2025-04-29,UPI,Delivered
ORD03276,CUST0295,WH010,2025-07-21,Credit Card,Returned
ORD03277,CUST0209,WH010,2025-01-07,UPI,Delivered
ORD03278,CUST0130,WH001,2025-06-28,Credit Card,Delivered
ORD03279,CUST0627,WH005,2025-09-17,UPI,Delivered
ORD03280,CUST0642,WH010,2025-06-03,UPI,Returned
ORD03281,CUST0345,WH010,2025-12-01,Net Banking,Cancelled
ORD03282,CUST0368,WH006,2025-10-07,Credit Card,Cancelled
ORD03283,CUST0581,WH006,2025-12-18,Credit Card,Delivered
ORD03284,CUST0073,WH001,2025-07-18,UPI,Delivered
ORD03285,CUST0584,WH010,2025-09-07,UPI,Delivered
ORD03286,CUST0585,WH007,2025-07-23,Net Banking,Delivered
ORD03287,CUST0397,WH008,2025-10-07,Cash,Delivered
ORD03288,CUST0917,WH004,2025-12-23,Cash,Delivered
ORD03289,CUST0697,WH003,2025-12-22,Credit Card,Delivered
ORD03290,CUST0869,WH005,2025-10-19,Debit Card,Delivered
ORD03291,CUST0883,WH004,2025-07-11,UPI,Delivered
ORD03292,CUST0470,WH007,2025-09-09,Credit Card,Delivered
ORD03293,CUST0224,WH003,2025-01-05,Debit Card,Shipped
ORD03294,CUST0506,WH004,2025-02-07,Cash,Delivered
ORD03295,CUST0921,WH007,2025-03-08,Credit Card,Delivered
ORD03296,CUST0551,WH005,2025-08-24,Credit Card,Delivered
ORD03297,CUST0192,WH010,2025-11-18,Credit Card,Delivered
ORD03298,CUST0316,WH006,2025-04-24,UPI,Delivered
ORD03299,CUST0586,WH001,2025-01-17,Cash,Shipped
ORD03300,CUST0365,WH004,2025-01-24,UPI,Delivered
ORD03301,CUST0570,WH007,2025-10-04,Net Banking,Delivered
ORD03302,CUST0156,WH002,2025-01-08,UPI,Delivered
ORD03303,CUST0226,WH003,2025-08-16,Net Banking,Cancelled
ORD03304,CUST0918,WH006,2025-05-25,Cash,Delivered
ORD03305,CUST0570,WH009,2025-10-16,Cash,Delivered
ORD03306,CUST0882,WH003,2025-10-17,UPI,Delivered
ORD03307,CUST0790,WH007,2025-10-31,Debit Card,Delivered
ORD03308,CUST0237,WH004,2025-01-24,Cash,Delivered
ORD03309,CUST0817,WH001,2025-04-02,Credit Card,Delivered
ORD03310,CUST0534,WH003,2025-07-01,UPI,Delivered
ORD03311,CUST0912,WH001,2025-08-26,Net Banking,Delivered
ORD03312,CUST0118,WH002,2025-08-16,Debit Card,Shipped
ORD03313,CUST0731,WH009,2025-04-26,UPI,Delivered
ORD03314,CUST0718,WH003,2025-08-09,UPI,Delivered
ORD03315,CUST0743,WH003,2025-11-08,UPI,Delivered
ORD03316,CUST0805,WH002,2025-09-26,Net Banking,Delivered
ORD03317,CUST0741,WH001,2025-09-08,Debit Card,Delivered
ORD03318,CUST0109,WH002,2025-08-11,Net Banking,Delivered
ORD03319,CUST0381,WH006,2025-10-02,Net Banking,Delivered
ORD03320,CUST0902,WH006,2025-10-29,Net Banking,Delivered
ORD03321,CUST0997,WH008,2025-12-20,Credit Card,Delivered
ORD03322,CUST0391,WH009,2025-02-18,Net Banking,Delivered
ORD03323,CUST0769,WH006,2025-01-26,Credit Card,Delivered
ORD03324,CUST0619,WH004,2025-12-25,UPI,Delivered
ORD03325,CUST0624,WH003,2025-07-12,Net Banking,Cancelled
ORD03326,CUST0921,WH003,2025-09-03,Net Banking,Delivered
ORD03327,CUST0888,WH001,2025-06-09,UPI,Returned
ORD03328,CUST0173,WH008,2025-03-12,Credit Card,Delivered
ORD03329,CUST0565,WH004,2025-04-01,Net Banking,Delivered
ORD03330,CUST0641,WH004,2025-03-07,Credit Card,Delivered
ORD03331,CUST0061,WH005,2025-03-21,UPI,Delivered
ORD03332,CUST0286,WH004,2025-09-07,Credit Card,Cancelled
ORD03333,CUST0766,WH002,2025-09-26,UPI,Delivered
ORD03334,CUST0592,WH010,2025-07-04,Credit Card,Delivered
ORD03335,CUST0130,WH001,2025-12-11,Credit Card,Delivered
ORD03336,CUST0052,WH005,2025-04-17,Credit Card,Delivered
ORD03337,CUST0134,WH008,2025-03-09,Cash,Delivered
ORD03338,CUST0713,WH002,2025-03-07,Credit Card,Delivered
ORD03339,CUST0043,WH003,2025-04-10,Net Banking,Delivered
ORD03340,CUST0908,WH001,2025-06-21,Cash,Delivered
ORD03341,CUST0003,WH001,2025-04-11,Debit Card,Delivered
ORD03342,CUST0237,WH008,2025-11-01,Cash,Delivered
ORD03343,CUST0925,WH010,2025-07-23,UPI,Delivered
ORD03344,CUST0136,WH002,2025-04-25,UPI,Delivered
ORD03345,CUST0092,WH007,2025-11-03,UPI,Delivered
ORD03346,CUST0886,WH010,2025-07-13,UPI,Shipped
ORD03347,CUST0597,WH009,2025-03-23,Credit Card,Delivered
ORD03348,CUST0270,WH004,2025-01-15,Net Banking,Shipped
ORD03349,CUST0635,WH007,2025-02-04,Cash,Delivered
ORD03350,CUST0084,WH004,2025-10-18,UPI,Delivered
ORD03351,CUST0514,WH001,2025-01-08,Debit Card,Delivered
ORD03352,CUST0993,WH007,2025-07-08,Cash,Delivered
ORD03353,CUST0393,WH004,2025-01-21,Cash,Cancelled
ORD03354,CUST0585,WH009,2025-02-13,Cash,Delivered
ORD03355,CUST0311,WH010,2025-01-31,Debit Card,Shipped
ORD03356,CUST0308,WH001,2025-05-11,Cash,Returned
ORD03357,CUST0202,WH005,2025-07-20,Net Banking,Shipped
ORD03358,CUST0582,WH007,2025-04-26,Debit Card,Delivered
ORD03359,CUST0620,WH007,2025-11-28,Credit Card,Delivered
ORD03360,CUST0867,WH003,2025-03-08,Cash,Delivered
ORD03361,CUST0091,WH005,2025-03-02,Credit Card,Delivered
ORD03362,CUST0682,WH003,2025-07-30,Debit Card,Cancelled
ORD03363,CUST0713,WH006,2025-10-12,Debit Card,Delivered
ORD03364,CUST0696,WH009,2025-02-21,Net Banking,Delivered
ORD03365,CUST0547,WH008,2025-01-21,Net Banking,Returned
ORD03366,CUST0101,WH010,2025-11-13,Cash,Delivered
ORD03367,CUST0742,WH005,2025-05-03,UPI,Delivered
ORD03368,CUST0700,WH007,2025-10-20,Debit Card,Delivered
ORD03369,CUST0347,WH004,2025-10-14,Credit Card,Delivered
ORD03370,CUST0970,WH008,2025-05-25,Credit Card,Cancelled
ORD03371,CUST0059,WH006,2025-12-08,Net Banking,Delivered
ORD03372,CUST0267,WH004,2025-05-06,UPI,Shipped
ORD03373,CUST0080,WH002,2025-05-04,Debit Card,Shipped
ORD03374,CUST0512,WH007,2025-09-28,UPI,Delivered
ORD03375,CUST0379,WH008,2025-05-17,Cash,Cancelled
ORD03376,CUST0692,WH005,2025-10-16,Cash,Delivered
ORD03377,CUST0412,WH010,2025-08-21,Debit Card,Delivered
ORD03378,CUST0344,WH004,2025-11-22,Debit Card,Returned
ORD03379,CUST0380,WH010,2025-08-12,Cash,Returned
ORD03380,CUST0403,WH007,2025-05-19,Net Banking,Shipped
ORD03381,CUST0986,WH002,2025-07-15,Cash,Delivered
ORD03382,CUST0130,WH002,2025-05-24,Credit Card,Delivered
ORD03383,CUST0023,WH009,2025-07-09,UPI,Delivered
ORD03384,CUST0940,WH005,2025-11-13,Net Banking,Delivered
ORD03385,CUST0190,WH007,2025-06-24,Net Banking,Delivered
ORD03386,CUST0590,WH007,2025-07-10,Cash,Delivered
ORD03387,CUST0187,WH002,2025-08-17,Credit Card,Delivered
ORD03388,CUST0140,WH004,2025-05-22,Debit Card,Shipped
ORD03389,CUST0122,WH005,2025-10-29,Credit Card,Delivered
ORD03390,CUST0054,WH005,2025-05-27,Net Banking,Delivered
ORD03391,CUST0812,WH003,2025-05-07,Cash,Shipped
ORD03392,CUST0796,WH006,2025-06-04,Debit Card,Delivered
ORD03393,CUST0464,WH010,2025-01-29,Cash,Delivered
ORD03394,CUST0232,WH002,2025-08-23,UPI,Delivered
ORD03395,CUST0703,WH002,2025-11-27,Cash,Cancelled
ORD03396,CUST0942,WH003,2025-07-02,Credit Card,Cancelled
ORD03397,CUST0378,WH009,2025-02-10,Cash,Delivered
ORD03398,CUST0288,WH006,2025-10-13,Credit Card,Delivered
ORD03399,CUST0287,WH003,2025-12-03,Cash,Cancelled
ORD03400,CUST0817,WH008,2025-09-16,Debit Card,Delivered
ORD03401,CUST0667,WH008,2025-12-15,UPI,Delivered
ORD03402,CUST0659,WH003,2025-04-10,UPI,Delivered
ORD03403,CUST0816,WH006,2025-07-30,Credit Card,Delivered
ORD03404,CUST0474,WH008,2025-08-16,Credit Card,Delivered
ORD03405,CUST0699,WH006,2025-07-24,Cash,Delivered
ORD03406,CUST0004,WH002,2025-08-28,Debit Card,Cancelled
ORD03407,CUST0848,WH001,2025-11-27,Debit Card,Shipped
ORD03408,CUST0955,WH009,2025-08-13,UPI,Delivered
ORD03409,CUST0334,WH009,2025-07-08,UPI,Delivered
ORD03410,CUST0496,WH003,2025-03-19,Credit Card,Delivered
ORD03411,CUST0328,WH008,2025-04-06,Credit Card,Delivered
ORD03412,CUST0619,WH005,2025-01-14,Credit Card,Returned
ORD03413,CUST0811,WH002,2025-12-21,Credit Card,Shipped
ORD03414,CUST0826,WH002,2025-09-28,Cash,Returned
ORD03415,CUST0204,WH002,2025-01-18,Credit Card,Delivered
ORD03416,CUST0360,WH003,2025-06-27,Net Banking,Shipped
ORD03417,CUST0929,WH001,2025-04-01,Net Banking,Delivered
ORD03418,CUST0744,WH008,2025-10-22,Credit Card,Delivered
ORD03419,CUST0990,WH010,2025-07-11,Debit Card,Shipped
ORD03420,CUST0700,WH004,2025-12-04,Credit Card,Delivered
ORD03421,CUST0656,WH008,2025-03-19,Credit Card,Delivered
ORD03422,CUST0916,WH009,2025-04-08,Net Banking,Delivered
ORD03423,CUST0295,WH006,2025-01-01,Cash,Delivered
ORD03424,CUST0801,WH006,2025-04-24,Credit Card,Delivered
ORD03425,CUST0438,WH002,2025-08-05,Net Banking,Delivered
ORD03426,CUST0481,WH007,2025-01-18,UPI,Cancelled
ORD03427,CUST1000,WH008,2025-10-10,UPI,Delivered
ORD03428,CUST0622,WH008,2025-07-19,UPI,Shipped
ORD03429,CUST0850,WH004,2025-03-23,Cash,Delivered
ORD03430,CUST0504,WH002,2025-01-08,Credit Card,Delivered
ORD03431,CUST0661,WH009,2025-07-01,Credit Card,Cancelled
ORD03432,CUST0695,WH009,2025-10-13,Credit Card,Delivered
ORD03433,CUST0683,WH007,2025-09-10,Debit Card,Delivered
ORD03434,CUST0799,WH007,2025-05-13,Cash,Delivered
ORD03435,CUST0772,WH005,2025-08-15,Credit Card,Delivered
ORD03436,CUST0708,WH003,2025-04-21,Credit Card,Returned
ORD03437,CUST0521,WH001,2025-12-31,UPI,Shipped
ORD03438,CUST0260,WH003,2025-05-30,Debit Card,Delivered
ORD03439,CUST0879,WH010,2025-12-10,Credit Card,Delivered
ORD03440,CUST0702,WH003,2025-12-07,Credit Card,Delivered
ORD03441,CUST0415,WH001,2025-07-01,Cash,Delivered
ORD03442,CUST0346,WH004,2025-11-13,Debit Card,Delivered
ORD03443,CUST0249,WH008,2025-07-19,Credit Card,Delivered
ORD03444,CUST0118,WH009,2025-11-28,UPI,Delivered
ORD03445,CUST0813,WH008,2025-12-17,Debit Card,Delivered
ORD03446,CUST0007,WH008,2025-05-01,Debit Card,Delivered
ORD03447,CUST0973,WH005,2025-10-14,UPI,Delivered
ORD03448,CUST0153,WH001,2025-06-15,UPI,Delivered
ORD03449,CUST0179,WH007,2025-07-17,UPI,Delivered
ORD03450,CUST0680,WH007,2025-05-27,Credit Card,Delivered
ORD03451,CUST0673,WH006,2025-08-31,Cash,Delivered
ORD03452,CUST0810,WH008,2025-05-22,UPI,Delivered
ORD03453,CUST0583,WH002,2025-05-09,Credit Card,Cancelled
ORD03454,CUST0069,WH006,2025-12-04,UPI,Delivered
ORD03455,CUST0074,WH002,2025-05-18,Net Banking,Shipped
ORD03456,CUST0351,WH006,2025-12-11,Cash,Delivered
ORD03457,CUST0956,WH002,2025-10-19,Net Banking,Delivered
ORD03458,CUST0217,WH010,2025-10-31,Debit Card,Delivered
ORD03459,CUST0367,WH003,2025-09-12,UPI,Delivered
ORD03460,CUST0831,WH003,2025-01-01,UPI,Delivered
ORD03461,CUST1000,WH003,2025-08-11,UPI,Delivered
ORD03462,CUST0509,WH002,2025-11-30,Credit Card,Delivered
ORD03463,CUST0154,WH005,2025-02-15,UPI,Cancelled
ORD03464,CUST0250,WH007,2025-10-20,Net Banking,Delivered
ORD03465,CUST0581,WH008,2025-09-30,Cash,Delivered
ORD03466,CUST0486,WH004,2025-09-25,UPI,Delivered
ORD03467,CUST0915,WH008,2025-09-09,Credit Card,Delivered
ORD03468,CUST0789,WH003,2025-11-05,Credit Card,Delivered
ORD03469,CUST0692,WH001,2025-07-19,Cash,Returned
ORD03470,CUST0591,WH009,2025-12-23,Net Banking,Delivered
ORD03471,CUST0558,WH007,2025-11-29,Debit Card,Delivered
ORD03472,CUST0959,WH004,2025-11-23,Net Banking,Cancelled
ORD03473,CUST0710,WH005,2025-12-24,Credit Card,Delivered
ORD03474,CUST0646,WH007,2025-02-16,Debit Card,Delivered
ORD03475,CUST0977,WH009,2025-01-16,Net Banking,Delivered
ORD03476,CUST0239,WH002,2025-04-04,Credit Card,Delivered
ORD03477,CUST0601,WH002,2025-03-03,Debit Card,Shipped
ORD03478,CUST0498,WH007,2025-06-28,Debit Card,Returned
ORD03479,CUST0656,WH008,2025-10-16,Debit Card,Delivered
ORD03480,CUST0052,WH001,2025-12-31,Credit Card,Delivered
ORD03481,CUST0476,WH007,2025-10-15,Debit Card,Delivered
ORD03482,CUST0781,WH007,2025-12-07,Cash,Delivered
ORD03483,CUST0459,WH010,2025-10-21,Cash,Cancelled
ORD03484,CUST0430,WH004,2025-02-15,Cash,Cancelled
ORD03485,CUST0708,WH001,2025-08-07,Debit Card,Shipped
ORD03486,CUST0024,WH007,2025-01-17,Credit Card,Delivered
ORD03487,CUST0226,WH008,2025-12-24,Credit Card,Delivered
ORD03488,CUST0999,WH005,2025-07-17,Net Banking,Delivered
ORD03489,CUST0986,WH008,2025-04-06,Cash,Delivered
ORD03490,CUST0580,WH006,2025-11-22,Credit Card,Delivered
ORD03491,CUST0229,WH006,2025-07-14,Credit Card,Delivered
ORD03492,CUST0608,WH008,2025-07-09,UPI,Delivered
ORD03493,CUST0113,WH003,2025-06-29,Net Banking,Delivered
ORD03494,CUST0691,WH004,2025-07-31,Cash,Delivered
ORD03495,CUST0874,WH006,2025-02-10,Net Banking,Delivered
ORD03496,CUST0636,WH009,2025-09-26,Net Banking,Shipped
ORD03497,CUST0403,WH006,2025-11-10,Debit Card,Delivered
ORD03498,CUST0254,WH005,2025-08-11,Debit Card,Shipped
ORD03499,CUST0764,WH004,2025-05-30,Debit Card,Delivered
ORD03500,CUST0811,WH005,2025-02-07,Net Banking,Delivered
ORD03501,CUST0951,WH010,2025-10-19,Net Banking,Delivered
ORD03502,CUST0249,WH005,2025-11-08,Debit Card,Delivered
ORD03503,CUST0232,WH010,2025-05-26,Debit Card,Cancelled
ORD03504,CUST0018,WH009,2025-05-16,Net Banking,Delivered
ORD03505,CUST0049,WH010,2025-04-25,Debit Card,Delivered
ORD03506,CUST0620,WH008,2025-03-07,Credit Card,Returned
ORD03507,CUST0838,WH009,2025-12-09,Net Banking,Delivered
ORD03508,CUST0103,WH004,2025-05-19,Credit Card,Delivered
ORD03509,CUST0916,WH010,2025-01-05,Cash,Delivered
ORD03510,CUST0178,WH002,2025-12-20,Cash,Shipped
ORD03511,CUST0335,WH005,2025-09-03,Net Banking,Delivered
ORD03512,CUST0646,WH007,2025-05-27,Debit Card,Delivered
ORD03513,CUST0136,WH003,2025-10-27,UPI,Delivered
ORD03514,CUST0310,WH005,2025-01-22,Net Banking,Delivered
ORD03515,CUST0391,WH002,2025-06-05,Credit Card,Delivered
ORD03516,CUST0581,WH001,2025-04-25,UPI,Delivered
ORD03517,CUST0110,WH003,2025-07-02,UPI,Delivered
ORD03518,CUST0342,WH007,2025-08-25,Debit Card,Delivered
ORD03519,CUST0402,WH004,2025-11-01,Debit Card,Delivered
ORD03520,CUST0694,WH008,2025-11-18,UPI,Delivered
ORD03521,CUST0995,WH002,2025-08-09,Net Banking,Delivered
ORD03522,CUST0268,WH006,2025-02-05,Net Banking,Delivered
ORD03523,CUST0713,WH006,2025-05-13,Cash,Delivered
ORD03524,CUST0075,WH004,2025-02-13,Net Banking,Delivered
ORD03525,CUST0907,WH004,2025-01-25,Debit Card,Cancelled
ORD03526,CUST0849,WH007,2025-04-08,Credit Card,Cancelled
ORD03527,CUST0035,WH004,2025-03-11,Credit Card,Delivered
ORD03528,CUST0188,WH005,2025-05-30,Cash,Delivered
ORD03529,CUST0020,WH005,2025-02-25,Credit Card,Delivered
ORD03530,CUST0426,WH009,2025-10-24,Cash,Shipped
ORD03531,CUST0852,WH001,2025-10-04,UPI,Delivered
ORD03532,CUST0322,WH003,2025-11-30,Net Banking,Shipped
ORD03533,CUST0772,WH010,2025-07-15,UPI,Delivered
ORD03534,CUST0092,WH008,2025-12-01,Cash,Cancelled
ORD03535,CUST0477,WH005,2025-02-02,Credit Card,Returned
ORD03536,CUST0213,WH006,2025-06-04,UPI,Delivered
ORD03537,CUST0813,WH006,2025-10-02,UPI,Delivered
ORD03538,CUST0625,WH005,2025-10-14,Cash,Delivered
ORD03539,CUST0460,WH006,2025-04-03,Credit Card,Delivered
ORD03540,CUST0533,WH003,2025-03-10,Net Banking,Shipped
ORD03541,CUST0140,WH001,2025-01-05,Credit Card,Delivered
ORD03542,CUST0111,WH004,2025-10-21,Credit Card,Cancelled
ORD03543,CUST0023,WH004,2025-04-28,Credit Card,Delivered
ORD03544,CUST0452,WH002,2025-08-28,UPI,Delivered
ORD03545,CUST0803,WH008,2025-08-08,Debit Card,Cancelled
ORD03546,CUST0449,WH007,2025-01-06,Credit Card,Shipped
ORD03547,CUST0625,WH006,2025-11-09,Debit Card,Delivered
ORD03548,CUST0178,WH005,2025-01-30,Debit Card,Delivered
ORD03549,CUST0965,WH003,2025-02-10,Credit Card,Delivered
ORD03550,CUST0789,WH005,2025-10-12,Cash,Delivered
ORD03551,CUST0222,WH005,2025-01-15,Credit Card,Delivered
ORD03552,CUST0304,WH008,2025-10-04,UPI,Cancelled
ORD03553,CUST0829,WH001,2025-10-25,UPI,Delivered
ORD03554,CUST0981,WH003,2025-03-25,Credit Card,Delivered
ORD03555,CUST0060,WH008,2025-07-11,Cash,Cancelled
ORD03556,CUST0677,WH009,2025-05-13,Cash,Delivered
ORD03557,CUST0852,WH008,2025-02-22,Cash,Delivered
ORD03558,CUST0424,WH002,2025-05-14,Net Banking,Shipped
ORD03559,CUST0959,WH003,2025-11-04,Debit Card,Delivered
ORD03560,CUST0656,WH009,2025-07-04,Credit Card,Delivered
ORD03561,CUST0158,WH008,2025-08-14,Credit Card,Delivered
ORD03562,CUST0185,WH003,2025-02-02,Debit Card,Delivered
ORD03563,CUST0801,WH006,2025-10-27,Cash,Delivered
ORD03564,CUST0289,WH005,2025-10-01,Net Banking,Delivered
ORD03565,CUST0970,WH004,2025-03-17,Cash,Delivered
ORD03566,CUST0463,WH010,2025-04-07,UPI,Shipped
ORD03567,CUST0134,WH002,2025-02-21,UPI,Returned
ORD03568,CUST0544,WH008,2025-03-03,Net Banking,Delivered
ORD03569,CUST0355,WH009,2025-12-23,Cash,Shipped
ORD03570,CUST0052,WH002,2025-11-11,Cash,Shipped
ORD03571,CUST0299,WH001,2025-09-06,Credit Card,Delivered
ORD03572,CUST0107,WH010,2025-06-30,Net Banking,Delivered
ORD03573,CUST0364,WH003,2025-12-22,Net Banking,Delivered
ORD03574,CUST0506,WH002,2025-02-26,Credit Card,Delivered
ORD03575,CUST0969,WH007,2025-09-10,Debit Card,Delivered
ORD03576,CUST0466,WH003,2025-10-13,Credit Card,Delivered
ORD03577,CUST0154,WH003,2025-05-29,UPI,Delivered
ORD03578,CUST0696,WH006,2025-07-12,Debit Card,Delivered
ORD03579,CUST0392,WH004,2025-11-27,Credit Card,Delivered
ORD03580,CUST0709,WH009,2025-01-01,Credit Card,Delivered
ORD03581,CUST0302,WH005,2025-05-29,Cash,Cancelled
ORD03582,CUST0313,WH009,2025-01-10,Net Banking,Delivered
ORD03583,CUST0595,WH006,2025-11-03,UPI,Delivered
ORD03584,CUST0824,WH003,2025-01-11,UPI,Shipped
ORD03585,CUST0700,WH007,2025-11-11,Net Banking,Delivered
ORD03586,CUST0627,WH006,2025-02-06,Credit Card,Shipped
ORD03587,CUST0509,WH005,2025-08-18,Net Banking,Delivered
ORD03588,CUST0407,WH007,2025-04-04,Credit Card,Delivered
ORD03589,CUST0759,WH006,2025-11-03,Cash,Delivered
ORD03590,CUST0464,WH008,2025-04-05,Cash,Delivered
ORD03591,CUST0164,WH006,2025-03-29,Net Banking,Delivered
ORD03592,CUST0083,WH007,2025-08-03,Debit Card,Delivered
ORD03593,CUST0829,WH010,2025-03-14,Credit Card,Delivered
ORD03594,CUST0587,WH003,2025-07-08,Credit Card,Delivered
ORD03595,CUST0074,WH006,2025-03-01,Cash,Delivered
ORD03596,CUST0606,WH006,2025-03-19,Debit Card,Shipped
ORD03597,CUST0596,WH007,2025-12-25,Credit Card,Delivered
ORD03598,CUST0685,WH003,2025-08-26,Cash,Delivered
ORD03599,CUST0741,WH005,2025-11-15,Credit Card,Delivered
ORD03600,CUST0078,WH006,2025-07-13,Debit Card,Delivered
ORD03601,CUST0662,WH009,2025-01-14,Debit Card,Delivered
ORD03602,CUST0742,WH002,2025-04-15,Credit Card,Delivered
ORD03603,CUST0045,WH005,2025-01-21,Net Banking,Delivered
ORD03604,CUST0722,WH003,2025-04-25,UPI,Shipped
ORD03605,CUST0182,WH003,2025-02-12,UPI,Cancelled
ORD03606,CUST0801,WH002,2025-03-30,Debit Card,Delivered
ORD03607,CUST0679,WH002,2025-09-19,Debit Card,Delivered
ORD03608,CUST0557,WH007,2025-08-11,Net Banking,Delivered
ORD03609,CUST0306,WH001,2025-07-25,UPI,Shipped
ORD03610,CUST0544,WH006,2025-02-26,Debit Card,Delivered
ORD03611,CUST0399,WH005,2025-01-30,Debit Card,Shipped
ORD03612,CUST0001,WH001,2025-12-11,Cash,Delivered
ORD03613,CUST0938,WH008,2025-09-15,Cash,Delivered
ORD03614,CUST0251,WH006,2025-09-03,Net Banking,Delivered
ORD03615,CUST0654,WH007,2025-07-18,Debit Card,Cancelled
ORD03616,CUST0767,WH005,2025-07-24,UPI,Delivered
ORD03617,CUST0223,WH005,2025-03-08,Credit Card,Delivered
ORD03618,CUST0733,WH007,2025-03-14,Credit Card,Delivered
ORD03619,CUST0188,WH001,2025-04-09,Debit Card,Delivered
ORD03620,CUST0292,WH003,2025-01-24,Net Banking,Delivered
ORD03621,CUST0815,WH002,2025-04-22,Debit Card,Delivered
ORD03622,CUST0940,WH010,2025-09-19,UPI,Delivered
ORD03623,CUST0458,WH003,2025-11-11,Cash,Delivered
ORD03624,CUST0628,WH005,2025-11-01,Net Banking,Delivered
ORD03625,CUST0668,WH003,2025-02-19,Net Banking,Delivered
ORD03626,CUST0754,WH009,2025-02-26,UPI,Delivered
ORD03627,CUST0433,WH007,2025-08-10,UPI,Delivered
ORD03628,CUST0724,WH001,2025-03-28,UPI,Delivered
ORD03629,CUST0766,WH003,2025-04-11,Net Banking,Delivered
ORD03630,CUST0406,WH004,2025-10-06,UPI,Delivered
ORD03631,CUST0048,WH006,2025-11-20,Credit Card,Delivered
ORD03632,CUST0921,WH004,2025-09-29,Net Banking,Delivered
ORD03633,CUST0567,WH003,2025-07-01,Cash,Shipped
ORD03634,CUST0176,WH010,2025-11-12,Net Banking,Delivered
ORD03635,CUST0408,WH009,2025-08-19,Cash,Delivered
ORD03636,CUST0775,WH007,2025-08-23,Credit Card,Shipped
ORD03637,CUST0865,WH009,2025-04-01,Credit Card,Cancelled
ORD03638,CUST0625,WH007,2025-09-14,Credit Card,Delivered
ORD03639,CUST0418,WH002,2025-09-05,Net Banking,Delivered
ORD03640,CUST0905,WH009,2025-02-28,Cash,Delivered
ORD03641,CUST0108,WH004,2025-08-21,Cash,Delivered
ORD03642,CUST0001,WH002,2025-02-25,Credit Card,Delivered
ORD03643,CUST0811,WH003,2025-09-16,Credit Card,Cancelled
ORD03644,CUST0157,WH002,2025-11-08,Net Banking,Shipped
ORD03645,CUST0358,WH003,2025-04-25,Cash,Delivered
ORD03646,CUST0542,WH008,2025-02-02,Debit Card,Delivered
ORD03647,CUST0021,WH007,2025-12-25,Cash,Delivered
ORD03648,CUST0667,WH001,2025-02-18,Cash,Shipped
ORD03649,CUST0846,WH010,2025-07-09,Credit Card,Delivered
ORD03650,CUST0536,WH002,2025-10-03,Debit Card,Delivered
ORD03651,CUST0637,WH003,2025-02-08,Cash,Delivered
ORD03652,CUST0120,WH008,2025-07-29,Net Banking,Delivered
ORD03653,CUST0994,WH010,2025-06-30,Cash,Delivered
ORD03654,CUST0659,WH004,2025-10-01,Net Banking,Delivered
ORD03655,CUST0677,WH008,2025-06-29,Credit Card,Delivered
ORD03656,CUST0734,WH003,2025-01-09,Cash,Delivered
ORD03657,CUST0977,WH007,2025-12-23,Net Banking,Delivered
ORD03658,CUST0627,WH006,2025-03-29,Net Banking,Shipped
ORD03659,CUST0332,WH008,2025-03-12,Credit Card,Delivered
ORD03660,CUST0608,WH010,2025-09-17,Credit Card,Delivered
ORD03661,CUST0617,WH005,2025-04-25,Cash,Delivered
ORD03662,CUST0783,WH008,2025-01-05,Debit Card,Cancelled
ORD03663,CUST0883,WH010,2025-10-24,UPI,Delivered
ORD03664,CUST0487,WH003,2025-11-18,Net Banking,Delivered
ORD03665,CUST0312,WH002,2025-10-30,Cash,Delivered
ORD03666,CUST0497,WH001,2025-07-22,Net Banking,Delivered
ORD03667,CUST0469,WH005,2025-11-01,Cash,Delivered
ORD03668,CUST0703,WH010,2025-06-30,Net Banking,Delivered
ORD03669,CUST0078,WH009,2025-05-22,Credit Card,Shipped
ORD03670,CUST0868,WH005,2025-09-16,UPI,Delivered
ORD03671,CUST0296,WH008,2025-05-05,Net Banking,Cancelled
ORD03672,CUST0212,WH007,2025-06-25,Net Banking,Delivered
ORD03673,CUST0110,WH007,2025-10-01,Debit Card,Shipped
ORD03674,CUST0029,WH005,2025-10-01,Debit Card,Delivered
ORD03675,CUST0171,WH009,2025-11-06,Cash,Cancelled
ORD03676,CUST0989,WH003,2025-06-17,UPI,Shipped
ORD03677,CUST0168,WH007,2025-01-17,Credit Card,Returned
ORD03678,CUST0407,WH007,2025-01-21,Debit Card,Delivered
ORD03679,CUST0019,WH009,2025-02-01,Credit Card,Delivered
ORD03680,CUST0368,WH009,2025-05-10,UPI,Shipped
ORD03681,CUST0570,WH009,2025-01-01,Net Banking,Delivered
ORD03682,CUST0824,WH001,2025-12-07,Debit Card,Delivered
ORD03683,CUST0835,WH009,2025-12-08,Net Banking,Delivered
ORD03684,CUST0755,WH008,2025-11-01,Debit Card,Shipped
ORD03685,CUST0567,WH006,2025-02-24,Cash,Returned
ORD03686,CUST0015,WH003,2025-05-02,Cash,Shipped
ORD03687,CUST0049,WH001,2025-01-07,Credit Card,Delivered
ORD03688,CUST0738,WH007,2025-06-26,Cash,Delivered
ORD03689,CUST0365,WH004,2025-11-02,UPI,Cancelled
ORD03690,CUST0397,WH005,2025-07-03,UPI,Delivered
ORD03691,CUST0197,WH008,2025-10-17,Net Banking,Delivered
ORD03692,CUST0443,WH008,2025-05-31,Net Banking,Delivered
ORD03693,CUST0936,WH001,2025-09-03,UPI,Delivered
ORD03694,CUST0425,WH001,2025-03-24,UPI,Delivered
ORD03695,CUST0438,WH006,2025-04-15,UPI,Delivered
ORD03696,CUST0941,WH005,2025-05-19,Debit Card,Cancelled
ORD03697,CUST0135,WH010,2025-05-10,Net Banking,Cancelled
ORD03698,CUST0496,WH005,2025-07-21,Debit Card,Returned
ORD03699,CUST0925,WH007,2025-10-14,Debit Card,Delivered
ORD03700,CUST0387,WH003,2025-01-20,Credit Card,Delivered
ORD03701,CUST0626,WH010,2025-06-26,Cash,Cancelled
ORD03702,CUST0323,WH007,2025-03-12,Credit Card,Delivered
ORD03703,CUST0128,WH010,2025-04-03,UPI,Delivered
ORD03704,CUST0955,WH005,2025-04-21,Cash,Shipped
ORD03705,CUST0511,WH005,2025-05-13,Cash,Cancelled
ORD03706,CUST0555,WH005,2025-06-05,Debit Card,Delivered
ORD03707,CUST0616,WH007,2025-04-25,Debit Card,Delivered
ORD03708,CUST0548,WH004,2025-04-29,Debit Card,Delivered
ORD03709,CUST0993,WH003,2025-02-11,Debit Card,Delivered
ORD03710,CUST0224,WH002,2025-06-28,Credit Card,Delivered
ORD03711,CUST0058,WH001,2025-11-02,Credit Card,Delivered
ORD03712,CUST0190,WH002,2025-12-04,UPI,Cancelled
ORD03713,CUST0243,WH003,2025-08-30,Cash,Delivered
ORD03714,CUST0791,WH005,2025-08-06,Net Banking,Delivered
ORD03715,CUST0633,WH006,2025-05-07,Net Banking,Delivered
ORD03716,CUST0329,WH009,2025-12-12,Debit Card,Delivered
ORD03717,CUST0685,WH005,2025-10-27,Credit Card,Delivered
ORD03718,CUST0144,WH006,2025-06-27,UPI,Delivered
ORD03719,CUST0336,WH008,2025-09-15,Debit Card,Delivered
ORD03720,CUST0069,WH001,2025-08-18,Debit Card,Cancelled
ORD03721,CUST0873,WH001,2025-09-28,Debit Card,Delivered
ORD03722,CUST0265,WH008,2025-02-17,Cash,Delivered
ORD03723,CUST0236,WH006,2025-08-30,Credit Card,Delivered
ORD03724,CUST0305,WH008,2025-03-14,Net Banking,Delivered
ORD03725,CUST0115,WH008,2025-06-01,UPI,Delivered
ORD03726,CUST0720,WH010,2025-06-03,Cash,Delivered
ORD03727,CUST0868,WH010,2025-05-29,Credit Card,Delivered
ORD03728,CUST0501,WH009,2025-04-29,Net Banking,Delivered
ORD03729,CUST0128,WH009,2025-04-10,Credit Card,Delivered
ORD03730,CUST0705,WH004,2025-02-05,Credit Card,Shipped
ORD03731,CUST0941,WH010,2025-09-24,Credit Card,Delivered
ORD03732,CUST0526,WH008,2025-01-20,Net Banking,Delivered
ORD03733,CUST0832,WH009,2025-03-31,UPI,Delivered
ORD03734,CUST0492,WH009,2025-03-31,Cash,Delivered
ORD03735,CUST0848,WH009,2025-05-27,Cash,Delivered
ORD03736,CUST0065,WH006,2025-12-17,Credit Card,Delivered
ORD03737,CUST0314,WH007,2025-12-21,Debit Card,Shipped
ORD03738,CUST0949,WH006,2025-04-19,Credit Card,Delivered
ORD03739,CUST0052,WH002,2025-09-20,Net Banking,Delivered
ORD03740,CUST0365,WH007,2025-02-24,Cash,Delivered
ORD03741,CUST0891,WH007,2025-05-23,Cash,Delivered
ORD03742,CUST0454,WH007,2025-09-03,Credit Card,Delivered
ORD03743,CUST0603,WH002,2025-07-23,Debit Card,Delivered
ORD03744,CUST0140,WH010,2025-07-22,Net Banking,Delivered
ORD03745,CUST0645,WH007,2025-07-12,Debit Card,Returned
ORD03746,CUST0054,WH010,2025-06-24,Net Banking,Delivered
ORD03747,CUST0707,WH001,2025-01-15,UPI,Delivered
ORD03748,CUST0568,WH006,2025-11-01,Cash,Delivered
ORD03749,CUST0545,WH004,2025-01-09,Debit Card,Delivered
ORD03750,CUST0088,WH009,2025-12-27,Net Banking,Delivered
ORD03751,CUST0298,WH005,2025-09-25,Credit Card,Delivered
ORD03752,CUST0284,WH009,2025-07-19,Net Banking,Delivered
ORD03753,CUST0630,WH008,2025-12-10,Net Banking,Delivered
ORD03754,CUST0575,WH006,2025-03-29,Cash,Delivered
ORD03755,CUST0585,WH006,2025-12-30,Net Banking,Delivered
ORD03756,CUST0760,WH002,2025-09-23,Net Banking,Delivered
ORD03757,CUST0074,WH008,2025-03-15,Net Banking,Delivered
ORD03758,CUST0624,WH002,2025-10-03,Credit Card,Delivered
ORD03759,CUST0193,WH010,2025-10-04,Cash,Cancelled
ORD03760,CUST0015,WH006,2025-08-25,Net Banking,Delivered
ORD03761,CUST0948,WH006,2025-05-15,UPI,Shipped
ORD03762,CUST0436,WH008,2025-04-16,Credit Card,Delivered
ORD03763,CUST0536,WH002,2025-07-20,UPI,Delivered
ORD03764,CUST0654,WH001,2025-04-22,Credit Card,Delivered
ORD03765,CUST0771,WH007,2025-06-24,Net Banking,Delivered
ORD03766,CUST0592,WH004,2025-02-11,Net Banking,Returned
ORD03767,CUST0855,WH009,2025-09-09,UPI,Delivered
ORD03768,CUST0591,WH001,2025-06-22,UPI,Delivered
ORD03769,CUST0673,WH010,2025-11-13,Credit Card,Shipped
ORD03770,CUST0480,WH010,2025-08-16,UPI,Delivered
ORD03771,CUST0574,WH007,2025-03-17,Cash,Delivered
ORD03772,CUST0843,WH006,2025-04-24,UPI,Delivered
ORD03773,CUST0321,WH009,2025-12-03,Net Banking,Shipped
ORD03774,CUST0985,WH001,2025-08-26,Debit Card,Delivered
ORD03775,CUST0405,WH001,2025-12-11,UPI,Delivered
ORD03776,CUST0807,WH010,2025-05-04,UPI,Delivered
ORD03777,CUST0129,WH010,2025-09-30,Cash,Delivered
ORD03778,CUST0887,WH006,2025-11-27,Debit Card,Delivered
ORD03779,CUST0044,WH010,2025-08-07,UPI,Delivered
ORD03780,CUST0847,WH009,2025-06-17,UPI,Shipped
ORD03781,CUST0044,WH005,2025-03-04,Debit Card,Delivered
ORD03782,CUST0307,WH004,2025-03-11,Cash,Delivered
ORD03783,CUST0928,WH006,2025-02-05,Net Banking,Delivered
ORD03784,CUST0776,WH007,2025-07-14,Credit Card,Cancelled
ORD03785,CUST0223,WH006,2025-02-10,Net Banking,Delivered
ORD03786,CUST0582,WH004,2025-07-25,Credit Card,Delivered
ORD03787,CUST0062,WH001,2025-11-13,Debit Card,Delivered
ORD03788,CUST0093,WH006,2025-08-09,Debit Card,Delivered
ORD03789,CUST0089,WH006,2025-05-07,Cash,Shipped
ORD03790,CUST0599,WH008,2025-05-03,Net Banking,Delivered
ORD03791,CUST0809,WH002,2025-06-27,UPI,Delivered
ORD03792,CUST0403,WH010,2025-05-07,UPI,Delivered
ORD03793,CUST0933,WH004,2025-09-18,Cash,Delivered
ORD03794,CUST0029,WH003,2025-08-22,Net Banking,Delivered
ORD03795,CUST0388,WH007,2025-11-29,UPI,Delivered
ORD03796,CUST0303,WH003,2025-05-08,Net Banking,Delivered
ORD03797,CUST0263,WH002,2025-05-11,Cash,Delivered
ORD03798,CUST0639,WH008,2025-02-23,Debit Card,Delivered
ORD03799,CUST0343,WH009,2025-04-15,Debit Card,Delivered
ORD03800,CUST0044,WH006,2025-05-16,UPI,Delivered
ORD03801,CUST0574,WH009,2025-12-09,UPI,Delivered
ORD03802,CUST0009,WH005,2025-04-20,Credit Card,Delivered
ORD03803,CUST0433,WH003,2025-04-17,Net Banking,Cancelled
ORD03804,CUST0649,WH005,2025-05-15,Debit Card,Delivered
ORD03805,CUST0774,WH010,2025-09-28,Credit Card,Delivered
ORD03806,CUST0949,WH001,2025-04-19,Net Banking,Delivered
ORD03807,CUST0429,WH008,2025-01-23,Cash,Delivered
ORD03808,CUST0881,WH010,2025-12-04,UPI,Delivered
ORD03809,CUST0518,WH009,2025-03-30,Debit Card,Cancelled
ORD03810,CUST0466,WH005,2025-09-18,Debit Card,Shipped
ORD03811,CUST0115,WH004,2025-06-29,Debit Card,Delivered
ORD03812,CUST0140,WH008,2025-08-21,UPI,Delivered
ORD03813,CUST0022,WH007,2025-04-11,Net Banking,Returned
ORD03814,CUST0808,WH002,2025-03-03,Cash,Shipped
ORD03815,CUST0795,WH001,2025-05-19,Credit Card,Delivered
ORD03816,CUST0605,WH009,2025-04-17,Net Banking,Cancelled
ORD03817,CUST0506,WH004,2025-09-17,Net Banking,Delivered
ORD03818,CUST0766,WH006,2025-11-30,Net Banking,Delivered
ORD03819,CUST0220,WH007,2025-04-30,Debit Card,Shipped
ORD03820,CUST0015,WH005,2025-08-19,UPI,Delivered
ORD03821,CUST0620,WH001,2025-01-05,Net Banking,Cancelled
ORD03822,CUST0198,WH009,2025-06-28,Cash,Returned
ORD03823,CUST0559,WH003,2025-04-06,Cash,Delivered
ORD03824,CUST0807,WH003,2025-05-16,UPI,Cancelled
ORD03825,CUST0671,WH003,2025-02-04,Credit Card,Cancelled
ORD03826,CUST0036,WH006,2025-11-09,Cash,Delivered
ORD03827,CUST0275,WH005,2025-01-04,UPI,Delivered
ORD03828,CUST0707,WH008,2025-12-29,Net Banking,Shipped
ORD03829,CUST0103,WH010,2025-05-20,Credit Card,Delivered
ORD03830,CUST0800,WH004,2025-07-10,Net Banking,Delivered
ORD03831,CUST0637,WH008,2025-01-31,Net Banking,Delivered
ORD03832,CUST0946,WH003,2025-11-21,Credit Card,Shipped
ORD03833,CUST0975,WH008,2025-10-06,UPI,Delivered
ORD03834,CUST0487,WH003,2025-10-13,Cash,Returned
ORD03835,CUST0417,WH004,2025-10-22,Credit Card,Delivered
ORD03836,CUST0508,WH005,2025-02-10,Credit Card,Delivered
ORD03837,CUST0272,WH004,2025-01-08,Credit Card,Delivered
ORD03838,CUST0547,WH010,2025-02-25,UPI,Delivered
ORD03839,CUST0392,WH009,2025-06-06,Cash,Delivered
ORD03840,CUST0221,WH001,2025-07-15,Cash,Delivered
ORD03841,CUST0409,WH008,2025-10-07,Credit Card,Delivered
ORD03842,CUST0798,WH001,2025-03-19,UPI,Delivered
ORD03843,CUST0401,WH007,2025-05-02,Credit Card,Delivered
ORD03844,CUST0202,WH007,2025-07-04,Net Banking,Delivered
ORD03845,CUST0348,WH008,2025-01-06,Cash,Delivered
ORD03846,CUST0062,WH002,2025-01-16,Cash,Delivered
ORD03847,CUST0979,WH010,2025-06-20,UPI,Delivered
ORD03848,CUST0222,WH010,2025-08-25,Cash,Delivered
ORD03849,CUST0671,WH008,2025-01-18,Credit Card,Delivered
ORD03850,CUST0210,WH009,2025-02-25,Cash,Delivered
ORD03851,CUST0484,WH002,2025-09-18,Cash,Delivered
ORD03852,CUST0123,WH001,2025-04-06,Debit Card,Delivered
ORD03853,CUST0793,WH005,2025-12-30,Cash,Shipped
ORD03854,CUST0114,WH010,2025-09-11,Credit Card,Delivered
ORD03855,CUST0486,WH001,2025-02-05,Cash,Delivered
ORD03856,CUST0417,WH001,2025-05-06,Credit Card,Shipped
ORD03857,CUST0301,WH003,2025-06-04,Credit Card,Delivered
ORD03858,CUST0664,WH007,2025-02-17,UPI,Delivered
ORD03859,CUST0220,WH010,2025-04-03,Debit Card,Shipped
ORD03860,CUST0978,WH001,2025-03-14,Net Banking,Delivered
ORD03861,CUST0817,WH008,2025-08-17,Credit Card,Delivered
ORD03862,CUST0214,WH003,2025-01-12,Cash,Delivered
ORD03863,CUST0324,WH002,2025-06-30,Credit Card,Cancelled
ORD03864,CUST0419,WH002,2025-08-29,Cash,Delivered
ORD03865,CUST0738,WH009,2025-06-03,UPI,Returned
ORD03866,CUST0138,WH005,2025-12-13,Debit Card,Shipped
ORD03867,CUST0599,WH009,2025-07-03,Debit Card,Delivered
ORD03868,CUST0135,WH002,2025-01-19,UPI,Delivered
ORD03869,CUST0328,WH009,2025-02-26,Net Banking,Cancelled
ORD03870,CUST0175,WH007,2025-02-16,Net Banking,Cancelled
ORD03871,CUST0293,WH010,2025-12-26,Net Banking,Cancelled
ORD03872,CUST0491,WH009,2025-05-11,Cash,Shipped
ORD03873,CUST0691,WH007,2025-09-21,Credit Card,Delivered
ORD03874,CUST0061,WH001,2025-07-14,Net Banking,Delivered
ORD03875,CUST0468,WH005,2025-06-09,UPI,Delivered
ORD03876,CUST0449,WH009,2025-04-29,UPI,Returned
ORD03877,CUST0586,WH001,2025-02-26,Cash,Delivered
ORD03878,CUST0134,WH002,2025-10-18,Cash,Delivered
ORD03879,CUST0414,WH010,2025-01-26,Net Banking,Cancelled
ORD03880,CUST0403,WH010,2025-04-14,Credit Card,Shipped
ORD03881,CUST0236,WH005,2025-06-16,Net Banking,Delivered
ORD03882,CUST0277,WH008,2025-08-12,UPI,Delivered
ORD03883,CUST0230,WH010,2025-03-02,Net Banking,Delivered
ORD03884,CUST0443,WH003,2025-05-21,Credit Card,Delivered
ORD03885,CUST0173,WH002,2025-01-05,Credit Card,Delivered
ORD03886,CUST0703,WH003,2025-09-09,UPI,Delivered
ORD03887,CUST0002,WH004,2025-06-18,Credit Card,Delivered
ORD03888,CUST0019,WH009,2025-01-11,Net Banking,Delivered
ORD03889,CUST0762,WH007,2025-05-30,Cash,Delivered
ORD03890,CUST0627,WH001,2025-02-26,UPI,Delivered
ORD03891,CUST0787,WH010,2025-10-20,UPI,Delivered
ORD03892,CUST0416,WH001,2025-03-02,UPI,Delivered
ORD03893,CUST0394,WH010,2025-02-17,Credit Card,Shipped
ORD03894,CUST0702,WH008,2025-03-13,Credit Card,Cancelled
ORD03895,CUST0690,WH009,2025-10-25,Net Banking,Delivered
ORD03896,CUST0046,WH007,2025-11-13,UPI,Delivered
ORD03897,CUST0308,WH009,2025-06-22,UPI,Cancelled
ORD03898,CUST0436,WH008,2025-10-08,Debit Card,Delivered
ORD03899,CUST0052,WH001,2025-01-21,Net Banking,Shipped
ORD03900,CUST0528,WH005,2025-10-29,Credit Card,Delivered
ORD03901,CUST0912,WH002,2025-03-02,Credit Card,Returned
ORD03902,CUST0952,WH002,2025-02-12,Net Banking,Cancelled
ORD03903,CUST0095,WH010,2025-06-12,Net Banking,Delivered
ORD03904,CUST0266,WH006,2025-12-22,Net Banking,Delivered
ORD03905,CUST0986,WH005,2025-10-21,Credit Card,Returned
ORD03906,CUST0652,WH005,2025-04-07,UPI,Delivered
ORD03907,CUST0332,WH004,2025-04-15,Debit Card,Delivered
ORD03908,CUST0458,WH006,2025-01-16,Cash,Cancelled
ORD03909,CUST0612,WH005,2025-11-07,Debit Card,Delivered
ORD03910,CUST0280,WH007,2025-12-27,Cash,Delivered
ORD03911,CUST0098,WH001,2025-01-28,Net Banking,Delivered
ORD03912,CUST0739,WH001,2025-11-26,Credit Card,Delivered
ORD03913,CUST0933,WH002,2025-10-04,Net Banking,Delivered
ORD03914,CUST0669,WH004,2025-03-12,Net Banking,Delivered
ORD03915,CUST0992,WH001,2025-05-28,Credit Card,Returned
ORD03916,CUST0145,WH001,2025-07-20,Net Banking,Delivered
ORD03917,CUST0509,WH005,2025-02-05,Debit Card,Cancelled
ORD03918,CUST0233,WH006,2025-08-28,Credit Card,Delivered
ORD03919,CUST0974,WH004,2025-03-23,Debit Card,Returned
ORD03920,CUST0009,WH005,2025-01-09,UPI,Delivered
ORD03921,CUST0791,WH009,2025-02-18,Credit Card,Delivered
ORD03922,CUST0110,WH009,2025-06-19,UPI,Delivered
ORD03923,CUST0644,WH003,2025-02-05,Debit Card,Delivered
ORD03924,CUST0294,WH007,2025-01-10,UPI,Cancelled
ORD03925,CUST0476,WH010,2025-02-01,Credit Card,Delivered
ORD03926,CUST0437,WH007,2025-05-16,UPI,Delivered
ORD03927,CUST0576,WH004,2025-03-07,Net Banking,Delivered
ORD03928,CUST0031,WH002,2025-02-14,Credit Card,Delivered
ORD03929,CUST0582,WH007,2025-03-07,UPI,Delivered
ORD03930,CUST0031,WH005,2025-03-06,Net Banking,Delivered
ORD03931,CUST0510,WH007,2025-01-06,Cash,Shipped
ORD03932,CUST0979,WH005,2025-04-25,Debit Card,Delivered
ORD03933,CUST0994,WH005,2025-01-24,Credit Card,Cancelled
ORD03934,CUST0430,WH004,2025-08-14,Debit Card,Delivered
ORD03935,CUST0110,WH010,2025-01-13,UPI,Delivered
ORD03936,CUST0375,WH008,2025-01-04,Credit Card,Returned
ORD03937,CUST0504,WH003,2025-06-08,Debit Card,Delivered
ORD03938,CUST0985,WH007,2025-10-13,UPI,Delivered
ORD03939,CUST0548,WH003,2025-07-29,Credit Card,Cancelled
ORD03940,CUST0768,WH003,2025-02-21,Cash,Delivered
ORD03941,CUST0404,WH008,2025-04-04,UPI,Delivered
ORD03942,CUST0721,WH007,2025-08-03,Debit Card,Cancelled
ORD03943,CUST0976,WH003,2025-07-24,Credit Card,Delivered
ORD03944,CUST0980,WH010,2025-02-09,Cash,Cancelled
ORD03945,CUST0873,WH009,2025-07-29,Cash,Delivered
ORD03946,CUST0810,WH010,2025-05-19,Debit Card,Delivered
ORD03947,CUST0679,WH003,2025-02-11,Net Banking,Delivered
ORD03948,CUST0371,WH001,2025-04-17,UPI,Delivered
ORD03949,CUST0826,WH009,2025-02-25,Debit Card,Delivered
ORD03950,CUST0309,WH003,2025-09-05,Credit Card,Delivered
ORD03951,CUST0832,WH004,2025-05-20,Debit Card,Delivered
ORD03952,CUST0900,WH007,2025-08-03,Net Banking,Delivered
ORD03953,CUST0155,WH002,2025-02-26,Debit Card,Shipped
ORD03954,CUST0864,WH005,2025-08-10,Net Banking,Delivered
ORD03955,CUST0168,WH006,2025-07-02,Debit Card,Delivered
ORD03956,CUST0018,WH007,2025-03-30,Debit Card,Shipped
ORD03957,CUST0839,WH002,2025-11-26,UPI,Delivered
ORD03958,CUST0628,WH008,2025-12-30,Credit Card,Delivered
ORD03959,CUST0544,WH003,2025-02-11,Cash,Delivered
ORD03960,CUST0440,WH004,2025-12-09,Debit Card,Delivered
ORD03961,CUST0601,WH005,2025-12-13,Net Banking,Cancelled
ORD03962,CUST0826,WH003,2025-09-15,UPI,Delivered
ORD03963,CUST0601,WH007,2025-05-22,Net Banking,Delivered
ORD03964,CUST0415,WH005,2025-07-27,UPI,Delivered
ORD03965,CUST0837,WH002,2025-02-20,UPI,Delivered
ORD03966,CUST0835,WH006,2025-03-24,Debit Card,Delivered
ORD03967,CUST0085,WH003,2025-05-23,Credit Card,Shipped
ORD03968,CUST0726,WH007,2025-03-02,UPI,Delivered
ORD03969,CUST0435,WH001,2025-09-28,Credit Card,Delivered
ORD03970,CUST0731,WH009,2025-02-21,Cash,Delivered
ORD03971,CUST0208,WH003,2025-01-30,UPI,Returned
ORD03972,CUST0108,WH010,2025-04-14,Cash,Delivered
ORD03973,CUST0638,WH010,2025-10-31,UPI,Delivered
ORD03974,CUST0034,WH001,2025-05-22,Credit Card,Delivered
ORD03975,CUST0833,WH002,2025-09-01,Credit Card,Delivered
ORD03976,CUST0509,WH002,2025-12-20,Net Banking,Shipped
ORD03977,CUST0569,WH007,2025-11-30,UPI,Shipped
ORD03978,CUST0906,WH007,2025-02-23,Credit Card,Shipped
ORD03979,CUST0701,WH010,2025-07-01,UPI,Delivered
ORD03980,CUST0101,WH010,2025-05-13,Debit Card,Shipped
ORD03981,CUST0478,WH009,2025-11-22,Debit Card,Shipped
ORD03982,CUST0644,WH002,2025-01-05,UPI,Delivered
ORD03983,CUST0349,WH004,2025-08-13,Debit Card,Delivered
ORD03984,CUST0123,WH001,2025-12-28,Cash,Cancelled
ORD03985,CUST0542,WH008,2025-10-13,Net Banking,Delivered
ORD03986,CUST0141,WH008,2025-08-30,Net Banking,Shipped
ORD03987,CUST0480,WH002,2025-04-27,Cash,Delivered
ORD03988,CUST0566,WH009,2025-01-15,UPI,Shipped
ORD03989,CUST1000,WH003,2025-08-29,Credit Card,Cancelled
ORD03990,CUST0611,WH010,2025-12-13,Cash,Delivered
ORD03991,CUST0794,WH002,2025-09-09,Net Banking,Delivered
ORD03992,CUST0858,WH004,2025-06-23,UPI,Delivered
ORD03993,CUST0574,WH002,2025-08-03,UPI,Delivered
ORD03994,CUST0561,WH001,2025-05-27,Net Banking,Delivered
ORD03995,CUST0477,WH009,2025-06-30,UPI,Delivered
ORD03996,CUST0264,WH005,2025-11-30,Credit Card,Shipped
ORD03997,CUST0219,WH007,2025-03-11,Credit Card,Delivered
ORD03998,CUST0401,WH010,2025-03-04,UPI,Shipped
ORD03999,CUST0617,WH007,2025-07-16,Net Banking,Delivered
ORD04000,CUST0266,WH007,2025-08-22,Cash,Delivered
ORD04001,CUST0699,WH006,2025-08-15,UPI,Delivered
ORD04002,CUST0122,WH004,2025-12-20,Net Banking,Shipped
ORD04003,CUST0714,WH003,2025-07-06,UPI,Delivered
ORD04004,CUST0859,WH007,2025-03-01,Debit Card,Shipped
ORD04005,CUST0075,WH001,2025-07-18,Cash,Cancelled
ORD04006,CUST0203,WH006,2025-04-22,UPI,Returned
ORD04007,CUST0536,WH005,2025-11-29,Credit Card,Delivered
ORD04008,CUST0720,WH002,2025-04-19,Net Banking,Delivered
ORD04009,CUST0592,WH003,2025-04-24,Debit Card,Delivered
ORD04010,CUST0516,WH002,2025-05-30,Credit Card,Delivered
ORD04011,CUST0935,WH002,2025-06-04,Cash,Delivered
ORD04012,CUST0834,WH001,2025-02-08,Debit Card,Shipped
ORD04013,CUST0151,WH002,2025-01-24,Debit Card,Cancelled
ORD04014,CUST0488,WH006,2025-07-13,Net Banking,Returned
ORD04015,CUST0298,WH007,2025-12-24,Credit Card,Delivered
ORD04016,CUST0884,WH006,2025-11-11,Credit Card,Delivered
ORD04017,CUST0096,WH001,2025-02-16,Debit Card,Delivered
ORD04018,CUST0902,WH005,2025-03-02,Cash,Delivered
ORD04019,CUST0503,WH009,2025-03-21,Net Banking,Shipped
ORD04020,CUST0328,WH008,2025-03-04,Credit Card,Delivered
ORD04021,CUST0763,WH002,2025-06-14,Credit Card,Delivered
ORD04022,CUST0928,WH008,2025-02-09,Cash,Delivered
ORD04023,CUST0138,WH004,2025-02-20,Net Banking,Delivered
ORD04024,CUST0510,WH009,2025-10-16,UPI,Delivered
ORD04025,CUST0159,WH007,2025-05-13,UPI,Shipped
ORD04026,CUST0473,WH003,2025-11-03,Credit Card,Delivered
ORD04027,CUST0158,WH005,2025-01-10,Debit Card,Delivered
ORD04028,CUST0791,WH005,2025-07-09,Cash,Shipped
ORD04029,CUST0145,WH001,2025-08-28,Debit Card,Delivered
ORD04030,CUST0028,WH008,2025-02-22,Credit Card,Delivered
ORD04031,CUST0475,WH002,2025-09-14,Debit Card,Delivered
ORD04032,CUST0773,WH008,2025-05-15,Net Banking,Returned
ORD04033,CUST0493,WH001,2025-04-28,Credit Card,Delivered
ORD04034,CUST0315,WH004,2025-06-12,Net Banking,Delivered
ORD04035,CUST0910,WH008,2025-04-06,Debit Card,Shipped
ORD04036,CUST0516,WH006,2025-06-04,Cash,Delivered
ORD04037,CUST0052,WH003,2025-07-16,Net Banking,Delivered
ORD04038,CUST0790,WH007,2025-05-13,Net Banking,Delivered
ORD04039,CUST0915,WH008,2025-03-17,Credit Card,Delivered
ORD04040,CUST0047,WH008,2025-06-03,Cash,Delivered
ORD04041,CUST0011,WH008,2025-03-11,Cash,Delivered
ORD04042,CUST0490,WH002,2025-03-15,Credit Card,Cancelled
ORD04043,CUST0745,WH009,2025-04-17,Cash,Delivered
ORD04044,CUST0142,WH006,2025-12-21,Net Banking,Delivered
ORD04045,CUST0442,WH009,2025-09-28,Cash,Delivered
ORD04046,CUST0918,WH001,2025-07-28,Debit Card,Delivered
ORD04047,CUST0403,WH010,2025-09-25,Credit Card,Delivered
ORD04048,CUST0343,WH006,2025-12-22,Credit Card,Delivered
ORD04049,CUST0808,WH001,2025-06-27,Net Banking,Cancelled
ORD04050,CUST0791,WH003,2025-11-06,Cash,Delivered
ORD04051,CUST0761,WH002,2025-08-03,Debit Card,Delivered
ORD04052,CUST0440,WH005,2025-08-19,UPI,Delivered
ORD04053,CUST0672,WH006,2025-12-16,Cash,Delivered
ORD04054,CUST0513,WH010,2025-08-31,Cash,Delivered
ORD04055,CUST0353,WH005,2025-06-23,Credit Card,Delivered
ORD04056,CUST0601,WH001,2025-02-09,Credit Card,Shipped
ORD04057,CUST0266,WH003,2025-09-27,Credit Card,Delivered
ORD04058,CUST0768,WH003,2025-07-26,Cash,Delivered
ORD04059,CUST0062,WH003,2025-04-03,Credit Card,Cancelled
ORD04060,CUST0494,WH002,2025-03-17,UPI,Shipped
ORD04061,CUST0851,WH006,2025-08-26,Cash,Delivered
ORD04062,CUST0992,WH008,2025-03-03,UPI,Delivered
ORD04063,CUST0799,WH005,2025-01-30,Credit Card,Delivered
ORD04064,CUST0381,WH002,2025-10-06,Debit Card,Delivered
ORD04065,CUST0414,WH010,2025-10-10,Net Banking,Delivered
ORD04066,CUST0180,WH002,2025-07-11,Cash,Returned
ORD04067,CUST0213,WH010,2025-01-05,Credit Card,Delivered
ORD04068,CUST0765,WH007,2025-04-03,Net Banking,Shipped
ORD04069,CUST0098,WH005,2025-01-08,Credit Card,Delivered
ORD04070,CUST0508,WH002,2025-05-18,UPI,Delivered
ORD04071,CUST0890,WH002,2025-01-13,Cash,Delivered
ORD04072,CUST0944,WH004,2025-01-10,UPI,Delivered
ORD04073,CUST0457,WH001,2025-04-10,Debit Card,Delivered
ORD04074,CUST0299,WH010,2025-01-17,Credit Card,Delivered
ORD04075,CUST0856,WH008,2025-07-31,Credit Card,Delivered
ORD04076,CUST0386,WH010,2025-05-24,Credit Card,Shipped
ORD04077,CUST0164,WH010,2025-08-14,Debit Card,Shipped
ORD04078,CUST0248,WH009,2025-08-10,UPI,Delivered
ORD04079,CUST0034,WH007,2025-10-16,Debit Card,Delivered
ORD04080,CUST0903,WH006,2025-03-22,Net Banking,Delivered
ORD04081,CUST0333,WH002,2025-10-09,Net Banking,Delivered
ORD04082,CUST0231,WH003,2025-11-06,Cash,Delivered
ORD04083,CUST0185,WH009,2025-09-10,UPI,Delivered
ORD04084,CUST0121,WH007,2025-10-21,Credit Card,Delivered
ORD04085,CUST0306,WH010,2025-01-25,Cash,Delivered
ORD04086,CUST0736,WH007,2025-08-09,Cash,Delivered
ORD04087,CUST0844,WH003,2025-06-19,Cash,Shipped
ORD04088,CUST0660,WH005,2025-10-11,Debit Card,Returned
ORD04089,CUST0501,WH005,2025-10-29,Net Banking,Delivered
ORD04090,CUST0383,WH001,2025-10-28,Cash,Delivered
ORD04091,CUST0880,WH009,2025-09-16,Cash,Delivered
ORD04092,CUST0429,WH008,2025-01-02,Debit Card,Shipped
ORD04093,CUST0174,WH001,2025-01-12,Net Banking,Delivered
ORD04094,CUST0579,WH003,2025-02-22,Net Banking,Delivered
ORD04095,CUST0791,WH002,2025-04-06,Debit Card,Shipped
ORD04096,CUST0904,WH004,2025-06-03,Net Banking,Delivered
ORD04097,CUST0556,WH010,2025-05-13,UPI,Delivered
ORD04098,CUST0921,WH003,2025-03-30,Debit Card,Returned
ORD04099,CUST0212,WH003,2025-05-07,UPI,Returned
ORD04100,CUST0367,WH002,2025-05-06,UPI,Delivered
ORD04101,CUST0928,WH006,2025-07-11,Debit Card,Shipped
ORD04102,CUST0117,WH010,2025-01-31,Credit Card,Returned
ORD04103,CUST0337,WH001,2025-05-26,Credit Card,Shipped
ORD04104,CUST0517,WH009,2025-10-25,Net Banking,Delivered
ORD04105,CUST0639,WH004,2025-04-17,Credit Card,Delivered
ORD04106,CUST0302,WH004,2025-03-25,Cash,Cancelled
ORD04107,CUST0437,WH003,2025-10-31,UPI,Shipped
ORD04108,CUST0356,WH010,2025-01-14,Net Banking,Returned
ORD04109,CUST0126,WH003,2025-04-29,Debit Card,Shipped
ORD04110,CUST0166,WH010,2025-02-16,UPI,Delivered
ORD04111,CUST0770,WH010,2025-06-20,Cash,Delivered
ORD04112,CUST0616,WH010,2025-11-10,Credit Card,Returned
ORD04113,CUST0147,WH004,2025-03-02,Cash,Delivered
ORD04114,CUST0493,WH008,2025-02-08,Debit Card,Delivered
ORD04115,CUST0164,WH002,2025-05-23,UPI,Delivered
ORD04116,CUST0794,WH005,2025-11-01,UPI,Delivered
ORD04117,CUST0351,WH010,2025-08-18,UPI,Delivered
ORD04118,CUST0406,WH008,2025-04-03,UPI,Delivered
ORD04119,CUST0494,WH006,2025-02-21,Credit Card,Delivered
ORD04120,CUST0967,WH007,2025-03-07,Debit Card,Delivered
ORD04121,CUST0684,WH009,2025-03-19,Cash,Delivered
ORD04122,CUST0919,WH003,2025-02-22,UPI,Cancelled
ORD04123,CUST0124,WH008,2025-08-06,Credit Card,Delivered
ORD04124,CUST0608,WH003,2025-10-20,Net Banking,Cancelled
ORD04125,CUST0896,WH003,2025-06-11,Debit Card,Delivered
ORD04126,CUST0723,WH002,2025-03-27,UPI,Delivered
ORD04127,CUST0881,WH006,2025-04-28,Debit Card,Delivered
ORD04128,CUST0278,WH004,2025-02-18,Credit Card,Delivered
ORD04129,CUST0108,WH005,2025-11-24,Credit Card,Delivered
ORD04130,CUST0530,WH008,2025-01-26,Cash,Cancelled
ORD04131,CUST0654,WH003,2025-08-25,Debit Card,Delivered
ORD04132,CUST0384,WH005,2025-03-06,Credit Card,Delivered
ORD04133,CUST0514,WH009,2025-02-17,Credit Card,Delivered
ORD04134,CUST0644,WH006,2025-05-11,Net Banking,Shipped
ORD04135,CUST0185,WH001,2025-10-30,Debit Card,Shipped
ORD04136,CUST0505,WH001,2025-09-05,Cash,Delivered
ORD04137,CUST0850,WH010,2025-07-15,Credit Card,Returned
ORD04138,CUST0776,WH003,2025-05-01,Net Banking,Delivered
ORD04139,CUST0441,WH006,2025-10-13,UPI,Delivered
ORD04140,CUST0966,WH001,2025-11-13,Credit Card,Delivered
ORD04141,CUST0682,WH005,2025-10-05,Cash,Delivered
ORD04142,CUST0342,WH009,2025-09-24,Debit Card,Delivered
ORD04143,CUST0197,WH009,2025-09-29,Credit Card,Returned
ORD04144,CUST0717,WH007,2025-06-14,Cash,Delivered
ORD04145,CUST0019,WH009,2025-03-30,Debit Card,Delivered
ORD04146,CUST0675,WH010,2025-03-06,Credit Card,Delivered
ORD04147,CUST0883,WH006,2025-04-21,Debit Card,Delivered
ORD04148,CUST0402,WH003,2025-10-27,Net Banking,Delivered
ORD04149,CUST0891,WH006,2025-04-04,UPI,Shipped
ORD04150,CUST0188,WH006,2025-10-01,Cash,Delivered
ORD04151,CUST0458,WH003,2025-06-03,Net Banking,Delivered
ORD04152,CUST0779,WH005,2025-10-29,Credit Card,Delivered
ORD04153,CUST0872,WH003,2025-02-16,Credit Card,Delivered
ORD04154,CUST0090,WH005,2025-05-21,Net Banking,Delivered
ORD04155,CUST0012,WH001,2025-11-01,Net Banking,Delivered
ORD04156,CUST0404,WH003,2025-08-02,Cash,Delivered
ORD04157,CUST0409,WH001,2025-07-29,Debit Card,Cancelled
ORD04158,CUST0848,WH001,2025-06-25,Net Banking,Delivered
ORD04159,CUST0190,WH002,2025-04-10,Cash,Shipped
ORD04160,CUST0041,WH001,2025-11-28,Credit Card,Delivered
ORD04161,CUST0756,WH002,2025-01-26,Net Banking,Delivered
ORD04162,CUST0782,WH004,2025-07-09,Net Banking,Delivered
ORD04163,CUST0165,WH005,2025-03-10,Cash,Delivered
ORD04164,CUST0228,WH007,2025-10-31,UPI,Delivered
ORD04165,CUST0989,WH001,2025-08-03,Net Banking,Delivered
ORD04166,CUST0675,WH001,2025-09-06,Debit Card,Delivered
ORD04167,CUST0114,WH007,2025-07-24,UPI,Delivered
ORD04168,CUST0892,WH003,2025-08-12,Cash,Delivered
ORD04169,CUST0539,WH006,2025-12-29,UPI,Delivered
ORD04170,CUST0234,WH008,2025-06-16,Credit Card,Delivered
ORD04171,CUST0093,WH008,2025-08-05,Cash,Delivered
ORD04172,CUST0690,WH002,2025-04-25,Credit Card,Returned
ORD04173,CUST0806,WH007,2025-04-12,UPI,Delivered
ORD04174,CUST0266,WH005,2025-11-13,UPI,Returned
ORD04175,CUST0141,WH004,2025-06-03,UPI,Delivered
ORD04176,CUST0922,WH005,2025-05-22,UPI,Cancelled
ORD04177,CUST0471,WH003,2025-04-11,Cash,Delivered
ORD04178,CUST0536,WH006,2025-07-18,Cash,Returned
ORD04179,CUST0433,WH004,2025-01-17,Debit Card,Delivered
ORD04180,CUST0639,WH001,2025-04-03,Debit Card,Cancelled
ORD04181,CUST0485,WH006,2025-02-05,Debit Card,Delivered
ORD04182,CUST0452,WH001,2025-10-09,UPI,Shipped
ORD04183,CUST0635,WH010,2025-09-11,Net Banking,Delivered
ORD04184,CUST0715,WH003,2025-06-03,UPI,Cancelled
ORD04185,CUST0574,WH004,2025-05-27,Cash,Delivered
ORD04186,CUST0080,WH008,2025-05-17,Credit Card,Delivered
ORD04187,CUST0439,WH006,2025-06-26,Credit Card,Delivered
ORD04188,CUST0587,WH005,2025-07-19,Cash,Delivered
ORD04189,CUST0170,WH006,2025-01-06,Debit Card,Shipped
ORD04190,CUST0764,WH004,2025-07-09,Cash,Shipped
ORD04191,CUST0429,WH009,2025-03-12,Net Banking,Delivered
ORD04192,CUST0479,WH003,2025-12-19,Credit Card,Delivered
ORD04193,CUST0273,WH002,2025-12-28,UPI,Returned
ORD04194,CUST0610,WH006,2025-01-02,Credit Card,Delivered
ORD04195,CUST0641,WH006,2025-06-22,Cash,Delivered
ORD04196,CUST0179,WH002,2025-05-18,Cash,Delivered
ORD04197,CUST0329,WH010,2025-05-01,Net Banking,Delivered
ORD04198,CUST0596,WH004,2025-01-17,Cash,Delivered
ORD04199,CUST0689,WH007,2025-05-15,UPI,Delivered
ORD04200,CUST0651,WH007,2025-11-28,UPI,Delivered
ORD04201,CUST0518,WH009,2025-08-22,Debit Card,Delivered
ORD04202,CUST0053,WH007,2025-08-23,Cash,Delivered
ORD04203,CUST0864,WH006,2025-08-20,Cash,Delivered
ORD04204,CUST0870,WH008,2025-08-01,Credit Card,Delivered
ORD04205,CUST0774,WH004,2025-07-18,Cash,Delivered
ORD04206,CUST0377,WH005,2025-02-04,UPI,Delivered
ORD04207,CUST0765,WH010,2025-09-22,Net Banking,Delivered
ORD04208,CUST0153,WH008,2025-01-31,Cash,Cancelled
ORD04209,CUST0591,WH002,2025-03-27,UPI,Shipped
ORD04210,CUST0343,WH001,2025-06-07,Cash,Delivered
ORD04211,CUST0395,WH001,2025-10-15,Debit Card,Returned
ORD04212,CUST0422,WH007,2025-07-06,UPI,Delivered
ORD04213,CUST0234,WH004,2025-01-19,Cash,Delivered
ORD04214,CUST0607,WH009,2025-08-06,Credit Card,Delivered
ORD04215,CUST0495,WH008,2025-07-22,Credit Card,Delivered
ORD04216,CUST0483,WH002,2025-07-27,Net Banking,Cancelled
ORD04217,CUST0753,WH003,2025-04-04,Cash,Delivered
ORD04218,CUST0934,WH010,2025-09-01,Debit Card,Shipped
ORD04219,CUST0017,WH009,2025-11-11,Cash,Delivered
ORD04220,CUST0442,WH006,2025-09-17,Credit Card,Delivered
ORD04221,CUST0693,WH010,2025-06-18,UPI,Delivered
ORD04222,CUST0587,WH007,2025-04-16,Credit Card,Delivered
ORD04223,CUST0714,WH009,2025-03-28,Net Banking,Shipped
ORD04224,CUST0775,WH008,2025-09-15,Cash,Delivered
ORD04225,CUST0818,WH006,2025-06-11,UPI,Shipped
ORD04226,CUST0310,WH010,2025-11-23,Credit Card,Delivered
ORD04227,CUST0712,WH008,2025-03-02,UPI,Delivered
ORD04228,CUST0433,WH002,2025-10-15,Net Banking,Shipped
ORD04229,CUST0741,WH008,2025-12-16,UPI,Delivered
ORD04230,CUST0192,WH001,2025-04-16,UPI,Delivered
ORD04231,CUST0592,WH001,2025-03-25,Cash,Delivered
ORD04232,CUST0596,WH003,2025-10-25,Net Banking,Shipped
ORD04233,CUST0690,WH010,2025-02-11,Net Banking,Cancelled
ORD04234,CUST0123,WH009,2025-09-09,Credit Card,Delivered
ORD04235,CUST0989,WH004,2025-06-15,Credit Card,Delivered
ORD04236,CUST0756,WH001,2025-08-23,Net Banking,Delivered
ORD04237,CUST0626,WH005,2025-06-07,Credit Card,Delivered
ORD04238,CUST0162,WH001,2025-05-30,Credit Card,Delivered
ORD04239,CUST0549,WH004,2025-10-30,UPI,Delivered
ORD04240,CUST0981,WH006,2025-05-02,Debit Card,Delivered
ORD04241,CUST0616,WH001,2025-11-24,UPI,Delivered
ORD04242,CUST0626,WH007,2025-10-17,Cash,Delivered
ORD04243,CUST0614,WH003,2025-07-14,UPI,Delivered
ORD04244,CUST0450,WH004,2025-10-03,UPI,Delivered
ORD04245,CUST0544,WH003,2025-11-07,Debit Card,Delivered
ORD04246,CUST0761,WH005,2025-09-20,Credit Card,Shipped
ORD04247,CUST0151,WH002,2025-12-24,Cash,Delivered
ORD04248,CUST0425,WH008,2025-02-27,Net Banking,Shipped
ORD04249,CUST0396,WH007,2025-01-03,Debit Card,Delivered
ORD04250,CUST0117,WH006,2025-12-14,Net Banking,Delivered
ORD04251,CUST0106,WH007,2025-01-27,Debit Card,Cancelled
ORD04252,CUST0944,WH003,2025-10-25,Net Banking,Delivered
ORD04253,CUST0205,WH008,2025-01-01,UPI,Delivered
ORD04254,CUST0960,WH010,2025-01-28,Credit Card,Delivered
ORD04255,CUST0044,WH008,2025-06-02,UPI,Delivered
ORD04256,CUST0645,WH009,2025-09-20,UPI,Delivered
ORD04257,CUST0466,WH003,2025-02-03,Cash,Delivered
ORD04258,CUST0616,WH007,2025-03-26,Net Banking,Delivered
ORD04259,CUST0853,WH005,2025-06-01,Net Banking,Delivered
ORD04260,CUST0677,WH001,2025-01-16,Cash,Delivered
ORD04261,CUST0676,WH010,2025-09-17,Debit Card,Returned
ORD04262,CUST0657,WH008,2025-04-05,Debit Card,Delivered
ORD04263,CUST0553,WH001,2025-08-03,Cash,Cancelled
ORD04264,CUST0116,WH010,2025-12-17,Cash,Shipped
ORD04265,CUST0820,WH008,2025-03-29,Cash,Delivered
ORD04266,CUST0571,WH001,2025-01-08,Net Banking,Delivered
ORD04267,CUST0246,WH010,2025-01-09,UPI,Delivered
ORD04268,CUST0776,WH003,2025-11-22,Cash,Delivered
ORD04269,CUST0288,WH005,2025-05-16,Credit Card,Delivered
ORD04270,CUST0391,WH003,2025-11-01,Debit Card,Delivered
ORD04271,CUST0697,WH008,2025-09-25,UPI,Delivered
ORD04272,CUST0754,WH005,2025-01-06,Credit Card,Delivered
ORD04273,CUST0898,WH006,2025-12-03,Credit Card,Delivered
ORD04274,CUST0600,WH002,2025-01-10,Credit Card,Returned
ORD04275,CUST0373,WH004,2025-08-23,UPI,Delivered
ORD04276,CUST0584,WH008,2025-05-17,Cash,Shipped
ORD04277,CUST0061,WH004,2025-12-27,Net Banking,Delivered
ORD04278,CUST0001,WH003,2025-08-18,Debit Card,Delivered
ORD04279,CUST0137,WH005,2025-06-12,UPI,Delivered
ORD04280,CUST0716,WH007,2025-04-24,Debit Card,Delivered
ORD04281,CUST0717,WH009,2025-02-10,Cash,Shipped
ORD04282,CUST0696,WH001,2025-05-23,Credit Card,Cancelled
ORD04283,CUST0279,WH009,2025-12-26,Net Banking,Delivered
ORD04284,CUST0896,WH010,2025-06-30,Cash,Returned
ORD04285,CUST0531,WH006,2025-05-08,Debit Card,Cancelled
ORD04286,CUST0421,WH003,2025-07-24,Credit Card,Returned
ORD04287,CUST0439,WH001,2025-04-29,Cash,Delivered
ORD04288,CUST0619,WH010,2025-08-26,Net Banking,Delivered
ORD04289,CUST0076,WH003,2025-10-27,Debit Card,Delivered
ORD04290,CUST0837,WH008,2025-10-18,Credit Card,Delivered
ORD04291,CUST0975,WH005,2025-01-26,Credit Card,Delivered
ORD04292,CUST0189,WH003,2025-07-18,Cash,Delivered
ORD04293,CUST0012,WH007,2025-03-07,Cash,Delivered
ORD04294,CUST0972,WH010,2025-08-21,Net Banking,Delivered
ORD04295,CUST0914,WH006,2025-04-07,Cash,Delivered
ORD04296,CUST0931,WH010,2025-10-30,Credit Card,Delivered
ORD04297,CUST0811,WH009,2025-11-05,Credit Card,Delivered
ORD04298,CUST0753,WH008,2025-10-11,Cash,Delivered
ORD04299,CUST0728,WH008,2025-08-26,Cash,Delivered
ORD04300,CUST0939,WH007,2025-07-10,UPI,Delivered
ORD04301,CUST0261,WH009,2025-05-07,Credit Card,Delivered
ORD04302,CUST0917,WH010,2025-05-09,Credit Card,Delivered
ORD04303,CUST0618,WH009,2025-04-13,Credit Card,Returned
ORD04304,CUST0087,WH003,2025-11-03,Credit Card,Delivered
ORD04305,CUST0005,WH002,2025-01-16,Debit Card,Delivered
ORD04306,CUST0675,WH008,2025-12-01,Cash,Delivered
ORD04307,CUST0742,WH002,2025-11-12,Debit Card,Delivered
ORD04308,CUST0233,WH001,2025-12-05,Debit Card,Delivered
ORD04309,CUST0073,WH004,2025-10-16,Debit Card,Delivered
ORD04310,CUST0529,WH010,2025-04-15,Cash,Delivered
ORD04311,CUST0864,WH009,2025-11-22,Cash,Delivered
ORD04312,CUST0628,WH009,2025-10-30,Cash,Delivered
ORD04313,CUST0393,WH005,2025-12-10,Credit Card,Delivered
ORD04314,CUST0963,WH003,2025-12-08,Debit Card,Cancelled
ORD04315,CUST0636,WH003,2025-06-18,UPI,Delivered
ORD04316,CUST0345,WH004,2025-04-30,UPI,Delivered
ORD04317,CUST0437,WH007,2025-09-06,Net Banking,Cancelled
ORD04318,CUST0638,WH005,2025-02-22,Net Banking,Cancelled
ORD04319,CUST0129,WH010,2025-07-25,Net Banking,Cancelled
ORD04320,CUST0665,WH006,2025-01-18,Cash,Delivered
ORD04321,CUST0088,WH008,2025-01-03,Debit Card,Delivered
ORD04322,CUST0460,WH010,2025-01-02,Cash,Delivered
ORD04323,CUST0441,WH010,2025-09-27,Debit Card,Returned
ORD04324,CUST0776,WH005,2025-03-20,UPI,Delivered
ORD04325,CUST0503,WH005,2025-06-07,UPI,Delivered
ORD04326,CUST0231,WH002,2025-06-12,Credit Card,Delivered
ORD04327,CUST0324,WH007,2025-11-13,UPI,Delivered
ORD04328,CUST0502,WH008,2025-09-12,Credit Card,Delivered
ORD04329,CUST0509,WH006,2025-02-07,UPI,Delivered
ORD04330,CUST0776,WH010,2025-02-14,Credit Card,Returned
ORD04331,CUST0712,WH006,2025-03-17,Net Banking,Delivered
ORD04332,CUST0612,WH002,2025-10-26,Net Banking,Delivered
ORD04333,CUST0199,WH004,2025-09-05,Cash,Delivered
ORD04334,CUST0750,WH003,2025-06-02,Debit Card,Shipped
ORD04335,CUST0282,WH008,2025-06-08,Debit Card,Delivered
ORD04336,CUST0799,WH005,2025-01-01,Cash,Delivered
ORD04337,CUST0768,WH009,2025-08-16,Cash,Shipped
ORD04338,CUST0323,WH002,2025-04-26,UPI,Delivered
ORD04339,CUST0424,WH006,2025-08-29,UPI,Shipped
ORD04340,CUST0074,WH008,2025-11-08,UPI,Returned
ORD04341,CUST0571,WH006,2025-12-19,UPI,Delivered
ORD04342,CUST0985,WH003,2025-05-03,Net Banking,Delivered
ORD04343,CUST0275,WH006,2025-02-10,Cash,Delivered
ORD04344,CUST0038,WH010,2025-05-11,UPI,Delivered
ORD04345,CUST0522,WH001,2025-07-01,Debit Card,Delivered
ORD04346,CUST0747,WH002,2025-02-10,Debit Card,Cancelled
ORD04347,CUST0267,WH005,2025-08-20,Net Banking,Delivered
ORD04348,CUST0255,WH010,2025-07-07,UPI,Cancelled
ORD04349,CUST0663,WH008,2025-01-25,Cash,Delivered
ORD04350,CUST0012,WH010,2025-05-26,Credit Card,Cancelled
ORD04351,CUST0735,WH005,2025-01-07,Debit Card,Cancelled
ORD04352,CUST0553,WH005,2025-03-02,UPI,Returned
ORD04353,CUST0619,WH009,2025-05-08,Credit Card,Delivered
ORD04354,CUST0025,WH004,2025-10-04,Net Banking,Delivered
ORD04355,CUST0786,WH001,2025-03-24,Credit Card,Delivered
ORD04356,CUST0568,WH007,2025-10-06,Debit Card,Delivered
ORD04357,CUST0762,WH001,2025-12-22,Cash,Delivered
ORD04358,CUST0156,WH007,2025-01-07,Debit Card,Delivered
ORD04359,CUST0347,WH002,2025-12-24,Cash,Delivered
ORD04360,CUST0727,WH010,2025-08-12,Credit Card,Shipped
ORD04361,CUST0351,WH007,2025-05-02,Credit Card,Delivered
ORD04362,CUST0620,WH008,2025-04-08,Debit Card,Delivered
ORD04363,CUST0516,WH009,2025-01-11,UPI,Shipped
ORD04364,CUST0500,WH001,2025-08-10,Net Banking,Delivered
ORD04365,CUST0572,WH008,2025-11-06,UPI,Delivered
ORD04366,CUST0696,WH002,2025-01-22,Net Banking,Delivered
ORD04367,CUST0554,WH005,2025-02-17,Credit Card,Delivered
ORD04368,CUST0698,WH003,2025-04-13,Cash,Delivered
ORD04369,CUST0344,WH009,2025-02-19,Debit Card,Delivered
ORD04370,CUST0049,WH006,2025-10-15,Credit Card,Shipped
ORD04371,CUST0191,WH002,2025-05-04,UPI,Delivered
ORD04372,CUST0034,WH005,2025-07-26,Cash,Shipped
ORD04373,CUST0163,WH003,2025-12-11,UPI,Delivered
ORD04374,CUST0927,WH008,2025-11-04,UPI,Delivered
ORD04375,CUST0373,WH005,2025-05-20,Debit Card,Delivered
ORD04376,CUST0982,WH001,2025-12-24,Net Banking,Delivered
ORD04377,CUST0792,WH003,2025-12-14,Credit Card,Delivered
ORD04378,CUST0297,WH007,2025-02-02,UPI,Shipped
ORD04379,CUST0348,WH004,2025-10-21,Net Banking,Delivered
ORD04380,CUST0824,WH007,2025-09-06,Cash,Delivered
ORD04381,CUST0185,WH004,2025-07-28,Debit Card,Delivered
ORD04382,CUST0385,WH001,2025-10-23,Debit Card,Delivered
ORD04383,CUST0142,WH007,2025-01-07,UPI,Delivered
ORD04384,CUST0017,WH003,2025-06-04,Debit Card,Delivered
ORD04385,CUST0929,WH008,2025-10-12,UPI,Delivered
ORD04386,CUST0530,WH007,2025-07-18,UPI,Delivered
ORD04387,CUST0403,WH004,2025-01-27,UPI,Delivered
ORD04388,CUST0445,WH001,2025-05-03,Debit Card,Delivered
ORD04389,CUST0909,WH002,2025-09-29,Cash,Delivered
ORD04390,CUST0639,WH009,2025-01-05,Net Banking,Delivered
ORD04391,CUST0601,WH001,2025-04-21,Net Banking,Delivered
ORD04392,CUST0061,WH004,2025-03-26,UPI,Delivered
ORD04393,CUST0024,WH010,2025-03-11,Debit Card,Delivered
ORD04394,CUST0205,WH008,2025-12-19,Debit Card,Delivered
ORD04395,CUST0612,WH006,2025-12-23,Credit Card,Shipped
ORD04396,CUST0665,WH003,2025-10-22,Cash,Delivered
ORD04397,CUST0734,WH009,2025-11-16,Cash,Delivered
ORD04398,CUST0358,WH008,2025-08-26,Debit Card,Delivered
ORD04399,CUST0831,WH005,2025-05-12,Net Banking,Returned
ORD04400,CUST0327,WH005,2025-01-23,Net Banking,Returned
ORD04401,CUST0711,WH005,2025-05-25,Debit Card,Delivered
ORD04402,CUST0128,WH009,2025-02-16,UPI,Delivered
ORD04403,CUST0736,WH009,2025-03-03,Net Banking,Delivered
ORD04404,CUST0359,WH009,2025-11-19,Credit Card,Delivered
ORD04405,CUST0781,WH006,2025-05-25,Cash,Returned
ORD04406,CUST0888,WH003,2025-03-22,Net Banking,Shipped
ORD04407,CUST0153,WH002,2025-07-09,Cash,Delivered
ORD04408,CUST0323,WH007,2025-01-27,Cash,Delivered
ORD04409,CUST0106,WH007,2025-07-29,Credit Card,Delivered
ORD04410,CUST0032,WH008,2025-08-05,UPI,Delivered
ORD04411,CUST0158,WH007,2025-11-24,Cash,Delivered
ORD04412,CUST0362,WH002,2025-04-11,Debit Card,Delivered
ORD04413,CUST0073,WH006,2025-01-14,Credit Card,Delivered
ORD04414,CUST0452,WH004,2025-02-04,UPI,Delivered
ORD04415,CUST0324,WH007,2025-02-18,UPI,Delivered
ORD04416,CUST0586,WH001,2025-08-14,Debit Card,Delivered
ORD04417,CUST0310,WH002,2025-05-11,Credit Card,Delivered
ORD04418,CUST0315,WH008,2025-06-17,Net Banking,Delivered
ORD04419,CUST0385,WH005,2025-12-30,Debit Card,Delivered
ORD04420,CUST0832,WH006,2025-12-15,Cash,Delivered
ORD04421,CUST0741,WH008,2025-06-13,UPI,Delivered
ORD04422,CUST0777,WH009,2025-02-10,Net Banking,Delivered
ORD04423,CUST0988,WH005,2025-08-11,Cash,Delivered
ORD04424,CUST0339,WH007,2025-08-08,UPI,Delivered
ORD04425,CUST0903,WH006,2025-04-10,Net Banking,Delivered
ORD04426,CUST0687,WH009,2025-11-18,Cash,Delivered
ORD04427,CUST0384,WH008,2025-01-04,UPI,Shipped
ORD04428,CUST0764,WH008,2025-05-05,Cash,Shipped
ORD04429,CUST0556,WH005,2025-02-15,Credit Card,Shipped
ORD04430,CUST0103,WH010,2025-11-25,Credit Card,Delivered
ORD04431,CUST0369,WH007,2025-11-05,Cash,Delivered
ORD04432,CUST0871,WH003,2025-04-08,Net Banking,Delivered
ORD04433,CUST0806,WH003,2025-04-19,Credit Card,Delivered
ORD04434,CUST0297,WH005,2025-07-27,UPI,Delivered
ORD04435,CUST0944,WH003,2025-10-15,Debit Card,Delivered
ORD04436,CUST0836,WH007,2025-03-25,Cash,Delivered
ORD04437,CUST0669,WH003,2025-10-31,Debit Card,Delivered
ORD04438,CUST0941,WH004,2025-08-31,Net Banking,Cancelled
ORD04439,CUST0230,WH009,2025-03-23,Debit Card,Delivered
ORD04440,CUST0140,WH004,2025-01-24,Credit Card,Delivered
ORD04441,CUST0258,WH001,2025-02-18,UPI,Delivered
ORD04442,CUST0234,WH003,2025-04-07,Net Banking,Delivered
ORD04443,CUST0218,WH005,2025-03-12,Cash,Delivered
ORD04444,CUST0606,WH009,2025-11-06,Credit Card,Cancelled
ORD04445,CUST0819,WH008,2025-01-05,Debit Card,Shipped
ORD04446,CUST0337,WH005,2025-02-13,Debit Card,Delivered
ORD04447,CUST0059,WH008,2025-07-19,Debit Card,Delivered
ORD04448,CUST0624,WH010,2025-12-20,UPI,Delivered
ORD04449,CUST0128,WH001,2025-04-24,UPI,Delivered
ORD04450,CUST0808,WH005,2025-07-21,Credit Card,Delivered
ORD04451,CUST0189,WH007,2025-03-21,Credit Card,Cancelled
ORD04452,CUST0461,WH008,2025-09-10,Cash,Delivered
ORD04453,CUST0425,WH009,2025-02-08,UPI,Returned
ORD04454,CUST0951,WH005,2025-07-25,Cash,Delivered
ORD04455,CUST0004,WH004,2025-08-15,Net Banking,Delivered
ORD04456,CUST0388,WH001,2025-05-02,Debit Card,Delivered
ORD04457,CUST0639,WH009,2025-03-28,Debit Card,Delivered
ORD04458,CUST0087,WH001,2025-05-28,Cash,Shipped
ORD04459,CUST0746,WH001,2025-06-02,Credit Card,Cancelled
ORD04460,CUST0019,WH007,2025-05-19,Cash,Shipped
ORD04461,CUST0519,WH003,2025-07-07,Cash,Delivered
ORD04462,CUST0381,WH010,2025-03-12,UPI,Shipped
ORD04463,CUST0851,WH003,2025-08-09,UPI,Shipped
ORD04464,CUST0724,WH007,2025-05-06,Credit Card,Shipped
ORD04465,CUST0366,WH007,2025-12-06,Debit Card,Cancelled
ORD04466,CUST0290,WH010,2025-02-06,Cash,Delivered
ORD04467,CUST0498,WH010,2025-11-01,Credit Card,Delivered
ORD04468,CUST0602,WH010,2025-04-22,Cash,Delivered
ORD04469,CUST0726,WH005,2025-10-05,Net Banking,Shipped
ORD04470,CUST0614,WH009,2025-05-12,Cash,Delivered
ORD04471,CUST0911,WH006,2025-11-14,Debit Card,Delivered
ORD04472,CUST0612,WH004,2025-05-25,Credit Card,Shipped
ORD04473,CUST0304,WH004,2025-08-12,Credit Card,Delivered
ORD04474,CUST0999,WH010,2025-04-24,Debit Card,Cancelled
ORD04475,CUST0134,WH002,2025-02-21,Credit Card,Delivered
ORD04476,CUST0721,WH009,2025-10-27,UPI,Delivered
ORD04477,CUST0338,WH010,2025-02-23,Debit Card,Delivered
ORD04478,CUST0234,WH005,2025-06-23,UPI,Delivered
ORD04479,CUST0187,WH008,2025-02-07,Cash,Delivered
ORD04480,CUST0141,WH004,2025-03-25,Net Banking,Returned
ORD04481,CUST0938,WH005,2025-12-27,Cash,Delivered
ORD04482,CUST0166,WH006,2025-11-23,Cash,Delivered
ORD04483,CUST0713,WH008,2025-09-16,UPI,Shipped
ORD04484,CUST0539,WH003,2025-09-14,Credit Card,Delivered
ORD04485,CUST0659,WH009,2025-09-27,Cash,Delivered
ORD04486,CUST0560,WH005,2025-12-03,UPI,Delivered
ORD04487,CUST0394,WH002,2025-01-26,Credit Card,Delivered
ORD04488,CUST0590,WH006,2025-05-11,Cash,Delivered
ORD04489,CUST0614,WH009,2025-10-22,Debit Card,Delivered
ORD04490,CUST0333,WH009,2025-12-14,Cash,Delivered
ORD04491,CUST0276,WH010,2025-11-16,Cash,Delivered
ORD04492,CUST0555,WH004,2025-12-14,UPI,Shipped
ORD04493,CUST0158,WH004,2025-08-16,Cash,Shipped
ORD04494,CUST0860,WH009,2025-01-26,UPI,Delivered
ORD04495,CUST0428,WH002,2025-03-14,Cash,Delivered
ORD04496,CUST0102,WH007,2025-01-04,Debit Card,Delivered
ORD04497,CUST0751,WH008,2025-06-13,Net Banking,Delivered
ORD04498,CUST0339,WH008,2025-05-23,Net Banking,Cancelled
ORD04499,CUST0336,WH006,2025-06-15,Cash,Delivered
ORD04500,CUST0261,WH008,2025-03-30,Cash,Delivered
ORD04501,CUST0054,WH007,2025-01-04,Net Banking,Delivered
ORD04502,CUST0806,WH007,2025-09-24,Net Banking,Shipped
ORD04503,CUST0700,WH001,2025-05-30,Debit Card,Delivered
ORD04504,CUST0362,WH005,2025-07-15,Debit Card,Delivered
ORD04505,CUST0914,WH005,2025-03-31,Debit Card,Delivered
ORD04506,CUST0603,WH010,2025-09-20,Cash,Cancelled
ORD04507,CUST0148,WH004,2025-01-03,Credit Card,Delivered
ORD04508,CUST0437,WH001,2025-10-01,Net Banking,Shipped
ORD04509,CUST0841,WH008,2025-06-12,UPI,Delivered
ORD04510,CUST0021,WH004,2025-08-20,Cash,Delivered
ORD04511,CUST0306,WH005,2025-11-15,Credit Card,Cancelled
ORD04512,CUST0659,WH007,2025-09-20,UPI,Delivered
ORD04513,CUST0341,WH001,2025-12-22,Net Banking,Delivered
ORD04514,CUST0229,WH001,2025-10-01,Net Banking,Shipped
ORD04515,CUST0765,WH002,2025-05-23,Credit Card,Delivered
ORD04516,CUST0013,WH010,2025-10-24,Cash,Delivered
ORD04517,CUST0488,WH010,2025-11-07,Cash,Shipped
ORD04518,CUST0899,WH008,2025-10-22,Credit Card,Shipped
ORD04519,CUST0157,WH009,2025-06-22,Debit Card,Delivered
ORD04520,CUST0399,WH010,2025-07-05,Debit Card,Delivered
ORD04521,CUST0326,WH001,2025-06-02,Cash,Delivered
ORD04522,CUST0770,WH008,2025-07-13,Debit Card,Returned
ORD04523,CUST0587,WH006,2025-01-08,Cash,Delivered
ORD04524,CUST0587,WH005,2025-04-25,UPI,Cancelled
ORD04525,CUST0849,WH009,2025-10-27,UPI,Delivered
ORD04526,CUST0002,WH003,2025-08-10,Net Banking,Delivered
ORD04527,CUST0667,WH001,2025-03-17,Credit Card,Returned
ORD04528,CUST0934,WH009,2025-07-01,Net Banking,Returned
ORD04529,CUST0341,WH009,2025-03-13,Debit Card,Delivered
ORD04530,CUST0480,WH004,2025-01-09,Debit Card,Delivered
ORD04531,CUST0099,WH010,2025-04-27,Cash,Delivered
ORD04532,CUST0293,WH009,2025-08-30,Cash,Delivered
ORD04533,CUST0375,WH002,2025-11-09,Debit Card,Delivered
ORD04534,CUST0756,WH005,2025-08-06,Net Banking,Delivered
ORD04535,CUST0004,WH009,2025-04-14,Net Banking,Shipped
ORD04536,CUST0860,WH010,2025-03-08,Debit Card,Shipped
ORD04537,CUST0895,WH007,2025-09-24,Net Banking,Shipped
ORD04538,CUST0109,WH010,2025-05-22,Cash,Delivered
ORD04539,CUST0785,WH004,2025-11-28,Credit Card,Returned
ORD04540,CUST0032,WH006,2025-08-08,Net Banking,Delivered
ORD04541,CUST0775,WH005,2025-11-15,Credit Card,Delivered
ORD04542,CUST0300,WH009,2025-09-04,Credit Card,Delivered
ORD04543,CUST0198,WH001,2025-08-16,Cash,Delivered
ORD04544,CUST0219,WH002,2025-10-30,Debit Card,Delivered
ORD04545,CUST0946,WH002,2025-09-29,Cash,Delivered
ORD04546,CUST0302,WH003,2025-03-18,Cash,Shipped
ORD04547,CUST0577,WH005,2025-06-24,Cash,Delivered
ORD04548,CUST0857,WH001,2025-10-31,Cash,Cancelled
ORD04549,CUST0137,WH008,2025-05-01,Credit Card,Delivered
ORD04550,CUST0122,WH008,2025-08-31,Net Banking,Delivered
ORD04551,CUST0028,WH003,2025-10-24,Credit Card,Delivered
ORD04552,CUST0848,WH010,2025-12-14,UPI,Delivered
ORD04553,CUST0324,WH005,2025-08-08,Net Banking,Delivered
ORD04554,CUST0057,WH009,2025-08-18,Debit Card,Shipped
ORD04555,CUST0595,WH006,2025-08-17,Debit Card,Delivered
ORD04556,CUST0431,WH008,2025-08-16,Debit Card,Delivered
ORD04557,CUST0538,WH002,2025-10-31,Net Banking,Delivered
ORD04558,CUST0041,WH008,2025-12-17,Credit Card,Delivered
ORD04559,CUST0362,WH010,2025-02-03,UPI,Delivered
ORD04560,CUST0060,WH009,2025-11-05,Net Banking,Delivered
ORD04561,CUST0624,WH007,2025-09-19,Credit Card,Delivered
ORD04562,CUST0216,WH009,2025-10-09,Debit Card,Delivered
ORD04563,CUST0421,WH004,2025-08-15,Net Banking,Delivered
ORD04564,CUST0983,WH001,2025-03-21,Cash,Delivered
ORD04565,CUST0244,WH010,2025-03-19,Cash,Delivered
ORD04566,CUST0118,WH010,2025-04-03,UPI,Delivered
ORD04567,CUST0756,WH002,2025-06-20,Net Banking,Cancelled
ORD04568,CUST0103,WH003,2025-10-07,Net Banking,Delivered
ORD04569,CUST0536,WH007,2025-10-04,UPI,Delivered
ORD04570,CUST0836,WH001,2025-03-10,Cash,Delivered
ORD04571,CUST0398,WH010,2025-07-25,UPI,Cancelled
ORD04572,CUST0466,WH010,2025-01-25,Credit Card,Delivered
ORD04573,CUST0604,WH009,2025-03-17,Credit Card,Delivered
ORD04574,CUST0915,WH004,2025-11-07,Credit Card,Delivered
ORD04575,CUST0524,WH007,2025-12-28,Debit Card,Delivered
ORD04576,CUST0944,WH001,2025-08-21,Credit Card,Delivered
ORD04577,CUST0431,WH008,2025-01-23,Debit Card,Delivered
ORD04578,CUST0424,WH009,2025-11-11,Credit Card,Returned
ORD04579,CUST0347,WH006,2025-04-08,Cash,Delivered
ORD04580,CUST0453,WH004,2025-09-07,UPI,Shipped
ORD04581,CUST0921,WH004,2025-12-03,UPI,Delivered
ORD04582,CUST0648,WH001,2025-06-24,Debit Card,Delivered
ORD04583,CUST0367,WH003,2025-01-17,UPI,Delivered
ORD04584,CUST0618,WH004,2025-11-13,Net Banking,Delivered
ORD04585,CUST0270,WH001,2025-05-24,Debit Card,Delivered
ORD04586,CUST0551,WH004,2025-09-18,UPI,Returned
ORD04587,CUST0066,WH005,2025-06-09,Cash,Returned
ORD04588,CUST0942,WH002,2025-11-30,Credit Card,Cancelled
ORD04589,CUST0813,WH006,2025-11-28,UPI,Delivered
ORD04590,CUST0455,WH002,2025-10-02,Debit Card,Delivered
ORD04591,CUST0839,WH009,2025-07-21,Net Banking,Delivered
ORD04592,CUST0597,WH008,2025-01-20,Cash,Delivered
ORD04593,CUST0055,WH003,2025-10-03,Credit Card,Delivered
ORD04594,CUST0824,WH005,2025-06-04,Debit Card,Delivered
ORD04595,CUST0270,WH007,2025-05-30,Cash,Delivered
ORD04596,CUST0026,WH004,2025-05-31,Cash,Delivered
ORD04597,CUST0977,WH005,2025-08-07,UPI,Delivered
ORD04598,CUST0961,WH003,2025-04-22,Net Banking,Delivered
ORD04599,CUST0777,WH008,2025-04-22,Net Banking,Delivered
ORD04600,CUST0364,WH010,2025-03-02,Cash,Delivered
ORD04601,CUST0940,WH003,2025-12-28,Net Banking,Cancelled
ORD04602,CUST0151,WH008,2025-12-09,Credit Card,Delivered
ORD04603,CUST0985,WH009,2025-07-21,Credit Card,Delivered
ORD04604,CUST0579,WH002,2025-03-11,Debit Card,Delivered
ORD04605,CUST0678,WH005,2025-12-28,Credit Card,Returned
ORD04606,CUST0233,WH003,2025-04-27,Debit Card,Delivered
ORD04607,CUST0071,WH009,2025-07-10,Debit Card,Delivered
ORD04608,CUST0551,WH004,2025-05-11,Net Banking,Delivered
ORD04609,CUST0025,WH008,2025-07-19,Credit Card,Delivered
ORD04610,CUST0867,WH008,2025-07-16,Debit Card,Delivered
ORD04611,CUST0354,WH010,2025-03-04,Debit Card,Delivered
ORD04612,CUST0085,WH008,2025-11-29,Debit Card,Delivered
ORD04613,CUST0118,WH007,2025-11-09,UPI,Delivered
ORD04614,CUST0014,WH003,2025-06-22,Credit Card,Delivered
ORD04615,CUST0097,WH007,2025-12-07,Net Banking,Delivered
ORD04616,CUST0855,WH005,2025-11-27,UPI,Delivered
ORD04617,CUST0858,WH005,2025-06-03,Cash,Delivered
ORD04618,CUST0723,WH010,2025-01-30,Debit Card,Shipped
ORD04619,CUST0711,WH008,2025-04-15,Cash,Delivered
ORD04620,CUST0606,WH003,2025-03-07,Net Banking,Delivered
ORD04621,CUST0653,WH004,2025-12-07,Credit Card,Shipped
ORD04622,CUST0832,WH003,2025-01-15,Cash,Returned
ORD04623,CUST0357,WH001,2025-11-21,Net Banking,Delivered
ORD04624,CUST0394,WH003,2025-10-27,UPI,Delivered
ORD04625,CUST0426,WH007,2025-04-07,Cash,Delivered
ORD04626,CUST0765,WH007,2025-11-04,Cash,Delivered
ORD04627,CUST0002,WH003,2025-02-09,Debit Card,Delivered
ORD04628,CUST0285,WH003,2025-05-04,UPI,Delivered
ORD04629,CUST0137,WH004,2025-03-07,Debit Card,Delivered
ORD04630,CUST0041,WH002,2025-10-06,Credit Card,Delivered
ORD04631,CUST0568,WH004,2025-08-05,Cash,Delivered
ORD04632,CUST0759,WH001,2025-11-13,UPI,Delivered
ORD04633,CUST0630,WH002,2025-08-20,Debit Card,Delivered
ORD04634,CUST0283,WH007,2025-06-05,UPI,Delivered
ORD04635,CUST0632,WH003,2025-01-14,Credit Card,Delivered
ORD04636,CUST0065,WH008,2025-06-29,Debit Card,Shipped
ORD04637,CUST0445,WH005,2025-07-04,Credit Card,Shipped
ORD04638,CUST0834,WH001,2025-07-12,UPI,Delivered
ORD04639,CUST0502,WH003,2025-05-07,Cash,Delivered
ORD04640,CUST0599,WH006,2025-10-18,Cash,Cancelled
ORD04641,CUST0343,WH006,2025-11-21,Net Banking,Shipped
ORD04642,CUST0188,WH008,2025-11-24,Cash,Delivered
ORD04643,CUST0832,WH002,2025-05-15,Debit Card,Delivered
ORD04644,CUST0222,WH009,2025-01-14,Debit Card,Delivered
ORD04645,CUST0761,WH006,2025-04-02,Debit Card,Delivered
ORD04646,CUST0852,WH005,2025-04-17,Debit Card,Cancelled
ORD04647,CUST0897,WH009,2025-05-11,Cash,Delivered
ORD04648,CUST0547,WH009,2025-04-03,Credit Card,Delivered
ORD04649,CUST0481,WH004,2025-06-03,Credit Card,Delivered
ORD04650,CUST0283,WH007,2025-07-04,UPI,Delivered
ORD04651,CUST0300,WH010,2025-09-04,Credit Card,Delivered
ORD04652,CUST0118,WH005,2025-02-17,Net Banking,Delivered
ORD04653,CUST0478,WH010,2025-09-22,Debit Card,Delivered
ORD04654,CUST0896,WH001,2025-03-10,Debit Card,Delivered
ORD04655,CUST0293,WH004,2025-06-14,Cash,Delivered
ORD04656,CUST0436,WH002,2025-08-11,Net Banking,Delivered
ORD04657,CUST0542,WH006,2025-12-24,Net Banking,Delivered
ORD04658,CUST0741,WH009,2025-02-21,Cash,Returned
ORD04659,CUST0320,WH004,2025-02-13,Net Banking,Delivered
ORD04660,CUST0961,WH002,2025-02-17,Debit Card,Delivered
ORD04661,CUST0548,WH007,2025-09-04,Credit Card,Delivered
ORD04662,CUST0498,WH009,2025-01-08,UPI,Delivered
ORD04663,CUST0047,WH010,2025-02-19,Cash,Delivered
ORD04664,CUST0434,WH005,2025-06-13,Credit Card,Delivered
ORD04665,CUST0860,WH001,2025-08-21,Cash,Delivered
ORD04666,CUST0858,WH001,2025-11-30,Credit Card,Shipped
ORD04667,CUST0673,WH004,2025-10-24,Credit Card,Cancelled
ORD04668,CUST0382,WH005,2025-02-06,Credit Card,Delivered
ORD04669,CUST0013,WH007,2025-04-11,UPI,Delivered
ORD04670,CUST0056,WH003,2025-04-10,Net Banking,Delivered
ORD04671,CUST0663,WH006,2025-06-21,UPI,Delivered
ORD04672,CUST0173,WH005,2025-03-12,UPI,Delivered
ORD04673,CUST0028,WH007,2025-03-20,Cash,Delivered
ORD04674,CUST0323,WH002,2025-02-22,Debit Card,Delivered
ORD04675,CUST0580,WH003,2025-10-29,UPI,Delivered
ORD04676,CUST0435,WH004,2025-07-25,Credit Card,Shipped
ORD04677,CUST0145,WH003,2025-09-23,Credit Card,Shipped
ORD04678,CUST0039,WH001,2025-05-23,Debit Card,Delivered
ORD04679,CUST0134,WH003,2025-10-28,Credit Card,Delivered
ORD04680,CUST0144,WH001,2025-07-13,UPI,Returned
ORD04681,CUST0776,WH001,2025-11-11,UPI,Delivered
ORD04682,CUST0263,WH009,2025-04-17,Debit Card,Delivered
ORD04683,CUST0104,WH004,2025-10-22,Credit Card,Delivered
ORD04684,CUST0186,WH009,2025-07-06,Cash,Returned
ORD04685,CUST0816,WH004,2025-03-01,Credit Card,Delivered
ORD04686,CUST0261,WH006,2025-11-03,Cash,Delivered
ORD04687,CUST0130,WH004,2025-06-20,Debit Card,Delivered
ORD04688,CUST0306,WH005,2025-07-24,Net Banking,Delivered
ORD04689,CUST0178,WH005,2025-01-03,Net Banking,Delivered
ORD04690,CUST0198,WH005,2025-08-08,Credit Card,Delivered
ORD04691,CUST0974,WH006,2025-10-26,Credit Card,Delivered
ORD04692,CUST0652,WH008,2025-08-21,Credit Card,Delivered
ORD04693,CUST0564,WH006,2025-10-21,Credit Card,Delivered
ORD04694,CUST0365,WH007,2025-04-29,UPI,Delivered
ORD04695,CUST0393,WH007,2025-04-01,Debit Card,Shipped
ORD04696,CUST0868,WH002,2025-10-16,Debit Card,Delivered
ORD04697,CUST0984,WH003,2025-07-19,Debit Card,Shipped
ORD04698,CUST0524,WH001,2025-11-24,Net Banking,Cancelled
ORD04699,CUST0308,WH002,2025-08-02,Debit Card,Delivered
ORD04700,CUST0225,WH004,2025-07-09,Cash,Shipped
ORD04701,CUST0380,WH003,2025-12-24,Debit Card,Cancelled
ORD04702,CUST0946,WH007,2025-05-19,Cash,Delivered
ORD04703,CUST0239,WH006,2025-12-08,Credit Card,Delivered
ORD04704,CUST0706,WH007,2025-12-24,Credit Card,Shipped
ORD04705,CUST0565,WH006,2025-10-23,Credit Card,Delivered
ORD04706,CUST0899,WH007,2025-04-14,Cash,Cancelled
ORD04707,CUST0305,WH002,2025-03-19,Debit Card,Delivered
ORD04708,CUST0657,WH008,2025-03-22,Cash,Returned
ORD04709,CUST0561,WH004,2025-11-17,Debit Card,Delivered
ORD04710,CUST0294,WH007,2025-12-04,Net Banking,Delivered
ORD04711,CUST0253,WH010,2025-08-08,UPI,Delivered
ORD04712,CUST0403,WH009,2025-02-21,Credit Card,Delivered
ORD04713,CUST0605,WH004,2025-08-29,Net Banking,Delivered
ORD04714,CUST0807,WH002,2025-10-07,Cash,Delivered
ORD04715,CUST0690,WH009,2025-04-25,UPI,Delivered
ORD04716,CUST0672,WH004,2025-09-21,Cash,Delivered
ORD04717,CUST0024,WH008,2025-05-06,Credit Card,Delivered
ORD04718,CUST0061,WH008,2025-07-14,Credit Card,Shipped
ORD04719,CUST0966,WH002,2025-01-03,Debit Card,Delivered
ORD04720,CUST0835,WH008,2025-08-05,Net Banking,Cancelled
ORD04721,CUST0570,WH003,2025-01-10,Cash,Delivered
ORD04722,CUST0213,WH002,2025-10-21,Credit Card,Returned
ORD04723,CUST0408,WH004,2025-05-27,Net Banking,Shipped
ORD04724,CUST0407,WH003,2025-08-15,Debit Card,Delivered
ORD04725,CUST0767,WH010,2025-03-15,Credit Card,Delivered
ORD04726,CUST0304,WH006,2025-12-26,Cash,Delivered
ORD04727,CUST0613,WH002,2025-04-08,Cash,Delivered
ORD04728,CUST0882,WH010,2025-10-27,Debit Card,Delivered
ORD04729,CUST0841,WH010,2025-07-22,Debit Card,Delivered
ORD04730,CUST0082,WH002,2025-12-07,Credit Card,Delivered
ORD04731,CUST0933,WH007,2025-12-26,Debit Card,Delivered
ORD04732,CUST0636,WH007,2025-02-15,Cash,Returned
ORD04733,CUST0422,WH009,2025-01-14,Credit Card,Delivered
ORD04734,CUST0615,WH002,2025-04-23,UPI,Delivered
ORD04735,CUST0111,WH003,2025-07-19,Debit Card,Shipped
ORD04736,CUST0029,WH002,2025-10-20,Cash,Shipped
ORD04737,CUST0582,WH010,2025-05-07,Debit Card,Delivered
ORD04738,CUST0780,WH002,2025-01-18,Credit Card,Delivered
ORD04739,CUST0996,WH005,2025-05-20,Credit Card,Delivered
ORD04740,CUST0430,WH008,2025-12-07,Credit Card,Returned
ORD04741,CUST0547,WH002,2025-05-21,Debit Card,Delivered
ORD04742,CUST0559,WH005,2025-10-16,UPI,Delivered
ORD04743,CUST0886,WH007,2025-02-06,Cash,Delivered
ORD04744,CUST0076,WH005,2025-01-20,Net Banking,Delivered
ORD04745,CUST0011,WH005,2025-07-25,Net Banking,Delivered
ORD04746,CUST0679,WH002,2025-10-30,UPI,Delivered
ORD04747,CUST0672,WH003,2025-06-09,UPI,Delivered
ORD04748,CUST0851,WH007,2025-10-15,Cash,Cancelled
ORD04749,CUST0938,WH009,2025-07-26,UPI,Delivered
ORD04750,CUST0898,WH010,2025-02-07,Net Banking,Delivered
ORD04751,CUST0148,WH002,2025-05-30,Credit Card,Delivered
ORD04752,CUST0310,WH009,2025-06-18,Debit Card,Cancelled
ORD04753,CUST0215,WH006,2025-01-31,Credit Card,Delivered
ORD04754,CUST0713,WH008,2025-02-01,Net Banking,Returned
ORD04755,CUST0498,WH010,2025-02-19,UPI,Delivered
ORD04756,CUST0392,WH001,2025-10-06,UPI,Delivered
ORD04757,CUST0102,WH002,2025-09-04,Cash,Delivered
ORD04758,CUST0802,WH002,2025-03-11,Net Banking,Delivered
ORD04759,CUST0139,WH005,2025-01-09,Cash,Delivered
ORD04760,CUST0166,WH009,2025-01-03,Net Banking,Shipped
ORD04761,CUST0297,WH002,2025-02-15,UPI,Delivered
ORD04762,CUST0471,WH005,2025-10-01,Debit Card,Delivered
ORD04763,CUST0957,WH002,2025-09-06,Net Banking,Delivered
ORD04764,CUST0488,WH009,2025-08-12,Debit Card,Delivered
ORD04765,CUST0881,WH007,2025-05-31,Credit Card,Delivered
ORD04766,CUST0568,WH002,2025-05-03,UPI,Cancelled
ORD04767,CUST0309,WH010,2025-09-13,UPI,Delivered
ORD04768,CUST0126,WH010,2025-07-14,Debit Card,Delivered
ORD04769,CUST0156,WH002,2025-11-25,Debit Card,Delivered
ORD04770,CUST0078,WH004,2025-01-25,UPI,Cancelled
ORD04771,CUST0340,WH001,2025-04-22,Cash,Delivered
ORD04772,CUST0989,WH003,2025-08-10,Cash,Delivered
ORD04773,CUST0260,WH006,2025-10-08,Debit Card,Delivered
ORD04774,CUST0180,WH008,2025-06-15,Debit Card,Cancelled
ORD04775,CUST0143,WH006,2025-01-02,Debit Card,Delivered
ORD04776,CUST0957,WH008,2025-02-03,Net Banking,Delivered
ORD04777,CUST0629,WH005,2025-12-27,Net Banking,Delivered
ORD04778,CUST0437,WH007,2025-07-03,Net Banking,Delivered
ORD04779,CUST0973,WH010,2025-10-19,Credit Card,Returned
ORD04780,CUST0379,WH002,2025-01-16,Net Banking,Returned
ORD04781,CUST0749,WH006,2025-12-25,Cash,Delivered
ORD04782,CUST0940,WH007,2025-12-06,Credit Card,Delivered
ORD04783,CUST0304,WH003,2025-09-16,Credit Card,Delivered
ORD04784,CUST0467,WH003,2025-02-14,Cash,Delivered
ORD04785,CUST0371,WH007,2025-12-01,Debit Card,Delivered
ORD04786,CUST0895,WH001,2025-07-15,Cash,Delivered
ORD04787,CUST0085,WH005,2025-01-22,Debit Card,Delivered
ORD04788,CUST0006,WH007,2025-04-24,Net Banking,Delivered
ORD04789,CUST0882,WH003,2025-08-04,Debit Card,Delivered
ORD04790,CUST0525,WH008,2025-12-25,UPI,Cancelled
ORD04791,CUST0992,WH007,2025-01-02,Cash,Delivered
ORD04792,CUST0689,WH005,2025-01-31,UPI,Delivered
ORD04793,CUST0145,WH001,2025-10-02,Cash,Delivered
ORD04794,CUST0514,WH002,2025-04-09,UPI,Delivered
ORD04795,CUST0166,WH003,2025-12-04,Credit Card,Delivered
ORD04796,CUST0186,WH003,2025-03-17,Net Banking,Delivered
ORD04797,CUST0549,WH005,2025-01-07,Cash,Delivered
ORD04798,CUST0539,WH004,2025-03-21,Debit Card,Returned
ORD04799,CUST0610,WH005,2025-10-30,UPI,Delivered
ORD04800,CUST0040,WH009,2025-02-17,Debit Card,Delivered
ORD04801,CUST0234,WH006,2025-03-01,UPI,Delivered
ORD04802,CUST0356,WH001,2025-05-07,Debit Card,Delivered
ORD04803,CUST0950,WH003,2025-08-15,Credit Card,Shipped
ORD04804,CUST0607,WH003,2025-09-29,UPI,Shipped
ORD04805,CUST0297,WH002,2025-08-12,Debit Card,Returned
ORD04806,CUST0042,WH010,2025-10-12,Cash,Delivered
ORD04807,CUST0131,WH009,2025-01-15,UPI,Shipped
ORD04808,CUST0917,WH005,2025-01-13,UPI,Delivered
ORD04809,CUST0966,WH006,2025-12-31,Credit Card,Delivered
ORD04810,CUST0341,WH003,2025-11-10,Net Banking,Shipped
ORD04811,CUST0953,WH005,2025-02-18,Debit Card,Delivered
ORD04812,CUST0820,WH008,2025-07-29,Debit Card,Delivered
ORD04813,CUST0132,WH009,2025-11-18,UPI,Delivered
ORD04814,CUST0523,WH009,2025-11-25,Net Banking,Delivered
ORD04815,CUST0228,WH006,2025-07-17,Cash,Returned
ORD04816,CUST0658,WH001,2025-10-14,Credit Card,Delivered
ORD04817,CUST0792,WH002,2025-10-27,Credit Card,Delivered
ORD04818,CUST0636,WH008,2025-12-05,Debit Card,Cancelled
ORD04819,CUST0842,WH007,2025-05-03,Net Banking,Delivered
ORD04820,CUST0834,WH006,2025-06-13,Net Banking,Delivered
ORD04821,CUST0937,WH008,2025-06-26,Debit Card,Delivered
ORD04822,CUST0715,WH001,2025-06-06,Net Banking,Shipped
ORD04823,CUST0590,WH001,2025-04-06,Cash,Delivered
ORD04824,CUST0581,WH001,2025-08-09,Debit Card,Delivered
ORD04825,CUST0533,WH010,2025-03-20,Net Banking,Delivered
ORD04826,CUST0069,WH001,2025-07-13,Cash,Delivered
ORD04827,CUST0247,WH004,2025-08-24,Cash,Shipped
ORD04828,CUST0455,WH001,2025-07-10,UPI,Delivered
ORD04829,CUST0455,WH007,2025-03-15,UPI,Cancelled
ORD04830,CUST0680,WH009,2025-08-03,UPI,Delivered
ORD04831,CUST0060,WH003,2025-10-10,Debit Card,Delivered
ORD04832,CUST0525,WH005,2025-01-11,Credit Card,Delivered
ORD04833,CUST0631,WH010,2025-07-24,Credit Card,Delivered
ORD04834,CUST0303,WH005,2025-07-23,Debit Card,Delivered
ORD04835,CUST0881,WH003,2025-09-13,Debit Card,Shipped
ORD04836,CUST0545,WH005,2025-01-05,Credit Card,Delivered
ORD04837,CUST0923,WH005,2025-03-14,Credit Card,Delivered
ORD04838,CUST0005,WH001,2025-09-20,Debit Card,Delivered
ORD04839,CUST0130,WH005,2025-12-30,UPI,Delivered
ORD04840,CUST0253,WH007,2025-06-25,Net Banking,Delivered
ORD04841,CUST0347,WH006,2025-10-01,Cash,Delivered
ORD04842,CUST0951,WH001,2025-10-27,Cash,Delivered
ORD04843,CUST0577,WH007,2025-09-13,UPI,Delivered
ORD04844,CUST0378,WH008,2025-03-26,UPI,Delivered
ORD04845,CUST0227,WH003,2025-04-20,Net Banking,Shipped
ORD04846,CUST0615,WH005,2025-12-12,Debit Card,Delivered
ORD04847,CUST0869,WH002,2025-04-24,Debit Card,Delivered
ORD04848,CUST0538,WH007,2025-03-13,Credit Card,Delivered
ORD04849,CUST0934,WH003,2025-01-11,Net Banking,Delivered
ORD04850,CUST0927,WH010,2025-04-05,Net Banking,Delivered
ORD04851,CUST0102,WH008,2025-03-22,Debit Card,Returned
ORD04852,CUST0143,WH003,2025-11-04,UPI,Delivered
ORD04853,CUST0476,WH009,2025-07-28,Credit Card,Cancelled
ORD04854,CUST0701,WH004,2025-07-03,Net Banking,Delivered
ORD04855,CUST0392,WH010,2025-07-27,Credit Card,Delivered
ORD04856,CUST0406,WH004,2025-01-03,Credit Card,Shipped
ORD04857,CUST0995,WH004,2025-01-17,UPI,Shipped
ORD04858,CUST0161,WH009,2025-10-28,UPI,Delivered
ORD04859,CUST0008,WH003,2025-07-03,Credit Card,Delivered
ORD04860,CUST0688,WH010,2025-02-18,UPI,Delivered
ORD04861,CUST0659,WH004,2025-05-03,Credit Card,Delivered
ORD04862,CUST0502,WH010,2025-04-26,Cash,Delivered
ORD04863,CUST0003,WH001,2025-02-01,UPI,Delivered
ORD04864,CUST0664,WH006,2025-10-25,Cash,Delivered
ORD04865,CUST0189,WH006,2025-03-16,Cash,Delivered
ORD04866,CUST0288,WH008,2025-12-13,UPI,Delivered
ORD04867,CUST0363,WH010,2025-07-08,Debit Card,Delivered
ORD04868,CUST0594,WH010,2025-08-19,Credit Card,Delivered
ORD04869,CUST0813,WH006,2025-05-27,Credit Card,Delivered
ORD04870,CUST0085,WH007,2025-04-30,Cash,Delivered
ORD04871,CUST0787,WH002,2025-10-01,Debit Card,Delivered
ORD04872,CUST0452,WH005,2025-05-29,Credit Card,Delivered
ORD04873,CUST0630,WH005,2025-03-02,Debit Card,Delivered
ORD04874,CUST0717,WH002,2025-11-11,UPI,Delivered
ORD04875,CUST0439,WH007,2025-09-13,Cash,Delivered
ORD04876,CUST0182,WH008,2025-06-26,Cash,Delivered
ORD04877,CUST0803,WH010,2025-01-14,Credit Card,Delivered
ORD04878,CUST0664,WH006,2025-12-25,Cash,Delivered
ORD04879,CUST0679,WH002,2025-07-28,Net Banking,Delivered
ORD04880,CUST0252,WH002,2025-03-09,UPI,Delivered
ORD04881,CUST0561,WH008,2025-11-17,UPI,Delivered
ORD04882,CUST0648,WH007,2025-09-02,Credit Card,Delivered
ORD04883,CUST0155,WH004,2025-03-11,Cash,Delivered
ORD04884,CUST0600,WH003,2025-07-02,UPI,Shipped
ORD04885,CUST0839,WH009,2025-07-13,Debit Card,Delivered
ORD04886,CUST0425,WH004,2025-07-08,Cash,Delivered
ORD04887,CUST0867,WH003,2025-05-27,Net Banking,Delivered
ORD04888,CUST0042,WH001,2025-01-12,Credit Card,Delivered
ORD04889,CUST0792,WH004,2025-06-22,Net Banking,Shipped
ORD04890,CUST0930,WH003,2025-10-17,Credit Card,Delivered
ORD04891,CUST0213,WH003,2025-02-07,Debit Card,Delivered
ORD04892,CUST0675,WH009,2025-11-03,Cash,Delivered
ORD04893,CUST0130,WH008,2025-04-17,Net Banking,Delivered
ORD04894,CUST0503,WH009,2025-02-22,Credit Card,Shipped
ORD04895,CUST0423,WH006,2025-09-12,Net Banking,Delivered
ORD04896,CUST0918,WH004,2025-06-24,Net Banking,Delivered
ORD04897,CUST0101,WH005,2025-02-18,UPI,Shipped
ORD04898,CUST0168,WH007,2025-06-30,Cash,Delivered
ORD04899,CUST0456,WH004,2025-08-09,Debit Card,Delivered
ORD04900,CUST0500,WH003,2025-03-15,Debit Card,Delivered
ORD04901,CUST0226,WH004,2025-06-26,Cash,Returned
ORD04902,CUST0689,WH007,2025-07-07,Debit Card,Cancelled
ORD04903,CUST0629,WH008,2025-07-17,Cash,Delivered
ORD04904,CUST0524,WH005,2025-08-14,Net Banking,Delivered
ORD04905,CUST0286,WH010,2025-03-26,Debit Card,Delivered
ORD04906,CUST0023,WH005,2025-03-03,Cash,Delivered
ORD04907,CUST0006,WH007,2025-06-11,Net Banking,Delivered
ORD04908,CUST0429,WH006,2025-10-18,Cash,Delivered
ORD04909,CUST0880,WH002,2025-06-20,Credit Card,Shipped
ORD04910,CUST0888,WH007,2025-01-28,Credit Card,Shipped
ORD04911,CUST0729,WH008,2025-08-02,Credit Card,Delivered
ORD04912,CUST0758,WH006,2025-04-29,UPI,Delivered
ORD04913,CUST0797,WH004,2025-10-27,Debit Card,Delivered
ORD04914,CUST0888,WH003,2025-05-18,UPI,Delivered
ORD04915,CUST0309,WH007,2025-02-26,Debit Card,Cancelled
ORD04916,CUST0151,WH004,2025-04-06,Debit Card,Cancelled
ORD04917,CUST0564,WH001,2025-08-25,Debit Card,Cancelled
ORD04918,CUST0741,WH010,2025-09-10,Cash,Shipped
ORD04919,CUST0383,WH002,2025-03-12,Net Banking,Delivered
ORD04920,CUST0054,WH008,2025-12-02,UPI,Delivered
ORD04921,CUST0626,WH009,2025-11-29,Credit Card,Delivered
ORD04922,CUST0569,WH003,2025-08-20,Credit Card,Delivered
ORD04923,CUST0749,WH003,2025-11-27,UPI,Cancelled
ORD04924,CUST0721,WH005,2025-12-24,Debit Card,Delivered
ORD04925,CUST0500,WH007,2025-07-22,Cash,Delivered
ORD04926,CUST0417,WH004,2025-04-11,Credit Card,Shipped
ORD04927,CUST0437,WH004,2025-09-24,UPI,Delivered
ORD04928,CUST0905,WH003,2025-03-12,UPI,Shipped
ORD04929,CUST0913,WH009,2025-01-26,Debit Card,Delivered
ORD04930,CUST0130,WH007,2025-05-18,Debit Card,Shipped
ORD04931,CUST0209,WH004,2025-10-06,Credit Card,Delivered
ORD04932,CUST0692,WH010,2025-08-20,Cash,Delivered
ORD04933,CUST0171,WH009,2025-09-18,Net Banking,Delivered
ORD04934,CUST0088,WH004,2025-11-23,Cash,Delivered
ORD04935,CUST0656,WH005,2025-06-21,Net Banking,Cancelled
ORD04936,CUST0898,WH010,2025-08-11,Credit Card,Delivered
ORD04937,CUST0940,WH007,2025-07-09,Debit Card,Delivered
ORD04938,CUST0117,WH004,2025-01-27,Credit Card,Delivered
ORD04939,CUST0782,WH002,2025-07-09,Net Banking,Cancelled
ORD04940,CUST0052,WH001,2025-07-11,UPI,Delivered
ORD04941,CUST0299,WH007,2025-06-19,UPI,Delivered
ORD04942,CUST0733,WH001,2025-09-29,Net Banking,Cancelled
ORD04943,CUST0975,WH009,2025-04-21,Net Banking,Delivered
ORD04944,CUST0293,WH005,2025-01-19,UPI,Delivered
ORD04945,CUST0279,WH004,2025-02-01,UPI,Delivered
ORD04946,CUST0916,WH009,2025-07-17,Debit Card,Delivered
ORD04947,CUST0854,WH006,2025-04-20,Credit Card,Delivered
ORD04948,CUST0106,WH005,2025-12-02,Net Banking,Delivered
ORD04949,CUST0318,WH008,2025-09-02,Debit Card,Delivered
ORD04950,CUST0202,WH001,2025-01-26,Net Banking,Delivered
ORD04951,CUST0945,WH007,2025-02-22,Net Banking,Cancelled
ORD04952,CUST0289,WH008,2025-07-15,UPI,Delivered
ORD04953,CUST0563,WH005,2025-08-19,UPI,Delivered
ORD04954,CUST0039,WH003,2025-11-08,Cash,Shipped
ORD04955,CUST0106,WH007,2025-12-03,Net Banking,Delivered
ORD04956,CUST0662,WH004,2025-10-14,Cash,Delivered
ORD04957,CUST0096,WH002,2025-08-12,Debit Card,Delivered
ORD04958,CUST0435,WH009,2025-07-19,Cash,Delivered
ORD04959,CUST0585,WH008,2025-10-19,Cash,Delivered
ORD04960,CUST0754,WH009,2025-10-24,Credit Card,Delivered
ORD04961,CUST0424,WH002,2025-03-23,Cash,Shipped
ORD04962,CUST0886,WH001,2025-06-14,Debit Card,Returned
ORD04963,CUST0213,WH006,2025-10-02,Credit Card,Delivered
ORD04964,CUST0553,WH002,2025-11-26,Net Banking,Delivered
ORD04965,CUST0451,WH003,2025-06-17,Net Banking,Delivered
ORD04966,CUST0975,WH004,2025-07-06,Credit Card,Delivered
ORD04967,CUST0789,WH009,2025-10-31,Credit Card,Delivered
ORD04968,CUST0410,WH003,2025-07-18,UPI,Delivered
ORD04969,CUST0494,WH006,2025-12-25,Net Banking,Delivered
ORD04970,CUST0339,WH009,2025-12-15,Debit Card,Cancelled
ORD04971,CUST0562,WH008,2025-08-08,Net Banking,Shipped
ORD04972,CUST0835,WH004,2025-01-03,UPI,Delivered
ORD04973,CUST0350,WH004,2025-09-21,Credit Card,Cancelled
ORD04974,CUST0184,WH008,2025-08-25,Cash,Delivered
ORD04975,CUST0831,WH004,2025-10-14,Debit Card,Delivered
ORD04976,CUST0380,WH001,2025-11-23,Credit Card,Delivered
ORD04977,CUST0380,WH005,2025-09-23,Cash,Delivered
ORD04978,CUST0005,WH009,2025-05-03,Cash,Shipped
ORD04979,CUST0549,WH010,2025-01-04,Cash,Delivered
ORD04980,CUST0655,WH008,2025-01-05,Credit Card,Delivered
ORD04981,CUST0973,WH008,2025-03-27,Cash,Delivered
ORD04982,CUST0124,WH009,2025-03-01,Debit Card,Delivered
ORD04983,CUST0710,WH008,2025-03-07,Net Banking,Cancelled
ORD04984,CUST0002,WH010,2025-04-12,UPI,Delivered
ORD04985,CUST0150,WH002,2025-02-12,UPI,Shipped
ORD04986,CUST0145,WH004,2025-05-23,Debit Card,Delivered
ORD04987,CUST0222,WH001,2025-09-08,Debit Card,Delivered
ORD04988,CUST0870,WH008,2025-09-05,Cash,Delivered
ORD04989,CUST0855,WH007,2025-11-13,UPI,Delivered
ORD04990,CUST0647,WH008,2025-10-26,UPI,Delivered
ORD04991,CUST0625,WH007,2025-12-30,Debit Card,Shipped
ORD04992,CUST0789,WH008,2025-07-26,Cash,Delivered
ORD04993,CUST0625,WH007,2025-11-07,Net Banking,Shipped
ORD04994,CUST0295,WH005,2025-04-10,UPI,Delivered
ORD04995,CUST0156,WH003,2025-07-07,Debit Card,Cancelled
ORD04996,CUST0389,WH006,2025-12-12,Credit Card,Shipped
ORD04997,CUST0206,WH003,2025-11-16,Credit Card,Shipped
ORD04998,CUST0078,WH005,2025-10-24,Credit Card,Returned
ORD04999,CUST0014,WH008,2025-12-27,UPI,Delivered
ORD05000,CUST0490,WH004,2025-05-26,Cash,Delivered
