Order_ID,Order_Date,Delivery_Date,Product,Category,Supplier,Warehouse,City,Customer_Type,Order_Quantity,Unit_Price,Total_Cost,Shipping_Cost,Delivery_Status,Payment_Method
100001,2025-03-14,2025-03-19,Office Desk,Furniture,ABC Suppliers,Chennai WH,Kolkata,Wholesale,16,15000,240000,940,Delivered,Credit Card
100002,2025-11-08,2025-11-15,Laptop,Electronics,Prime Distributors,Hyderabad WH,Lucknow,Retail,11,55000,605000,1389,Delivered,Net Banking
100003,2025-07-19,2025-07-20,Monitor,Electronics,XYZ Traders,Mumbai WH,Kolkata,Retail,4,12000,48000,748,Delayed,UPI
100004,2025-07-26,2025-08-02,Hard Disk,Storage,Global Supply,Mumbai WH,Jaipur,Retail,10,4200,42000,2381,In Transit,Net Banking
100005,2025-03-23,2025-03-27,Router,Networking,Prime Distributors,Bangalore WH,Mumbai,Wholesale,8,3500,28000,2832,Delivered,UPI
100006,2025-08-20,2025-08-22,Switch,Networking,Prime Distributors,Delhi WH,Jaipur,Retail,18,6000,108000,1881,Delayed,Cash
100007,2025-09-14,2025-09-18,Projector,Electronics,Prime Distributors,Chennai WH,Delhi,Wholesale,19,40000,760000,1941,Delivered,Cash
100008,2025-12-03,2025-12-06,Office Chair,Furniture,Tech World,Hyderabad WH,Hyderabad,Retail,5,8500,42500,1605,Delivered,Cash
100009,2025-10-10,2025-10-17,Desktop,Electronics,ABC Suppliers,Mumbai WH,Delhi,Wholesale,2,45000,90000,1211,Delivered,Net Banking
100010,2025-12-19,2025-12-20,Switch,Networking,Tech World,Bangalore WH,Chennai,Retail,4,6000,24000,1524,Delivered,UPI
100011,2025-11-02,2025-11-03,SSD,Storage,ABC Suppliers,Chennai WH,Chennai,Wholesale,4,5500,22000,1874,Delivered,Debit Card
100012,2025-12-29,2026-01-05,Webcam,Accessories,ABC Suppliers,Bangalore WH,Chennai,Retail,2,2500,5000,2911,Delivered,Credit Card
100013,2025-06-17,2025-06-20,Desktop,Electronics,Prime Distributors,Bangalore WH,Kolkata,Retail,12,45000,540000,2644,Cancelled,Debit Card
100014,2025-07-11,2025-07-16,Desktop,Electronics,Prime Distributors,Hyderabad WH,Bangalore,Retail,1,45000,45000,608,Delivered,Credit Card
100015,2025-08-02,2025-08-09,SSD,Storage,Prime Distributors,Chennai WH,Bangalore,Retail,13,5500,71500,2077,Cancelled,Cash
100016,2025-11-25,2025-11-28,SSD,Storage,XYZ Traders,Hyderabad WH,Mumbai,Wholesale,5,5500,27500,2144,Delayed,Cash
100017,2025-07-08,2025-07-10,Webcam,Accessories,Prime Distributors,Chennai WH,Chennai,Retail,19,2500,47500,387,In Transit,Cash
100018,2025-02-10,2025-02-14,Mouse,Accessories,Global Supply,Hyderabad WH,Kolkata,Retail,13,700,9100,2645,Delivered,Debit Card
100019,2025-02-27,2025-03-03,SSD,Storage,ABC Suppliers,Bangalore WH,Delhi,Retail,3,5500,16500,1839,Delivered,Credit Card
100020,2025-04-08,2025-04-10,Printer,Office Supplies,Tech World,Hyderabad WH,Pune,Retail,12,15000,180000,221,Delivered,Credit Card
100021,2025-01-17,2025-01-20,Switch,Networking,ABC Suppliers,Chennai WH,Mumbai,Wholesale,6,6000,36000,715,Delivered,UPI
100022,2025-07-15,2025-07-21,Desktop,Electronics,Prime Distributors,Bangalore WH,Delhi,Wholesale,20,45000,900000,1057,Delivered,UPI
100023,2025-05-16,2025-05-18,Router,Networking,Global Supply,Chennai WH,Lucknow,Wholesale,3,3500,10500,2627,In Transit,Cash
100024,2025-07-24,2025-07-26,Office Desk,Furniture,Global Supply,Hyderabad WH,Mumbai,Wholesale,17,15000,255000,2752,Delivered,Debit Card
100025,2025-04-25,2025-05-01,Router,Networking,XYZ Traders,Delhi WH,Ahmedabad,Wholesale,13,3500,45500,1455,Delivered,Net Banking
100026,2025-08-10,2025-08-13,Scanner,Office Supplies,Global Supply,Hyderabad WH,Mumbai,Retail,12,12000,144000,224,Delivered,Cash
100027,2025-10-16,2025-10-23,Switch,Networking,Prime Distributors,Hyderabad WH,Hyderabad,Retail,5,6000,30000,1534,Delivered,Cash
100028,2025-03-05,2025-03-11,Desktop,Electronics,Tech World,Mumbai WH,Ahmedabad,Wholesale,5,45000,225000,440,Delivered,Debit Card
100029,2025-03-14,2025-03-19,Switch,Networking,Prime Distributors,Mumbai WH,Mumbai,Retail,4,6000,24000,1447,In Transit,Cash
100030,2025-05-31,2025-06-07,Office Desk,Furniture,ABC Suppliers,Hyderabad WH,Lucknow,Wholesale,5,15000,75000,1821,Delivered,Credit Card
100031,2025-04-17,2025-04-19,Desktop,Electronics,Prime Distributors,Bangalore WH,Lucknow,Wholesale,14,45000,630000,2774,In Transit,Credit Card
100032,2025-09-30,2025-10-02,Switch,Networking,Global Supply,Hyderabad WH,Pune,Retail,3,6000,18000,806,Delivered,Debit Card
100033,2025-04-02,2025-04-08,Monitor,Electronics,Global Supply,Delhi WH,Hyderabad,Wholesale,14,12000,168000,397,In Transit,UPI
100034,2025-08-27,2025-08-31,Mouse,Accessories,Tech World,Delhi WH,Bangalore,Retail,3,700,2100,301,Delivered,Net Banking
100035,2025-09-13,2025-09-14,Projector,Electronics,Prime Distributors,Delhi WH,Chennai,Wholesale,15,40000,600000,1552,Delayed,UPI
100036,2025-07-12,2025-07-19,Router,Networking,Prime Distributors,Delhi WH,Chennai,Retail,5,3500,17500,2648,In Transit,Net Banking
100037,2025-08-01,2025-08-06,Mouse,Accessories,ABC Suppliers,Delhi WH,Delhi,Retail,19,700,13300,855,Delayed,Cash
100038,2025-06-04,2025-06-11,Laptop,Electronics,Prime Distributors,Mumbai WH,Pune,Wholesale,13,55000,715000,1736,Delivered,Credit Card
100039,2025-02-02,2025-02-07,Webcam,Accessories,Tech World,Delhi WH,Mumbai,Retail,9,2500,22500,2965,Delivered,Net Banking
100040,2025-10-06,2025-10-13,Printer,Office Supplies,Prime Distributors,Mumbai WH,Lucknow,Retail,8,15000,120000,2440,Delivered,Debit Card
100041,2025-11-06,2025-11-07,Scanner,Office Supplies,ABC Suppliers,Delhi WH,Mumbai,Wholesale,20,12000,240000,1381,Delivered,Net Banking
100042,2025-05-14,2025-05-16,Office Desk,Furniture,ABC Suppliers,Mumbai WH,Ahmedabad,Wholesale,10,15000,150000,357,Delayed,Net Banking
100043,2025-07-18,2025-07-21,Router,Networking,Global Supply,Chennai WH,Delhi,Wholesale,8,3500,28000,790,Delivered,Debit Card
100044,2025-08-22,2025-08-26,Printer,Office Supplies,Global Supply,Bangalore WH,Lucknow,Wholesale,20,15000,300000,986,Delivered,Credit Card
100045,2025-09-27,2025-09-28,Hard Disk,Storage,ABC Suppliers,Chennai WH,Mumbai,Wholesale,11,4200,46200,758,Delivered,Net Banking
100046,2025-09-11,2025-09-15,Scanner,Office Supplies,XYZ Traders,Bangalore WH,Kolkata,Retail,6,12000,72000,1790,Delivered,Net Banking
100047,2025-08-18,2025-08-23,Mouse,Accessories,Global Supply,Hyderabad WH,Bangalore,Retail,11,700,7700,2639,Delayed,Net Banking
100048,2025-12-15,2025-12-20,Office Chair,Furniture,Tech World,Mumbai WH,Hyderabad,Retail,17,8500,144500,2864,In Transit,Debit Card
100049,2025-02-24,2025-02-25,Laptop,Electronics,Global Supply,Bangalore WH,Chennai,Retail,3,55000,165000,1087,Delivered,Cash
100050,2025-12-02,2025-12-03,SSD,Storage,XYZ Traders,Mumbai WH,Lucknow,Retail,15,5500,82500,471,Delivered,Debit Card
100051,2025-06-17,2025-06-21,Scanner,Office Supplies,Tech World,Hyderabad WH,Jaipur,Wholesale,7,12000,84000,2434,Delivered,Credit Card
100052,2025-07-04,2025-07-08,Mouse,Accessories,Tech World,Hyderabad WH,Pune,Wholesale,20,700,14000,1011,Delivered,Net Banking
100053,2025-06-12,2025-06-18,Monitor,Electronics,Tech World,Chennai WH,Chennai,Wholesale,3,12000,36000,1892,Delivered,Cash
100054,2025-04-08,2025-04-09,Scanner,Office Supplies,XYZ Traders,Mumbai WH,Lucknow,Retail,17,12000,204000,1650,Delivered,Net Banking
100055,2025-04-09,2025-04-14,Mouse,Accessories,XYZ Traders,Mumbai WH,Jaipur,Retail,19,700,13300,1904,Delivered,Net Banking
100056,2025-09-24,2025-10-01,Office Chair,Furniture,Prime Distributors,Hyderabad WH,Ahmedabad,Retail,8,8500,68000,539,Delivered,Cash
100057,2025-02-02,2025-02-05,Office Chair,Furniture,Prime Distributors,Hyderabad WH,Delhi,Wholesale,16,8500,136000,2019,In Transit,Net Banking
100058,2025-04-12,2025-04-19,Printer,Office Supplies,ABC Suppliers,Delhi WH,Mumbai,Wholesale,7,15000,105000,1798,Delivered,Cash
100059,2025-08-08,2025-08-10,Webcam,Accessories,ABC Suppliers,Bangalore WH,Kolkata,Wholesale,8,2500,20000,1357,Cancelled,Debit Card
100060,2025-03-06,2025-03-11,Hard Disk,Storage,XYZ Traders,Hyderabad WH,Jaipur,Retail,11,4200,46200,1114,Delivered,Debit Card
100061,2025-05-30,2025-06-03,Printer,Office Supplies,ABC Suppliers,Bangalore WH,Delhi,Retail,6,15000,90000,816,Delivered,Cash
100062,2025-09-18,2025-09-19,Monitor,Electronics,Global Supply,Delhi WH,Chennai,Retail,2,12000,24000,1823,Delivered,UPI
100063,2025-01-19,2025-01-23,Office Desk,Furniture,Tech World,Chennai WH,Ahmedabad,Wholesale,9,15000,135000,2447,Delayed,Net Banking
100064,2025-02-25,2025-02-28,Scanner,Office Supplies,Global Supply,Bangalore WH,Mumbai,Wholesale,11,12000,132000,653,Delivered,Cash
100065,2025-11-17,2025-11-20,Webcam,Accessories,XYZ Traders,Chennai WH,Bangalore,Retail,12,2500,30000,1010,Delayed,Net Banking
100066,2025-12-13,2025-12-17,Office Chair,Furniture,Global Supply,Mumbai WH,Jaipur,Retail,19,8500,161500,2352,In Transit,Credit Card
100067,2025-07-09,2025-07-12,Office Chair,Furniture,ABC Suppliers,Mumbai WH,Jaipur,Retail,12,8500,102000,1151,In Transit,Cash
100068,2025-02-02,2025-02-07,Desktop,Electronics,Prime Distributors,Chennai WH,Kolkata,Retail,1,45000,45000,625,Delivered,Cash
100069,2025-02-13,2025-02-20,Projector,Electronics,Prime Distributors,Delhi WH,Lucknow,Wholesale,14,40000,560000,2868,In Transit,Credit Card
100070,2025-12-05,2025-12-09,Switch,Networking,Prime Distributors,Delhi WH,Jaipur,Wholesale,3,6000,18000,309,In Transit,UPI
100071,2025-03-01,2025-03-02,Monitor,Electronics,XYZ Traders,Mumbai WH,Hyderabad,Wholesale,4,12000,48000,1717,Delayed,UPI
100072,2025-12-01,2025-12-02,Office Desk,Furniture,Tech World,Chennai WH,Jaipur,Retail,9,15000,135000,1991,Delivered,UPI
100073,2025-09-18,2025-09-22,SSD,Storage,Prime Distributors,Hyderabad WH,Kolkata,Wholesale,3,5500,16500,1233,Delivered,Credit Card
100074,2025-08-14,2025-08-19,Projector,Electronics,XYZ Traders,Bangalore WH,Chennai,Retail,11,40000,440000,684,Delivered,Credit Card
100075,2025-09-20,2025-09-25,Desktop,Electronics,Tech World,Bangalore WH,Mumbai,Wholesale,7,45000,315000,362,Delivered,Cash
100076,2025-05-13,2025-05-15,Office Desk,Furniture,Tech World,Delhi WH,Hyderabad,Wholesale,14,15000,210000,2456,Delivered,Cash
100077,2025-08-20,2025-08-26,Laptop,Electronics,XYZ Traders,Hyderabad WH,Kolkata,Retail,18,55000,990000,2811,Delivered,Debit Card
100078,2025-03-15,2025-03-20,Projector,Electronics,XYZ Traders,Mumbai WH,Kolkata,Wholesale,6,40000,240000,2968,Delivered,Credit Card
100079,2025-04-17,2025-04-24,Hard Disk,Storage,Prime Distributors,Bangalore WH,Mumbai,Wholesale,20,4200,84000,1406,Delivered,Debit Card
100080,2025-10-23,2025-10-29,Webcam,Accessories,Prime Distributors,Chennai WH,Hyderabad,Retail,5,2500,12500,1914,Delivered,Cash
100081,2025-08-01,2025-08-05,Printer,Office Supplies,XYZ Traders,Mumbai WH,Hyderabad,Wholesale,12,15000,180000,1609,In Transit,Debit Card
100082,2025-12-26,2025-12-27,Hard Disk,Storage,Tech World,Bangalore WH,Delhi,Wholesale,5,4200,21000,948,Delivered,Debit Card
100083,2025-07-27,2025-08-03,Switch,Networking,Prime Distributors,Delhi WH,Kolkata,Wholesale,5,6000,30000,1089,Delivered,UPI
100084,2025-01-20,2025-01-26,Router,Networking,ABC Suppliers,Hyderabad WH,Lucknow,Wholesale,17,3500,59500,2936,Cancelled,Net Banking
100085,2025-12-27,2026-01-01,Keyboard,Accessories,Tech World,Delhi WH,Kolkata,Wholesale,20,900,18000,2087,Delayed,Net Banking
100086,2025-02-14,2025-02-15,Projector,Electronics,Prime Distributors,Hyderabad WH,Hyderabad,Retail,19,40000,760000,2870,Delivered,UPI
100087,2025-05-23,2025-05-26,Office Chair,Furniture,Prime Distributors,Hyderabad WH,Lucknow,Wholesale,14,8500,119000,1712,Delivered,Debit Card
100088,2025-02-18,2025-02-24,Keyboard,Accessories,Tech World,Mumbai WH,Bangalore,Wholesale,20,900,18000,977,In Transit,UPI
100089,2025-12-18,2025-12-25,Printer,Office Supplies,Tech World,Delhi WH,Chennai,Wholesale,16,15000,240000,230,In Transit,UPI
100090,2025-08-27,2025-09-01,Laptop,Electronics,XYZ Traders,Chennai WH,Ahmedabad,Wholesale,12,55000,660000,2995,Delivered,Cash
100091,2025-03-17,2025-03-24,Projector,Electronics,Tech World,Bangalore WH,Kolkata,Retail,16,40000,640000,2495,Delivered,Cash
100092,2025-04-09,2025-04-14,Laptop,Electronics,Global Supply,Hyderabad WH,Ahmedabad,Wholesale,1,55000,55000,2884,In Transit,Cash
100093,2025-02-19,2025-02-25,Monitor,Electronics,Prime Distributors,Chennai WH,Lucknow,Wholesale,14,12000,168000,1650,Delivered,Credit Card
100094,2025-08-15,2025-08-16,Mouse,Accessories,ABC Suppliers,Bangalore WH,Jaipur,Retail,6,700,4200,1883,In Transit,Cash
100095,2025-11-23,2025-11-30,Office Chair,Furniture,XYZ Traders,Chennai WH,Ahmedabad,Wholesale,13,8500,110500,1328,Delivered,Cash
100096,2025-07-18,2025-07-24,Mouse,Accessories,Prime Distributors,Mumbai WH,Ahmedabad,Retail,1,700,700,2202,Delivered,Cash
100097,2025-02-11,2025-02-14,Desktop,Electronics,XYZ Traders,Hyderabad WH,Mumbai,Wholesale,13,45000,585000,2994,Delayed,Cash
100098,2025-08-27,2025-09-01,Desktop,Electronics,Tech World,Hyderabad WH,Ahmedabad,Wholesale,2,45000,90000,1129,Delivered,UPI
100099,2025-08-17,2025-08-21,Hard Disk,Storage,XYZ Traders,Mumbai WH,Chennai,Wholesale,15,4200,63000,1184,Delivered,Net Banking
100100,2025-08-16,2025-08-22,Keyboard,Accessories,ABC Suppliers,Hyderabad WH,Kolkata,Retail,3,900,2700,413,Delivered,Credit Card
100101,2025-05-19,2025-05-21,Hard Disk,Storage,Global Supply,Delhi WH,Mumbai,Wholesale,5,4200,21000,899,Delayed,Debit Card
100102,2025-12-08,2025-12-09,Hard Disk,Storage,ABC Suppliers,Chennai WH,Hyderabad,Retail,5,4200,21000,2276,Delayed,Net Banking
100103,2025-01-20,2025-01-22,Router,Networking,Tech World,Mumbai WH,Hyderabad,Retail,19,3500,66500,847,Delivered,Credit Card
100104,2025-12-21,2025-12-28,Desktop,Electronics,Prime Distributors,Mumbai WH,Lucknow,Wholesale,14,45000,630000,2645,In Transit,Cash
100105,2025-07-27,2025-07-28,Projector,Electronics,Tech World,Bangalore WH,Ahmedabad,Wholesale,16,40000,640000,1369,In Transit,UPI
100106,2025-04-02,2025-04-04,Desktop,Electronics,ABC Suppliers,Chennai WH,Jaipur,Wholesale,4,45000,180000,1503,In Transit,Cash
100107,2025-07-05,2025-07-09,Hard Disk,Storage,XYZ Traders,Bangalore WH,Mumbai,Wholesale,7,4200,29400,2223,Cancelled,Cash
100108,2025-11-19,2025-11-20,Webcam,Accessories,Prime Distributors,Delhi WH,Delhi,Retail,16,2500,40000,2389,Delayed,Credit Card
100109,2025-01-20,2025-01-23,Monitor,Electronics,Tech World,Mumbai WH,Hyderabad,Wholesale,18,12000,216000,366,In Transit,Debit Card
100110,2025-05-07,2025-05-08,Hard Disk,Storage,Tech World,Mumbai WH,Lucknow,Wholesale,17,4200,71400,2790,Delivered,Debit Card
100111,2025-01-30,2025-01-31,Monitor,Electronics,Prime Distributors,Bangalore WH,Chennai,Retail,5,12000,60000,756,Delayed,Credit Card
100112,2025-07-11,2025-07-14,Desktop,Electronics,Global Supply,Bangalore WH,Pune,Retail,4,45000,180000,343,Delayed,Net Banking
100113,2025-03-21,2025-03-26,Mouse,Accessories,Global Supply,Bangalore WH,Bangalore,Wholesale,11,700,7700,2053,Delivered,Debit Card
100114,2025-01-13,2025-01-14,Switch,Networking,ABC Suppliers,Bangalore WH,Hyderabad,Wholesale,9,6000,54000,2220,Delivered,Credit Card
100115,2025-02-18,2025-02-24,Switch,Networking,XYZ Traders,Chennai WH,Pune,Wholesale,4,6000,24000,832,Delivered,Credit Card
100116,2025-02-26,2025-03-02,Printer,Office Supplies,XYZ Traders,Delhi WH,Jaipur,Retail,7,15000,105000,418,Delivered,Debit Card
100117,2025-01-24,2025-01-26,Monitor,Electronics,Tech World,Delhi WH,Jaipur,Wholesale,12,12000,144000,2581,Delivered,Credit Card
100118,2025-03-02,2025-03-06,Office Desk,Furniture,ABC Suppliers,Chennai WH,Jaipur,Retail,17,15000,255000,821,Delivered,Debit Card
100119,2025-08-31,2025-09-01,Scanner,Office Supplies,Global Supply,Hyderabad WH,Kolkata,Wholesale,20,12000,240000,2754,Delivered,UPI
100120,2025-04-15,2025-04-20,Mouse,Accessories,Prime Distributors,Mumbai WH,Delhi,Wholesale,9,700,6300,2527,In Transit,Credit Card
100121,2025-11-26,2025-11-30,Laptop,Electronics,XYZ Traders,Mumbai WH,Mumbai,Wholesale,20,55000,1100000,2640,Delivered,UPI
100122,2025-08-22,2025-08-28,Mouse,Accessories,Global Supply,Hyderabad WH,Delhi,Retail,11,700,7700,1223,Delivered,Cash
100123,2025-06-24,2025-07-01,Laptop,Electronics,Tech World,Mumbai WH,Ahmedabad,Wholesale,8,55000,440000,1717,Delivered,Credit Card
100124,2025-05-27,2025-05-29,Desktop,Electronics,XYZ Traders,Chennai WH,Ahmedabad,Retail,4,45000,180000,844,In Transit,Net Banking
100125,2025-09-19,2025-09-21,Projector,Electronics,XYZ Traders,Mumbai WH,Bangalore,Retail,3,40000,120000,2525,Delayed,Cash
100126,2025-02-28,2025-03-06,Office Chair,Furniture,Prime Distributors,Mumbai WH,Pune,Wholesale,13,8500,110500,228,Delivered,Cash
100127,2025-03-11,2025-03-14,Office Desk,Furniture,Tech World,Delhi WH,Jaipur,Wholesale,18,15000,270000,2067,Delivered,Credit Card
100128,2025-05-29,2025-06-03,Office Desk,Furniture,Global Supply,Mumbai WH,Pune,Wholesale,18,15000,270000,2130,Delivered,UPI
100129,2025-06-02,2025-06-05,Keyboard,Accessories,XYZ Traders,Delhi WH,Hyderabad,Retail,3,900,2700,1473,Delivered,Debit Card
100130,2025-03-01,2025-03-04,Printer,Office Supplies,Prime Distributors,Mumbai WH,Jaipur,Wholesale,8,15000,120000,793,Delivered,Cash
100131,2025-05-21,2025-05-26,Router,Networking,Prime Distributors,Bangalore WH,Chennai,Retail,16,3500,56000,2620,Delivered,Credit Card
100132,2025-09-29,2025-10-04,Projector,Electronics,XYZ Traders,Delhi WH,Delhi,Retail,4,40000,160000,769,Delivered,Debit Card
100133,2025-03-30,2025-04-05,Office Chair,Furniture,XYZ Traders,Bangalore WH,Pune,Retail,14,8500,119000,1335,In Transit,Net Banking
100134,2025-09-29,2025-10-03,Webcam,Accessories,Tech World,Hyderabad WH,Mumbai,Retail,1,2500,2500,2105,Delivered,UPI
100135,2025-11-06,2025-11-11,SSD,Storage,Prime Distributors,Hyderabad WH,Ahmedabad,Retail,3,5500,16500,1539,Delivered,UPI
100136,2025-07-10,2025-07-16,Desktop,Electronics,Tech World,Delhi WH,Bangalore,Retail,5,45000,225000,846,Delivered,Cash
100137,2025-06-14,2025-06-17,Monitor,Electronics,ABC Suppliers,Delhi WH,Hyderabad,Retail,2,12000,24000,787,Delivered,Debit Card
100138,2025-02-14,2025-02-17,Keyboard,Accessories,Prime Distributors,Mumbai WH,Hyderabad,Wholesale,2,900,1800,2651,In Transit,Net Banking
100139,2025-08-15,2025-08-19,Switch,Networking,ABC Suppliers,Mumbai WH,Chennai,Wholesale,16,6000,96000,1898,Delivered,Credit Card
100140,2025-07-25,2025-07-29,Hard Disk,Storage,Global Supply,Bangalore WH,Mumbai,Retail,9,4200,37800,1370,Delivered,Cash
100141,2025-11-25,2025-11-30,Printer,Office Supplies,XYZ Traders,Delhi WH,Chennai,Wholesale,18,15000,270000,2677,Delivered,UPI
100142,2025-03-20,2025-03-22,Desktop,Electronics,XYZ Traders,Bangalore WH,Hyderabad,Wholesale,4,45000,180000,1156,In Transit,Net Banking
100143,2025-09-21,2025-09-24,Hard Disk,Storage,ABC Suppliers,Chennai WH,Hyderabad,Retail,16,4200,67200,2875,In Transit,Debit Card
100144,2025-02-03,2025-02-05,Hard Disk,Storage,Tech World,Mumbai WH,Jaipur,Wholesale,14,4200,58800,2437,Delayed,Net Banking
100145,2025-12-11,2025-12-16,Router,Networking,Global Supply,Hyderabad WH,Chennai,Wholesale,18,3500,63000,918,Delivered,Debit Card
100146,2025-02-17,2025-02-22,Monitor,Electronics,XYZ Traders,Delhi WH,Kolkata,Wholesale,20,12000,240000,216,Delivered,Credit Card
100147,2025-04-18,2025-04-23,Router,Networking,Tech World,Bangalore WH,Hyderabad,Retail,9,3500,31500,863,Delivered,Net Banking
100148,2025-08-15,2025-08-22,Webcam,Accessories,Global Supply,Delhi WH,Hyderabad,Retail,18,2500,45000,1060,Delivered,UPI
100149,2025-12-02,2025-12-06,Projector,Electronics,Prime Distributors,Hyderabad WH,Hyderabad,Wholesale,20,40000,800000,2189,In Transit,UPI
100150,2025-04-02,2025-04-04,Keyboard,Accessories,Global Supply,Mumbai WH,Kolkata,Wholesale,16,900,14400,2239,Delivered,Net Banking
100151,2025-07-15,2025-07-18,Laptop,Electronics,ABC Suppliers,Delhi WH,Lucknow,Retail,12,55000,660000,2973,In Transit,Debit Card
100152,2025-12-31,2026-01-04,Office Desk,Furniture,ABC Suppliers,Bangalore WH,Mumbai,Retail,10,15000,150000,1185,Cancelled,Net Banking
100153,2025-03-13,2025-03-17,Projector,Electronics,XYZ Traders,Bangalore WH,Bangalore,Wholesale,4,40000,160000,2351,Delivered,Credit Card
100154,2025-05-26,2025-06-01,Router,Networking,ABC Suppliers,Delhi WH,Lucknow,Retail,13,3500,45500,2137,Delivered,Credit Card
100155,2025-10-04,2025-10-08,Hard Disk,Storage,Tech World,Mumbai WH,Hyderabad,Wholesale,4,4200,16800,2932,Delivered,Credit Card
100156,2025-07-25,2025-07-30,Projector,Electronics,Prime Distributors,Bangalore WH,Lucknow,Wholesale,8,40000,320000,2925,Delivered,Debit Card
100157,2025-01-11,2025-01-17,Switch,Networking,Tech World,Chennai WH,Kolkata,Retail,2,6000,12000,1077,Delivered,Net Banking
100158,2025-01-02,2025-01-07,Projector,Electronics,Global Supply,Bangalore WH,Chennai,Retail,20,40000,800000,2915,Delivered,Net Banking
100159,2025-04-06,2025-04-09,Switch,Networking,XYZ Traders,Bangalore WH,Delhi,Retail,15,6000,90000,1951,Delivered,Debit Card
100160,2025-04-27,2025-05-03,Switch,Networking,Global Supply,Mumbai WH,Bangalore,Wholesale,9,6000,54000,2877,Delivered,Net Banking
100161,2025-11-30,2025-12-07,Scanner,Office Supplies,ABC Suppliers,Hyderabad WH,Bangalore,Retail,6,12000,72000,1038,Delivered,Credit Card
100162,2025-08-07,2025-08-13,SSD,Storage,Global Supply,Chennai WH,Lucknow,Wholesale,1,5500,5500,2662,In Transit,Net Banking
100163,2025-04-02,2025-04-05,Laptop,Electronics,Tech World,Bangalore WH,Ahmedabad,Wholesale,16,55000,880000,1957,Delivered,Net Banking
100164,2025-07-01,2025-07-02,Hard Disk,Storage,Prime Distributors,Delhi WH,Lucknow,Wholesale,14,4200,58800,1427,Delivered,UPI
100165,2025-02-27,2025-03-01,Projector,Electronics,Tech World,Chennai WH,Ahmedabad,Wholesale,18,40000,720000,1379,Delivered,Cash
100166,2025-03-03,2025-03-04,Projector,Electronics,Global Supply,Hyderabad WH,Mumbai,Retail,19,40000,760000,2985,Delivered,UPI
100167,2025-08-23,2025-08-30,Projector,Electronics,Prime Distributors,Mumbai WH,Kolkata,Wholesale,14,40000,560000,596,Delivered,Net Banking
100168,2025-06-23,2025-06-25,Router,Networking,ABC Suppliers,Chennai WH,Delhi,Wholesale,2,3500,7000,793,Delivered,UPI
100169,2025-07-16,2025-07-18,Projector,Electronics,Prime Distributors,Hyderabad WH,Pune,Retail,1,40000,40000,345,In Transit,Debit Card
100170,2025-04-24,2025-04-25,Scanner,Office Supplies,Tech World,Hyderabad WH,Lucknow,Wholesale,12,12000,144000,259,Delayed,Net Banking
100171,2025-12-24,2025-12-31,Router,Networking,XYZ Traders,Chennai WH,Pune,Wholesale,20,3500,70000,669,Delivered,UPI
100172,2025-11-07,2025-11-08,Scanner,Office Supplies,Global Supply,Mumbai WH,Bangalore,Retail,6,12000,72000,3000,Delivered,UPI
100173,2025-12-18,2025-12-19,Webcam,Accessories,XYZ Traders,Bangalore WH,Lucknow,Wholesale,18,2500,45000,2119,In Transit,Debit Card
100174,2025-07-01,2025-07-05,Desktop,Electronics,Tech World,Bangalore WH,Lucknow,Wholesale,18,45000,810000,1518,Delayed,UPI
100175,2025-10-03,2025-10-06,Desktop,Electronics,Prime Distributors,Delhi WH,Delhi,Wholesale,18,45000,810000,1073,Delivered,Cash
100176,2025-05-04,2025-05-09,Office Chair,Furniture,Prime Distributors,Chennai WH,Pune,Wholesale,7,8500,59500,2541,Cancelled,Credit Card
100177,2025-04-19,2025-04-21,Mouse,Accessories,ABC Suppliers,Chennai WH,Kolkata,Wholesale,6,700,4200,2052,Delivered,UPI
100178,2025-11-03,2025-11-09,Switch,Networking,Prime Distributors,Delhi WH,Pune,Wholesale,9,6000,54000,2659,Delivered,Cash
100179,2025-01-30,2025-02-01,Office Chair,Furniture,Global Supply,Mumbai WH,Lucknow,Wholesale,19,8500,161500,586,Delayed,UPI
100180,2025-10-03,2025-10-08,Router,Networking,Tech World,Chennai WH,Hyderabad,Retail,19,3500,66500,385,Delivered,Net Banking
100181,2025-04-01,2025-04-08,Hard Disk,Storage,XYZ Traders,Hyderabad WH,Chennai,Wholesale,16,4200,67200,2253,Delivered,Credit Card
100182,2025-06-14,2025-06-20,Router,Networking,Prime Distributors,Delhi WH,Lucknow,Wholesale,12,3500,42000,2740,Delivered,Cash
100183,2025-01-22,2025-01-27,Projector,Electronics,Global Supply,Delhi WH,Ahmedabad,Retail,1,40000,40000,2231,Delivered,UPI
100184,2025-06-30,2025-07-03,Office Chair,Furniture,XYZ Traders,Chennai WH,Jaipur,Retail,3,8500,25500,1517,Cancelled,UPI
100185,2025-11-16,2025-11-18,Office Desk,Furniture,XYZ Traders,Delhi WH,Mumbai,Retail,15,15000,225000,785,Delivered,Credit Card
100186,2025-10-08,2025-10-14,Scanner,Office Supplies,Global Supply,Delhi WH,Delhi,Wholesale,3,12000,36000,1417,Delivered,Cash
100187,2025-01-28,2025-02-01,Desktop,Electronics,Global Supply,Mumbai WH,Jaipur,Wholesale,12,45000,540000,628,Delayed,Debit Card
100188,2025-05-11,2025-05-13,Mouse,Accessories,XYZ Traders,Chennai WH,Chennai,Retail,17,700,11900,1819,Cancelled,Net Banking
100189,2025-03-28,2025-04-04,Hard Disk,Storage,Tech World,Bangalore WH,Bangalore,Retail,12,4200,50400,1220,Delivered,Credit Card
100190,2025-08-09,2025-08-11,SSD,Storage,Tech World,Delhi WH,Chennai,Wholesale,17,5500,93500,1631,Cancelled,Net Banking
100191,2025-12-25,2025-12-26,Office Chair,Furniture,Global Supply,Chennai WH,Jaipur,Retail,7,8500,59500,2341,Delivered,Credit Card
100192,2025-12-31,2026-01-06,Scanner,Office Supplies,Prime Distributors,Bangalore WH,Delhi,Retail,18,12000,216000,1961,Cancelled,Net Banking
100193,2025-08-17,2025-08-20,Webcam,Accessories,Global Supply,Mumbai WH,Kolkata,Retail,9,2500,22500,2578,Delivered,Cash
100194,2025-08-05,2025-08-11,Scanner,Office Supplies,Prime Distributors,Mumbai WH,Chennai,Retail,15,12000,180000,1067,Delivered,UPI
100195,2025-02-17,2025-02-19,SSD,Storage,XYZ Traders,Delhi WH,Bangalore,Wholesale,8,5500,44000,289,Delivered,Net Banking
100196,2025-12-18,2025-12-22,Printer,Office Supplies,Global Supply,Chennai WH,Pune,Retail,17,15000,255000,1991,Delivered,Cash
100197,2025-03-14,2025-03-21,Switch,Networking,XYZ Traders,Bangalore WH,Ahmedabad,Wholesale,10,6000,60000,1190,Delivered,Net Banking
100198,2025-02-13,2025-02-14,Keyboard,Accessories,Tech World,Delhi WH,Kolkata,Wholesale,14,900,12600,2947,Delivered,Credit Card
100199,2025-10-10,2025-10-16,SSD,Storage,Prime Distributors,Chennai WH,Kolkata,Retail,16,5500,88000,1737,Cancelled,Debit Card
100200,2025-07-10,2025-07-17,Router,Networking,Prime Distributors,Hyderabad WH,Pune,Retail,17,3500,59500,2122,Delivered,Debit Card
100201,2025-01-23,2025-01-24,Projector,Electronics,Prime Distributors,Mumbai WH,Bangalore,Wholesale,4,40000,160000,2506,Delivered,Cash
100202,2025-01-14,2025-01-16,Scanner,Office Supplies,ABC Suppliers,Mumbai WH,Pune,Wholesale,18,12000,216000,963,Delivered,UPI
100203,2025-01-09,2025-01-13,Router,Networking,XYZ Traders,Chennai WH,Chennai,Retail,16,3500,56000,2506,Delivered,Net Banking
100204,2025-10-03,2025-10-06,Desktop,Electronics,ABC Suppliers,Chennai WH,Pune,Wholesale,18,45000,810000,598,In Transit,Net Banking
100205,2025-11-10,2025-11-12,Mouse,Accessories,Tech World,Mumbai WH,Pune,Retail,8,700,5600,518,Delivered,Debit Card
100206,2025-12-01,2025-12-03,Office Desk,Furniture,Prime Distributors,Bangalore WH,Ahmedabad,Retail,10,15000,150000,1042,In Transit,Credit Card
100207,2025-07-03,2025-07-05,Printer,Office Supplies,Tech World,Mumbai WH,Delhi,Retail,19,15000,285000,1755,Delivered,Cash
100208,2025-01-20,2025-01-26,Projector,Electronics,Tech World,Chennai WH,Jaipur,Wholesale,1,40000,40000,1062,Delivered,Credit Card
100209,2025-05-31,2025-06-01,Office Desk,Furniture,XYZ Traders,Chennai WH,Hyderabad,Wholesale,19,15000,285000,1431,Delivered,UPI
100210,2025-06-11,2025-06-12,SSD,Storage,Tech World,Bangalore WH,Delhi,Retail,16,5500,88000,947,Delivered,Net Banking
100211,2025-05-31,2025-06-07,Router,Networking,XYZ Traders,Chennai WH,Jaipur,Wholesale,2,3500,7000,783,Delivered,Net Banking
100212,2025-03-02,2025-03-09,Printer,Office Supplies,Tech World,Chennai WH,Jaipur,Retail,4,15000,60000,1599,Cancelled,Debit Card
100213,2025-12-20,2025-12-25,Office Desk,Furniture,XYZ Traders,Hyderabad WH,Bangalore,Retail,10,15000,150000,951,Delivered,UPI
100214,2025-11-02,2025-11-07,Office Desk,Furniture,ABC Suppliers,Mumbai WH,Hyderabad,Retail,12,15000,180000,2012,Delivered,Debit Card
100215,2025-04-16,2025-04-20,Hard Disk,Storage,Prime Distributors,Chennai WH,Jaipur,Retail,15,4200,63000,2235,Delivered,Debit Card
100216,2025-12-27,2025-12-31,Desktop,Electronics,ABC Suppliers,Bangalore WH,Lucknow,Wholesale,4,45000,180000,2256,Delivered,UPI
100217,2025-12-26,2025-12-27,Printer,Office Supplies,Prime Distributors,Delhi WH,Pune,Retail,5,15000,75000,676,Cancelled,Credit Card
100218,2025-12-16,2025-12-18,Hard Disk,Storage,Tech World,Hyderabad WH,Jaipur,Wholesale,8,4200,33600,2323,Delivered,Debit Card
100219,2025-03-01,2025-03-07,Hard Disk,Storage,Prime Distributors,Mumbai WH,Kolkata,Wholesale,15,4200,63000,1107,Delivered,Credit Card
100220,2025-04-20,2025-04-24,Hard Disk,Storage,Tech World,Hyderabad WH,Chennai,Retail,4,4200,16800,1994,In Transit,Debit Card
100221,2025-05-20,2025-05-24,Webcam,Accessories,XYZ Traders,Hyderabad WH,Kolkata,Wholesale,3,2500,7500,2891,Delivered,Cash
100222,2025-09-15,2025-09-18,Scanner,Office Supplies,Tech World,Hyderabad WH,Delhi,Wholesale,19,12000,228000,2065,Delivered,Net Banking
100223,2025-09-28,2025-09-29,Printer,Office Supplies,XYZ Traders,Delhi WH,Kolkata,Wholesale,11,15000,165000,506,Delivered,Credit Card
100224,2025-10-03,2025-10-06,Keyboard,Accessories,ABC Suppliers,Hyderabad WH,Pune,Retail,15,900,13500,1518,Delivered,Cash
100225,2025-04-12,2025-04-14,Office Chair,Furniture,Prime Distributors,Bangalore WH,Mumbai,Retail,20,8500,170000,1322,Delivered,Net Banking
100226,2025-10-18,2025-10-22,Mouse,Accessories,ABC Suppliers,Delhi WH,Chennai,Wholesale,6,700,4200,2555,Delayed,Credit Card
100227,2025-12-27,2025-12-29,Projector,Electronics,Tech World,Hyderabad WH,Ahmedabad,Retail,18,40000,720000,2096,Delivered,Cash
100228,2025-04-05,2025-04-11,Projector,Electronics,XYZ Traders,Delhi WH,Kolkata,Wholesale,7,40000,280000,2265,Delayed,Debit Card
100229,2025-10-21,2025-10-26,Hard Disk,Storage,XYZ Traders,Bangalore WH,Ahmedabad,Retail,4,4200,16800,1757,Delivered,Net Banking
100230,2025-11-21,2025-11-25,Monitor,Electronics,XYZ Traders,Mumbai WH,Bangalore,Retail,1,12000,12000,2202,Delivered,UPI
100231,2025-08-25,2025-09-01,Scanner,Office Supplies,Prime Distributors,Bangalore WH,Kolkata,Retail,20,12000,240000,944,Delayed,Credit Card
100232,2025-08-04,2025-08-06,Router,Networking,Prime Distributors,Bangalore WH,Hyderabad,Wholesale,3,3500,10500,2922,Delivered,Cash
100233,2025-02-23,2025-02-27,Desktop,Electronics,Prime Distributors,Delhi WH,Jaipur,Wholesale,17,45000,765000,1407,Delivered,UPI
100234,2025-10-03,2025-10-05,Router,Networking,Tech World,Delhi WH,Hyderabad,Retail,2,3500,7000,2246,Delivered,Cash
100235,2025-02-11,2025-02-13,Desktop,Electronics,Tech World,Mumbai WH,Jaipur,Retail,13,45000,585000,2573,Delivered,UPI
100236,2025-08-27,2025-08-28,Laptop,Electronics,Global Supply,Delhi WH,Jaipur,Wholesale,9,55000,495000,2722,Delivered,Debit Card
100237,2025-04-03,2025-04-10,Hard Disk,Storage,ABC Suppliers,Bangalore WH,Kolkata,Retail,14,4200,58800,1959,Delivered,UPI
100238,2025-05-15,2025-05-19,Projector,Electronics,Global Supply,Hyderabad WH,Kolkata,Wholesale,8,40000,320000,258,Delivered,Debit Card
100239,2025-07-09,2025-07-13,Scanner,Office Supplies,Global Supply,Chennai WH,Pune,Retail,9,12000,108000,302,Delivered,Net Banking
100240,2025-03-29,2025-03-31,Switch,Networking,XYZ Traders,Bangalore WH,Chennai,Retail,14,6000,84000,1725,Delivered,Debit Card
100241,2025-03-01,2025-03-03,Projector,Electronics,Prime Distributors,Chennai WH,Mumbai,Retail,8,40000,320000,2238,Delivered,Credit Card
100242,2025-02-03,2025-02-05,Desktop,Electronics,Global Supply,Hyderabad WH,Delhi,Wholesale,18,45000,810000,1254,Delivered,Credit Card
100243,2025-03-13,2025-03-16,Switch,Networking,Global Supply,Chennai WH,Mumbai,Retail,2,6000,12000,1143,Delivered,UPI
100244,2025-03-08,2025-03-12,Laptop,Electronics,ABC Suppliers,Chennai WH,Ahmedabad,Wholesale,7,55000,385000,608,In Transit,Cash
100245,2025-02-28,2025-03-04,SSD,Storage,Global Supply,Mumbai WH,Kolkata,Retail,2,5500,11000,1832,Cancelled,Net Banking
100246,2025-07-07,2025-07-08,Laptop,Electronics,Prime Distributors,Bangalore WH,Delhi,Wholesale,14,55000,770000,1738,Delivered,Debit Card
100247,2025-05-24,2025-05-31,Hard Disk,Storage,Prime Distributors,Chennai WH,Delhi,Retail,7,4200,29400,2808,In Transit,UPI
100248,2025-01-17,2025-01-22,Webcam,Accessories,ABC Suppliers,Chennai WH,Kolkata,Wholesale,19,2500,47500,1073,Delivered,Net Banking
100249,2025-05-17,2025-05-20,Hard Disk,Storage,XYZ Traders,Chennai WH,Pune,Wholesale,2,4200,8400,1421,Delayed,Credit Card
100250,2025-07-01,2025-07-08,Switch,Networking,XYZ Traders,Hyderabad WH,Kolkata,Retail,4,6000,24000,560,Delivered,Credit Card
100251,2025-06-06,2025-06-11,Hard Disk,Storage,Tech World,Delhi WH,Jaipur,Retail,9,4200,37800,800,Cancelled,UPI
100252,2025-08-13,2025-08-19,Scanner,Office Supplies,XYZ Traders,Bangalore WH,Ahmedabad,Wholesale,10,12000,120000,2658,Delivered,Net Banking
100253,2025-12-11,2025-12-17,Mouse,Accessories,XYZ Traders,Chennai WH,Kolkata,Retail,1,700,700,2934,Delivered,UPI
100254,2025-01-14,2025-01-21,Scanner,Office Supplies,Prime Distributors,Delhi WH,Jaipur,Wholesale,5,12000,60000,954,Delivered,Debit Card
100255,2025-04-15,2025-04-19,Router,Networking,ABC Suppliers,Delhi WH,Pune,Wholesale,3,3500,10500,2014,Delayed,Cash
100256,2025-10-07,2025-10-13,Hard Disk,Storage,ABC Suppliers,Mumbai WH,Pune,Wholesale,14,4200,58800,560,Delivered,UPI
100257,2025-12-20,2025-12-25,Router,Networking,Tech World,Chennai WH,Ahmedabad,Wholesale,5,3500,17500,655,Delivered,Credit Card
100258,2025-02-19,2025-02-25,Desktop,Electronics,ABC Suppliers,Hyderabad WH,Mumbai,Retail,17,45000,765000,1024,Delivered,Debit Card
100259,2025-06-25,2025-06-29,Laptop,Electronics,Global Supply,Bangalore WH,Kolkata,Wholesale,6,55000,330000,2394,In Transit,Credit Card
100260,2025-11-20,2025-11-25,SSD,Storage,XYZ Traders,Mumbai WH,Mumbai,Wholesale,18,5500,99000,2260,Delivered,Cash
100261,2025-10-30,2025-11-02,Scanner,Office Supplies,Prime Distributors,Delhi WH,Jaipur,Wholesale,17,12000,204000,277,Delivered,UPI
100262,2025-08-01,2025-08-02,Webcam,Accessories,XYZ Traders,Chennai WH,Bangalore,Wholesale,4,2500,10000,2610,Delivered,Credit Card
100263,2025-04-06,2025-04-13,Desktop,Electronics,Tech World,Delhi WH,Hyderabad,Retail,18,45000,810000,914,In Transit,Net Banking
100264,2025-10-20,2025-10-27,SSD,Storage,Tech World,Chennai WH,Bangalore,Retail,7,5500,38500,1857,Delivered,Net Banking
100265,2025-11-09,2025-11-16,Switch,Networking,Prime Distributors,Delhi WH,Bangalore,Retail,13,6000,78000,1991,Delayed,Credit Card
100266,2025-08-21,2025-08-27,Laptop,Electronics,Tech World,Mumbai WH,Kolkata,Retail,10,55000,550000,1383,Delivered,Cash
100267,2025-01-06,2025-01-13,Switch,Networking,ABC Suppliers,Delhi WH,Hyderabad,Wholesale,6,6000,36000,1663,In Transit,Credit Card
100268,2025-04-26,2025-04-29,Hard Disk,Storage,ABC Suppliers,Mumbai WH,Hyderabad,Retail,6,4200,25200,1466,Delivered,Net Banking
100269,2025-09-23,2025-09-25,Router,Networking,Prime Distributors,Bangalore WH,Mumbai,Wholesale,17,3500,59500,1729,Delayed,Credit Card
100270,2025-12-17,2025-12-19,Office Chair,Furniture,Global Supply,Mumbai WH,Mumbai,Retail,2,8500,17000,2624,Delayed,UPI
100271,2025-07-14,2025-07-19,Printer,Office Supplies,Prime Distributors,Hyderabad WH,Hyderabad,Wholesale,13,15000,195000,2422,Delayed,UPI
100272,2025-07-01,2025-07-03,Monitor,Electronics,Global Supply,Bangalore WH,Ahmedabad,Wholesale,1,12000,12000,2119,Delivered,UPI
100273,2025-05-08,2025-05-10,Hard Disk,Storage,Tech World,Mumbai WH,Chennai,Retail,17,4200,71400,1831,Delivered,Cash
100274,2025-10-13,2025-10-14,Office Desk,Furniture,Prime Distributors,Bangalore WH,Ahmedabad,Retail,16,15000,240000,2720,Delayed,UPI
100275,2025-12-08,2025-12-11,Webcam,Accessories,XYZ Traders,Hyderabad WH,Lucknow,Wholesale,4,2500,10000,1598,In Transit,Credit Card
100276,2025-03-11,2025-03-14,Office Chair,Furniture,Tech World,Bangalore WH,Chennai,Retail,11,8500,93500,1583,Delivered,Cash
100277,2025-04-18,2025-04-19,Scanner,Office Supplies,XYZ Traders,Chennai WH,Lucknow,Retail,13,12000,156000,2384,Delivered,Credit Card
100278,2025-11-21,2025-11-27,Office Chair,Furniture,Prime Distributors,Delhi WH,Mumbai,Retail,12,8500,102000,1537,Delivered,Debit Card
100279,2025-05-27,2025-06-02,Office Chair,Furniture,XYZ Traders,Hyderabad WH,Chennai,Wholesale,19,8500,161500,779,Delivered,Credit Card
100280,2025-09-11,2025-09-16,Monitor,Electronics,XYZ Traders,Mumbai WH,Delhi,Wholesale,5,12000,60000,1048,Delivered,Cash
100281,2025-11-21,2025-11-25,Mouse,Accessories,ABC Suppliers,Mumbai WH,Kolkata,Wholesale,6,700,4200,1094,In Transit,UPI
100282,2025-03-01,2025-03-08,Webcam,Accessories,XYZ Traders,Chennai WH,Bangalore,Retail,17,2500,42500,2095,In Transit,Net Banking
100283,2025-06-26,2025-06-28,Monitor,Electronics,Global Supply,Mumbai WH,Kolkata,Retail,11,12000,132000,2759,Delivered,Cash
100284,2025-08-26,2025-08-29,SSD,Storage,Tech World,Mumbai WH,Lucknow,Wholesale,5,5500,27500,2923,Delivered,UPI
100285,2025-08-14,2025-08-18,Keyboard,Accessories,Prime Distributors,Delhi WH,Chennai,Wholesale,19,900,17100,1139,Delivered,Debit Card
100286,2025-10-12,2025-10-16,Scanner,Office Supplies,Tech World,Delhi WH,Delhi,Retail,4,12000,48000,1685,Delivered,Cash
100287,2025-05-19,2025-05-21,Printer,Office Supplies,Global Supply,Hyderabad WH,Ahmedabad,Wholesale,18,15000,270000,1711,Delivered,Cash
100288,2025-07-10,2025-07-13,Office Desk,Furniture,Tech World,Hyderabad WH,Lucknow,Retail,3,15000,45000,1716,Delivered,Credit Card
100289,2025-05-01,2025-05-03,Scanner,Office Supplies,Tech World,Hyderabad WH,Hyderabad,Retail,2,12000,24000,472,Delivered,Net Banking
100290,2025-01-07,2025-01-10,Printer,Office Supplies,XYZ Traders,Hyderabad WH,Ahmedabad,Retail,6,15000,90000,2703,In Transit,UPI
100291,2025-11-10,2025-11-14,Office Desk,Furniture,Tech World,Delhi WH,Hyderabad,Retail,11,15000,165000,1427,Delivered,Cash
100292,2025-10-01,2025-10-06,Scanner,Office Supplies,XYZ Traders,Delhi WH,Pune,Retail,7,12000,84000,689,In Transit,Cash
100293,2025-11-19,2025-11-26,Mouse,Accessories,Tech World,Delhi WH,Lucknow,Wholesale,4,700,2800,525,Delivered,Cash
100294,2025-11-30,2025-12-03,Scanner,Office Supplies,Tech World,Mumbai WH,Delhi,Wholesale,6,12000,72000,469,Delivered,Debit Card
100295,2025-09-26,2025-10-01,Projector,Electronics,ABC Suppliers,Delhi WH,Hyderabad,Retail,13,40000,520000,1845,Delivered,Net Banking
100296,2025-07-18,2025-07-25,Hard Disk,Storage,ABC Suppliers,Delhi WH,Ahmedabad,Wholesale,14,4200,58800,2620,Delayed,Credit Card
100297,2025-09-24,2025-09-28,Webcam,Accessories,Global Supply,Bangalore WH,Pune,Wholesale,4,2500,10000,1320,Delivered,Net Banking
100298,2025-05-31,2025-06-05,SSD,Storage,Prime Distributors,Delhi WH,Mumbai,Retail,5,5500,27500,2798,In Transit,Cash
100299,2025-11-10,2025-11-11,Monitor,Electronics,ABC Suppliers,Hyderabad WH,Jaipur,Wholesale,19,12000,228000,2081,Delayed,Net Banking
100300,2025-05-19,2025-05-26,Webcam,Accessories,Global Supply,Bangalore WH,Kolkata,Retail,13,2500,32500,1028,Delivered,UPI
100301,2025-09-18,2025-09-22,SSD,Storage,XYZ Traders,Chennai WH,Delhi,Wholesale,1,5500,5500,2563,Delayed,Cash
100302,2025-03-26,2025-03-27,Projector,Electronics,Tech World,Hyderabad WH,Jaipur,Retail,12,40000,480000,351,Delayed,Credit Card
100303,2025-06-10,2025-06-17,SSD,Storage,Prime Distributors,Delhi WH,Jaipur,Wholesale,10,5500,55000,1943,Delayed,Credit Card
100304,2025-11-10,2025-11-15,Desktop,Electronics,Tech World,Bangalore WH,Bangalore,Retail,8,45000,360000,2077,Delivered,Net Banking
100305,2025-08-27,2025-08-30,Laptop,Electronics,Prime Distributors,Hyderabad WH,Mumbai,Wholesale,6,55000,330000,1870,Delayed,Cash
100306,2025-06-04,2025-06-10,SSD,Storage,ABC Suppliers,Chennai WH,Delhi,Retail,16,5500,88000,1363,Delivered,Credit Card
100307,2025-01-11,2025-01-16,Scanner,Office Supplies,Tech World,Mumbai WH,Mumbai,Wholesale,5,12000,60000,1514,Delayed,Cash
100308,2025-04-22,2025-04-26,Scanner,Office Supplies,Tech World,Bangalore WH,Mumbai,Wholesale,20,12000,240000,2076,Delivered,Net Banking
100309,2025-10-11,2025-10-18,Laptop,Electronics,ABC Suppliers,Bangalore WH,Hyderabad,Retail,5,55000,275000,1618,Delayed,UPI
100310,2025-11-30,2025-12-03,Office Desk,Furniture,XYZ Traders,Delhi WH,Delhi,Wholesale,11,15000,165000,2512,Delivered,Debit Card
100311,2025-01-27,2025-02-02,Hard Disk,Storage,XYZ Traders,Bangalore WH,Kolkata,Retail,9,4200,37800,1975,Delivered,UPI
100312,2025-10-17,2025-10-18,Webcam,Accessories,XYZ Traders,Chennai WH,Lucknow,Wholesale,7,2500,17500,1095,Delivered,Credit Card
100313,2025-03-19,2025-03-20,Router,Networking,Global Supply,Chennai WH,Jaipur,Retail,20,3500,70000,2924,Delayed,Cash
100314,2025-03-14,2025-03-17,Desktop,Electronics,ABC Suppliers,Delhi WH,Hyderabad,Retail,17,45000,765000,840,Delivered,Net Banking
100315,2025-10-05,2025-10-06,Office Desk,Furniture,Tech World,Hyderabad WH,Lucknow,Retail,9,15000,135000,2902,Delivered,Cash
100316,2025-07-20,2025-07-27,Desktop,Electronics,Tech World,Chennai WH,Jaipur,Wholesale,15,45000,675000,1551,Delivered,Net Banking
100317,2025-10-18,2025-10-20,Laptop,Electronics,ABC Suppliers,Bangalore WH,Chennai,Retail,8,55000,440000,1087,In Transit,UPI
100318,2025-01-14,2025-01-21,SSD,Storage,ABC Suppliers,Bangalore WH,Lucknow,Retail,6,5500,33000,984,Delivered,Debit Card
100319,2025-06-28,2025-06-29,Monitor,Electronics,Prime Distributors,Bangalore WH,Chennai,Wholesale,15,12000,180000,1080,Delivered,UPI
100320,2025-12-30,2026-01-06,Monitor,Electronics,Tech World,Delhi WH,Bangalore,Wholesale,6,12000,72000,2764,Delivered,Net Banking
100321,2025-01-09,2025-01-14,Laptop,Electronics,Tech World,Delhi WH,Hyderabad,Retail,14,55000,770000,1937,Delivered,Debit Card
100322,2025-10-12,2025-10-18,Switch,Networking,ABC Suppliers,Chennai WH,Delhi,Wholesale,17,6000,102000,2264,Delivered,Net Banking
100323,2025-06-25,2025-06-27,Switch,Networking,XYZ Traders,Chennai WH,Delhi,Retail,1,6000,6000,2966,Delayed,Debit Card
100324,2025-06-01,2025-06-04,Laptop,Electronics,Tech World,Bangalore WH,Bangalore,Retail,10,55000,550000,1573,Delivered,UPI
100325,2025-08-09,2025-08-14,Office Desk,Furniture,XYZ Traders,Chennai WH,Ahmedabad,Wholesale,9,15000,135000,1123,Delivered,UPI
100326,2025-11-09,2025-11-13,Mouse,Accessories,Tech World,Mumbai WH,Kolkata,Wholesale,7,700,4900,2685,Delivered,Net Banking
100327,2025-11-20,2025-11-22,Projector,Electronics,Prime Distributors,Delhi WH,Ahmedabad,Wholesale,12,40000,480000,1990,Delivered,Credit Card
100328,2025-09-05,2025-09-06,Keyboard,Accessories,Tech World,Bangalore WH,Bangalore,Retail,8,900,7200,2837,Delivered,Debit Card
100329,2025-03-22,2025-03-29,Hard Disk,Storage,ABC Suppliers,Mumbai WH,Chennai,Retail,3,4200,12600,1332,Delivered,Credit Card
100330,2025-08-12,2025-08-19,Laptop,Electronics,XYZ Traders,Bangalore WH,Chennai,Retail,14,55000,770000,2653,Delivered,Credit Card
100331,2025-10-14,2025-10-16,Office Chair,Furniture,XYZ Traders,Chennai WH,Lucknow,Retail,14,8500,119000,2525,Delivered,Net Banking
100332,2025-01-30,2025-02-04,SSD,Storage,ABC Suppliers,Hyderabad WH,Jaipur,Wholesale,6,5500,33000,2367,Delayed,UPI
100333,2025-07-28,2025-08-04,Laptop,Electronics,Prime Distributors,Delhi WH,Lucknow,Wholesale,1,55000,55000,1008,Cancelled,Cash
100334,2025-02-26,2025-03-03,Projector,Electronics,ABC Suppliers,Bangalore WH,Mumbai,Wholesale,7,40000,280000,671,Delivered,Debit Card
100335,2025-10-11,2025-10-12,Office Chair,Furniture,XYZ Traders,Delhi WH,Lucknow,Wholesale,6,8500,51000,1854,Delivered,Net Banking
100336,2025-08-08,2025-08-09,Monitor,Electronics,ABC Suppliers,Bangalore WH,Ahmedabad,Wholesale,1,12000,12000,575,Delivered,Net Banking
100337,2025-02-23,2025-02-28,Router,Networking,Prime Distributors,Bangalore WH,Kolkata,Retail,1,3500,3500,921,Delayed,Credit Card
100338,2025-08-13,2025-08-20,Office Desk,Furniture,Global Supply,Bangalore WH,Kolkata,Wholesale,4,15000,60000,2099,Delivered,Debit Card
100339,2025-04-01,2025-04-05,Webcam,Accessories,Tech World,Delhi WH,Jaipur,Wholesale,5,2500,12500,2317,Delayed,Cash
100340,2025-03-03,2025-03-09,Webcam,Accessories,XYZ Traders,Chennai WH,Hyderabad,Retail,19,2500,47500,994,In Transit,Net Banking
100341,2025-12-24,2025-12-29,Scanner,Office Supplies,Prime Distributors,Delhi WH,Pune,Retail,12,12000,144000,2545,Delivered,Debit Card
100342,2025-01-04,2025-01-09,Switch,Networking,Tech World,Delhi WH,Bangalore,Retail,7,6000,42000,991,In Transit,Credit Card
100343,2025-03-14,2025-03-20,Router,Networking,Global Supply,Hyderabad WH,Lucknow,Retail,4,3500,14000,446,Delivered,UPI
100344,2025-11-02,2025-11-05,Projector,Electronics,ABC Suppliers,Mumbai WH,Hyderabad,Wholesale,19,40000,760000,2026,Delivered,Cash
100345,2025-01-16,2025-01-23,SSD,Storage,ABC Suppliers,Chennai WH,Jaipur,Wholesale,18,5500,99000,1664,Delivered,Credit Card
100346,2025-01-24,2025-01-28,Mouse,Accessories,Prime Distributors,Bangalore WH,Lucknow,Retail,7,700,4900,1262,In Transit,Credit Card
100347,2025-05-06,2025-05-13,Projector,Electronics,ABC Suppliers,Chennai WH,Mumbai,Wholesale,14,40000,560000,1328,Delivered,UPI
100348,2025-08-02,2025-08-06,Projector,Electronics,XYZ Traders,Delhi WH,Delhi,Retail,15,40000,600000,465,Delivered,Debit Card
100349,2025-10-28,2025-10-31,Laptop,Electronics,Prime Distributors,Mumbai WH,Jaipur,Wholesale,6,55000,330000,1404,Delivered,Net Banking
100350,2025-01-28,2025-02-04,Switch,Networking,Global Supply,Delhi WH,Delhi,Wholesale,10,6000,60000,999,Cancelled,Net Banking
100351,2025-05-27,2025-06-03,Mouse,Accessories,XYZ Traders,Mumbai WH,Chennai,Retail,1,700,700,331,Delivered,Credit Card
100352,2025-08-04,2025-08-05,Office Desk,Furniture,Tech World,Mumbai WH,Mumbai,Wholesale,11,15000,165000,2359,Delayed,UPI
100353,2025-04-05,2025-04-11,SSD,Storage,Tech World,Mumbai WH,Ahmedabad,Wholesale,9,5500,49500,710,Delivered,Net Banking
100354,2025-08-11,2025-08-13,Webcam,Accessories,XYZ Traders,Mumbai WH,Mumbai,Retail,2,2500,5000,2822,Delivered,Net Banking
100355,2025-11-04,2025-11-07,Printer,Office Supplies,ABC Suppliers,Mumbai WH,Mumbai,Retail,6,15000,90000,511,In Transit,Credit Card
100356,2025-05-25,2025-05-28,Projector,Electronics,Tech World,Mumbai WH,Mumbai,Wholesale,7,40000,280000,829,Delivered,Net Banking
100357,2025-05-15,2025-05-16,Office Chair,Furniture,XYZ Traders,Chennai WH,Pune,Retail,15,8500,127500,2298,Delivered,Net Banking
100358,2025-08-26,2025-08-31,SSD,Storage,Tech World,Delhi WH,Lucknow,Retail,11,5500,60500,2382,Delayed,UPI
100359,2025-02-10,2025-02-12,Office Chair,Furniture,ABC Suppliers,Bangalore WH,Chennai,Retail,11,8500,93500,1979,Delivered,Net Banking
100360,2025-05-09,2025-05-12,Desktop,Electronics,Global Supply,Delhi WH,Bangalore,Wholesale,15,45000,675000,2452,Cancelled,Cash
100361,2025-01-04,2025-01-07,Mouse,Accessories,Global Supply,Chennai WH,Bangalore,Wholesale,10,700,7000,1977,Delivered,UPI
100362,2025-11-28,2025-12-02,Scanner,Office Supplies,Tech World,Chennai WH,Delhi,Wholesale,20,12000,240000,2095,In Transit,Credit Card
100363,2025-04-26,2025-05-03,Laptop,Electronics,Global Supply,Bangalore WH,Chennai,Retail,5,55000,275000,789,Delivered,Credit Card
100364,2025-07-12,2025-07-13,Desktop,Electronics,ABC Suppliers,Delhi WH,Chennai,Wholesale,6,45000,270000,2673,Delivered,Cash
100365,2025-10-05,2025-10-08,Webcam,Accessories,Prime Distributors,Delhi WH,Hyderabad,Wholesale,6,2500,15000,876,In Transit,UPI
100366,2025-09-11,2025-09-14,Router,Networking,Global Supply,Mumbai WH,Mumbai,Wholesale,18,3500,63000,1423,Delayed,UPI
100367,2025-06-29,2025-07-01,Office Desk,Furniture,ABC Suppliers,Mumbai WH,Bangalore,Wholesale,13,15000,195000,560,In Transit,UPI
100368,2025-03-01,2025-03-04,Keyboard,Accessories,XYZ Traders,Bangalore WH,Delhi,Retail,1,900,900,2858,In Transit,Net Banking
100369,2025-08-10,2025-08-17,Projector,Electronics,Prime Distributors,Hyderabad WH,Lucknow,Wholesale,8,40000,320000,327,Delivered,Net Banking
100370,2025-02-09,2025-02-13,Monitor,Electronics,Prime Distributors,Bangalore WH,Ahmedabad,Retail,4,12000,48000,1553,In Transit,UPI
100371,2025-09-21,2025-09-25,Laptop,Electronics,Tech World,Delhi WH,Pune,Retail,14,55000,770000,2152,Delivered,Debit Card
100372,2025-02-15,2025-02-20,SSD,Storage,Global Supply,Hyderabad WH,Hyderabad,Retail,15,5500,82500,849,Delayed,Cash
100373,2025-03-08,2025-03-12,Switch,Networking,XYZ Traders,Delhi WH,Kolkata,Wholesale,3,6000,18000,1579,Delivered,UPI
100374,2025-06-30,2025-07-01,Office Desk,Furniture,Global Supply,Mumbai WH,Lucknow,Retail,1,15000,15000,500,Delivered,Net Banking
100375,2025-08-11,2025-08-12,Hard Disk,Storage,Global Supply,Hyderabad WH,Ahmedabad,Wholesale,2,4200,8400,1402,Delivered,Net Banking
100376,2025-08-31,2025-09-05,Office Desk,Furniture,ABC Suppliers,Hyderabad WH,Lucknow,Retail,9,15000,135000,2751,Delivered,Net Banking
100377,2025-11-28,2025-12-04,Hard Disk,Storage,Global Supply,Chennai WH,Kolkata,Retail,11,4200,46200,1348,In Transit,UPI
100378,2025-10-03,2025-10-10,Projector,Electronics,Prime Distributors,Mumbai WH,Chennai,Wholesale,14,40000,560000,2601,Delivered,Debit Card
100379,2025-10-21,2025-10-22,Office Desk,Furniture,ABC Suppliers,Hyderabad WH,Delhi,Wholesale,7,15000,105000,2902,Delivered,Credit Card
100380,2025-05-09,2025-05-11,Monitor,Electronics,XYZ Traders,Delhi WH,Lucknow,Wholesale,19,12000,228000,2572,Delivered,Cash
100381,2025-06-12,2025-06-13,Office Chair,Furniture,XYZ Traders,Mumbai WH,Lucknow,Retail,15,8500,127500,971,Delivered,Credit Card
100382,2025-03-26,2025-04-01,Office Chair,Furniture,XYZ Traders,Delhi WH,Hyderabad,Retail,13,8500,110500,959,Cancelled,Net Banking
100383,2025-09-13,2025-09-18,Printer,Office Supplies,Tech World,Bangalore WH,Kolkata,Retail,4,15000,60000,887,Delivered,Net Banking
100384,2025-11-11,2025-11-15,Webcam,Accessories,XYZ Traders,Chennai WH,Delhi,Retail,12,2500,30000,216,Delivered,Net Banking
100385,2025-07-27,2025-07-31,Printer,Office Supplies,Prime Distributors,Bangalore WH,Lucknow,Retail,2,15000,30000,2144,Delivered,Credit Card
100386,2025-10-25,2025-10-26,Printer,Office Supplies,Prime Distributors,Chennai WH,Chennai,Retail,3,15000,45000,427,Delivered,Net Banking
100387,2025-07-08,2025-07-14,Printer,Office Supplies,Tech World,Hyderabad WH,Pune,Wholesale,20,15000,300000,1365,Delivered,Credit Card
100388,2025-05-26,2025-05-31,Mouse,Accessories,Prime Distributors,Chennai WH,Mumbai,Retail,10,700,7000,2042,In Transit,Net Banking
100389,2025-04-19,2025-04-20,Keyboard,Accessories,Tech World,Bangalore WH,Hyderabad,Retail,4,900,3600,642,In Transit,Net Banking
100390,2025-03-31,2025-04-07,Monitor,Electronics,ABC Suppliers,Mumbai WH,Delhi,Retail,19,12000,228000,1523,Delivered,Credit Card
100391,2025-08-29,2025-08-31,Office Chair,Furniture,Global Supply,Mumbai WH,Delhi,Retail,3,8500,25500,1199,Cancelled,Credit Card
100392,2025-01-03,2025-01-10,Laptop,Electronics,Prime Distributors,Delhi WH,Pune,Wholesale,18,55000,990000,1320,Delivered,Net Banking
100393,2025-10-02,2025-10-03,Desktop,Electronics,Tech World,Chennai WH,Kolkata,Retail,1,45000,45000,1889,Delivered,Net Banking
100394,2025-02-10,2025-02-13,Scanner,Office Supplies,Prime Distributors,Delhi WH,Bangalore,Retail,16,12000,192000,948,Delivered,Cash
100395,2025-05-14,2025-05-18,Desktop,Electronics,Prime Distributors,Delhi WH,Ahmedabad,Wholesale,19,45000,855000,1846,Delivered,Debit Card
100396,2025-02-03,2025-02-10,Office Desk,Furniture,Prime Distributors,Hyderabad WH,Kolkata,Wholesale,10,15000,150000,961,Delivered,Debit Card
100397,2025-01-23,2025-01-25,Switch,Networking,Tech World,Delhi WH,Chennai,Retail,11,6000,66000,1302,Delivered,Debit Card
100398,2025-06-15,2025-06-19,Webcam,Accessories,Tech World,Chennai WH,Mumbai,Wholesale,15,2500,37500,1533,Delivered,Credit Card
100399,2025-11-14,2025-11-19,Webcam,Accessories,XYZ Traders,Delhi WH,Jaipur,Retail,15,2500,37500,2814,Delivered,Credit Card
100400,2025-11-14,2025-11-18,Office Chair,Furniture,ABC Suppliers,Delhi WH,Ahmedabad,Wholesale,1,8500,8500,1953,In Transit,Cash
100401,2025-05-17,2025-05-22,Printer,Office Supplies,ABC Suppliers,Bangalore WH,Ahmedabad,Wholesale,8,15000,120000,2512,Delivered,Debit Card
100402,2025-08-26,2025-08-27,Desktop,Electronics,Tech World,Bangalore WH,Chennai,Wholesale,1,45000,45000,2998,Delivered,Net Banking
100403,2025-09-21,2025-09-27,Switch,Networking,ABC Suppliers,Hyderabad WH,Bangalore,Retail,10,6000,60000,1876,Delivered,Debit Card
100404,2025-06-08,2025-06-12,Keyboard,Accessories,Global Supply,Hyderabad WH,Pune,Wholesale,17,900,15300,1361,Cancelled,Debit Card
100405,2025-10-21,2025-10-23,Router,Networking,Prime Distributors,Mumbai WH,Lucknow,Retail,6,3500,21000,1086,Delivered,Net Banking
100406,2025-01-11,2025-01-18,Keyboard,Accessories,Global Supply,Delhi WH,Jaipur,Wholesale,13,900,11700,1878,Delivered,Cash
100407,2025-08-08,2025-08-15,Keyboard,Accessories,ABC Suppliers,Mumbai WH,Pune,Wholesale,14,900,12600,495,In Transit,Cash
100408,2025-03-03,2025-03-10,SSD,Storage,Global Supply,Chennai WH,Jaipur,Wholesale,17,5500,93500,1111,Delayed,Cash
100409,2025-09-22,2025-09-29,SSD,Storage,Tech World,Chennai WH,Jaipur,Retail,11,5500,60500,1742,Delivered,Credit Card
100410,2025-05-02,2025-05-04,Hard Disk,Storage,Prime Distributors,Chennai WH,Bangalore,Wholesale,18,4200,75600,1881,Delivered,Cash
100411,2025-03-23,2025-03-26,Hard Disk,Storage,Tech World,Hyderabad WH,Bangalore,Wholesale,1,4200,4200,2844,In Transit,UPI
100412,2025-12-10,2025-12-13,Office Desk,Furniture,ABC Suppliers,Chennai WH,Kolkata,Wholesale,19,15000,285000,233,Delivered,Cash
100413,2025-05-08,2025-05-14,SSD,Storage,ABC Suppliers,Bangalore WH,Hyderabad,Retail,9,5500,49500,1352,Delivered,Cash
100414,2025-11-06,2025-11-11,Webcam,Accessories,ABC Suppliers,Mumbai WH,Jaipur,Retail,11,2500,27500,1941,Delivered,Net Banking
100415,2025-11-19,2025-11-21,Webcam,Accessories,ABC Suppliers,Hyderabad WH,Kolkata,Wholesale,11,2500,27500,413,Delivered,Cash
100416,2025-04-09,2025-04-10,Projector,Electronics,Prime Distributors,Bangalore WH,Pune,Wholesale,12,40000,480000,2940,In Transit,Cash
100417,2025-01-11,2025-01-18,Projector,Electronics,XYZ Traders,Mumbai WH,Chennai,Wholesale,7,40000,280000,2379,In Transit,Credit Card
100418,2025-08-15,2025-08-19,Scanner,Office Supplies,ABC Suppliers,Chennai WH,Ahmedabad,Retail,14,12000,168000,1225,In Transit,Cash
100419,2025-09-16,2025-09-17,Laptop,Electronics,XYZ Traders,Hyderabad WH,Pune,Retail,4,55000,220000,372,Cancelled,Credit Card
100420,2025-04-21,2025-04-26,Webcam,Accessories,Tech World,Mumbai WH,Hyderabad,Retail,5,2500,12500,875,Delivered,Cash
100421,2025-08-04,2025-08-07,Monitor,Electronics,Global Supply,Mumbai WH,Pune,Retail,6,12000,72000,2529,Delivered,Cash
100422,2025-02-23,2025-03-02,SSD,Storage,Tech World,Hyderabad WH,Lucknow,Retail,17,5500,93500,442,Delivered,Credit Card
100423,2025-03-17,2025-03-22,Desktop,Electronics,XYZ Traders,Bangalore WH,Bangalore,Wholesale,8,45000,360000,2217,Delivered,Net Banking
100424,2025-10-16,2025-10-17,Laptop,Electronics,Tech World,Delhi WH,Delhi,Wholesale,13,55000,715000,1749,In Transit,UPI
100425,2025-02-09,2025-02-15,Monitor,Electronics,Prime Distributors,Mumbai WH,Delhi,Wholesale,2,12000,24000,2537,Delivered,Debit Card
100426,2025-08-17,2025-08-19,Hard Disk,Storage,XYZ Traders,Chennai WH,Lucknow,Retail,17,4200,71400,654,Delivered,Cash
100427,2025-05-30,2025-06-05,Printer,Office Supplies,Prime Distributors,Chennai WH,Bangalore,Retail,12,15000,180000,2972,Delivered,UPI
100428,2025-11-09,2025-11-15,Webcam,Accessories,Global Supply,Bangalore WH,Chennai,Retail,17,2500,42500,1344,Delivered,Credit Card
100429,2025-07-15,2025-07-17,SSD,Storage,Global Supply,Mumbai WH,Hyderabad,Wholesale,12,5500,66000,602,Delivered,UPI
100430,2025-10-26,2025-11-02,Office Chair,Furniture,Tech World,Chennai WH,Kolkata,Retail,20,8500,170000,2656,In Transit,Cash
100431,2025-10-16,2025-10-22,Laptop,Electronics,Tech World,Mumbai WH,Mumbai,Wholesale,14,55000,770000,1209,In Transit,Debit Card
100432,2025-02-06,2025-02-13,Router,Networking,ABC Suppliers,Hyderabad WH,Bangalore,Retail,20,3500,70000,2041,In Transit,Debit Card
100433,2025-05-25,2025-06-01,Monitor,Electronics,Prime Distributors,Hyderabad WH,Chennai,Wholesale,13,12000,156000,2565,Delivered,Debit Card
100434,2025-11-04,2025-11-08,Keyboard,Accessories,XYZ Traders,Bangalore WH,Delhi,Retail,10,900,9000,1849,Delivered,Credit Card
100435,2025-09-06,2025-09-09,Laptop,Electronics,XYZ Traders,Chennai WH,Bangalore,Wholesale,5,55000,275000,2765,Delivered,Debit Card
100436,2025-07-18,2025-07-25,Webcam,Accessories,Prime Distributors,Hyderabad WH,Hyderabad,Wholesale,12,2500,30000,1312,Delivered,UPI
100437,2025-08-12,2025-08-14,Printer,Office Supplies,Prime Distributors,Mumbai WH,Hyderabad,Wholesale,3,15000,45000,438,Delivered,Credit Card
100438,2025-10-10,2025-10-12,Printer,Office Supplies,XYZ Traders,Chennai WH,Delhi,Retail,11,15000,165000,2400,Delivered,UPI
100439,2025-12-21,2025-12-28,Router,Networking,Global Supply,Mumbai WH,Ahmedabad,Retail,18,3500,63000,2308,Delivered,Credit Card
100440,2025-05-25,2025-05-30,Keyboard,Accessories,Prime Distributors,Hyderabad WH,Pune,Wholesale,9,900,8100,1061,Cancelled,Debit Card
100441,2025-09-07,2025-09-14,Hard Disk,Storage,Global Supply,Hyderabad WH,Mumbai,Retail,7,4200,29400,2768,Delivered,Credit Card
100442,2025-08-21,2025-08-23,Switch,Networking,Global Supply,Mumbai WH,Bangalore,Retail,17,6000,102000,1731,Cancelled,Debit Card
100443,2025-01-02,2025-01-07,Scanner,Office Supplies,Tech World,Bangalore WH,Jaipur,Wholesale,4,12000,48000,1101,Delivered,Net Banking
100444,2025-12-02,2025-12-03,Webcam,Accessories,XYZ Traders,Bangalore WH,Jaipur,Retail,13,2500,32500,2488,Delivered,Net Banking
100445,2025-10-04,2025-10-09,Office Chair,Furniture,Prime Distributors,Hyderabad WH,Delhi,Retail,17,8500,144500,1216,Delayed,UPI
100446,2025-01-05,2025-01-07,Office Chair,Furniture,Global Supply,Bangalore WH,Bangalore,Retail,19,8500,161500,2063,Delivered,Credit Card
100447,2025-10-12,2025-10-13,Printer,Office Supplies,Prime Distributors,Bangalore WH,Hyderabad,Retail,13,15000,195000,1256,Delivered,UPI
100448,2025-12-24,2025-12-27,Printer,Office Supplies,Global Supply,Chennai WH,Pune,Retail,3,15000,45000,857,Delivered,Debit Card
100449,2025-01-25,2025-01-30,Printer,Office Supplies,ABC Suppliers,Mumbai WH,Delhi,Retail,4,15000,60000,408,Delivered,Cash
100450,2025-03-04,2025-03-06,Router,Networking,XYZ Traders,Delhi WH,Jaipur,Retail,3,3500,10500,1272,Delivered,Credit Card
100451,2025-07-17,2025-07-24,Office Chair,Furniture,ABC Suppliers,Delhi WH,Lucknow,Retail,6,8500,51000,953,Delivered,Net Banking
100452,2025-11-30,2025-12-04,Printer,Office Supplies,XYZ Traders,Bangalore WH,Ahmedabad,Retail,2,15000,30000,1291,Delivered,Credit Card
100453,2025-09-18,2025-09-23,SSD,Storage,Tech World,Chennai WH,Lucknow,Wholesale,7,5500,38500,2270,Delivered,UPI
100454,2025-02-06,2025-02-12,Laptop,Electronics,Tech World,Mumbai WH,Bangalore,Retail,10,55000,550000,1724,In Transit,Debit Card
100455,2025-07-23,2025-07-25,Projector,Electronics,XYZ Traders,Mumbai WH,Bangalore,Wholesale,2,40000,80000,588,Delivered,Credit Card
100456,2025-03-22,2025-03-29,Monitor,Electronics,Prime Distributors,Bangalore WH,Mumbai,Retail,9,12000,108000,1312,Delivered,Debit Card
100457,2025-04-05,2025-04-10,Projector,Electronics,XYZ Traders,Mumbai WH,Hyderabad,Wholesale,9,40000,360000,1677,Delivered,Credit Card
100458,2025-01-21,2025-01-22,Monitor,Electronics,Tech World,Delhi WH,Ahmedabad,Retail,3,12000,36000,635,Delivered,UPI
100459,2025-03-16,2025-03-20,Office Chair,Furniture,ABC Suppliers,Delhi WH,Lucknow,Wholesale,8,8500,68000,886,Delivered,Cash
100460,2025-08-01,2025-08-06,Projector,Electronics,Tech World,Chennai WH,Mumbai,Retail,17,40000,680000,1771,Delivered,Cash
100461,2025-03-18,2025-03-23,Router,Networking,Global Supply,Chennai WH,Kolkata,Retail,19,3500,66500,1081,Delivered,UPI
100462,2025-02-13,2025-02-14,Desktop,Electronics,Global Supply,Chennai WH,Bangalore,Retail,12,45000,540000,389,Delivered,Credit Card
100463,2025-02-01,2025-02-06,Mouse,Accessories,ABC Suppliers,Hyderabad WH,Pune,Wholesale,14,700,9800,1718,In Transit,UPI
100464,2025-01-05,2025-01-09,Switch,Networking,Tech World,Mumbai WH,Chennai,Wholesale,17,6000,102000,1891,Delivered,Debit Card
100465,2025-09-28,2025-10-01,Office Desk,Furniture,Prime Distributors,Hyderabad WH,Pune,Retail,9,15000,135000,716,Delivered,Credit Card
100466,2025-07-03,2025-07-07,Desktop,Electronics,Prime Distributors,Hyderabad WH,Lucknow,Wholesale,10,45000,450000,888,Delivered,Debit Card
100467,2025-12-30,2026-01-04,Office Chair,Furniture,Tech World,Mumbai WH,Jaipur,Retail,17,8500,144500,775,Delivered,Net Banking
100468,2025-04-07,2025-04-08,Keyboard,Accessories,Tech World,Bangalore WH,Lucknow,Wholesale,16,900,14400,1124,In Transit,Debit Card
100469,2025-03-12,2025-03-17,Desktop,Electronics,Tech World,Mumbai WH,Jaipur,Wholesale,12,45000,540000,2228,Delivered,Cash
100470,2025-02-17,2025-02-22,Hard Disk,Storage,Prime Distributors,Mumbai WH,Mumbai,Retail,12,4200,50400,1254,Delivered,UPI
100471,2025-09-08,2025-09-15,Monitor,Electronics,ABC Suppliers,Bangalore WH,Pune,Wholesale,5,12000,60000,1140,Delivered,Debit Card
100472,2025-12-07,2025-12-08,Hard Disk,Storage,Global Supply,Hyderabad WH,Jaipur,Wholesale,20,4200,84000,745,Delivered,Credit Card
100473,2025-05-29,2025-05-30,Office Chair,Furniture,XYZ Traders,Bangalore WH,Ahmedabad,Retail,6,8500,51000,2040,Delivered,Net Banking
100474,2025-09-24,2025-09-25,Keyboard,Accessories,XYZ Traders,Delhi WH,Ahmedabad,Wholesale,19,900,17100,2822,Delivered,Cash
100475,2025-02-19,2025-02-26,Desktop,Electronics,Tech World,Hyderabad WH,Mumbai,Retail,11,45000,495000,1320,Delivered,Net Banking
100476,2025-01-05,2025-01-09,Router,Networking,Tech World,Hyderabad WH,Kolkata,Retail,11,3500,38500,2597,Delivered,UPI
100477,2025-02-28,2025-03-05,Keyboard,Accessories,XYZ Traders,Mumbai WH,Delhi,Wholesale,17,900,15300,2904,Delivered,Net Banking
100478,2025-10-19,2025-10-25,Switch,Networking,Tech World,Delhi WH,Lucknow,Wholesale,13,6000,78000,860,Delivered,Cash
100479,2025-04-03,2025-04-09,Monitor,Electronics,ABC Suppliers,Delhi WH,Kolkata,Retail,19,12000,228000,2810,Delivered,Cash
100480,2025-09-09,2025-09-12,Office Chair,Furniture,Tech World,Hyderabad WH,Delhi,Wholesale,9,8500,76500,402,In Transit,Debit Card
100481,2025-10-08,2025-10-09,Mouse,Accessories,Prime Distributors,Hyderabad WH,Hyderabad,Retail,2,700,1400,1051,Delivered,Cash
100482,2025-04-30,2025-05-02,Office Chair,Furniture,ABC Suppliers,Bangalore WH,Bangalore,Retail,18,8500,153000,1779,Delivered,Debit Card
100483,2025-02-27,2025-03-01,SSD,Storage,XYZ Traders,Hyderabad WH,Chennai,Retail,13,5500,71500,782,Delivered,Net Banking
100484,2025-02-20,2025-02-27,Keyboard,Accessories,XYZ Traders,Delhi WH,Delhi,Retail,8,900,7200,508,Delivered,Debit Card
100485,2025-11-03,2025-11-05,Projector,Electronics,XYZ Traders,Mumbai WH,Lucknow,Retail,6,40000,240000,2702,Delivered,Cash
100486,2025-08-31,2025-09-04,Printer,Office Supplies,Tech World,Chennai WH,Delhi,Wholesale,4,15000,60000,2439,Cancelled,Cash
100487,2025-07-17,2025-07-24,Keyboard,Accessories,XYZ Traders,Bangalore WH,Mumbai,Retail,3,900,2700,2532,Cancelled,Credit Card
100488,2025-07-17,2025-07-23,Webcam,Accessories,Prime Distributors,Hyderabad WH,Mumbai,Wholesale,8,2500,20000,2673,Delivered,UPI
100489,2025-04-12,2025-04-17,Keyboard,Accessories,Prime Distributors,Chennai WH,Mumbai,Retail,19,900,17100,1317,Delivered,Net Banking
100490,2025-10-21,2025-10-23,Switch,Networking,Prime Distributors,Bangalore WH,Pune,Retail,17,6000,102000,2834,Delivered,Debit Card
100491,2025-03-04,2025-03-07,Office Desk,Furniture,Tech World,Hyderabad WH,Lucknow,Retail,9,15000,135000,500,Delivered,Credit Card
100492,2025-11-19,2025-11-20,Keyboard,Accessories,Prime Distributors,Delhi WH,Lucknow,Retail,19,900,17100,433,Delivered,UPI
100493,2025-05-24,2025-05-28,Keyboard,Accessories,XYZ Traders,Chennai WH,Bangalore,Wholesale,11,900,9900,2464,Delivered,Cash
100494,2025-01-19,2025-01-24,Printer,Office Supplies,Global Supply,Mumbai WH,Jaipur,Wholesale,9,15000,135000,2572,Delivered,Debit Card
100495,2025-07-11,2025-07-13,Scanner,Office Supplies,Prime Distributors,Delhi WH,Mumbai,Wholesale,4,12000,48000,2237,Delayed,Debit Card
100496,2025-05-25,2025-05-27,SSD,Storage,XYZ Traders,Hyderabad WH,Jaipur,Retail,4,5500,22000,1529,Delivered,Cash
100497,2025-06-14,2025-06-20,Office Desk,Furniture,Prime Distributors,Mumbai WH,Kolkata,Wholesale,7,15000,105000,1678,In Transit,UPI
100498,2025-03-31,2025-04-03,SSD,Storage,ABC Suppliers,Mumbai WH,Hyderabad,Wholesale,18,5500,99000,258,In Transit,Credit Card
100499,2025-06-27,2025-06-29,SSD,Storage,Tech World,Bangalore WH,Lucknow,Retail,8,5500,44000,718,Delivered,Net Banking
100500,2025-08-27,2025-09-01,Keyboard,Accessories,Prime Distributors,Bangalore WH,Delhi,Wholesale,4,900,3600,917,Delivered,Debit Card
100501,2025-05-18,2025-05-19,Printer,Office Supplies,Prime Distributors,Chennai WH,Bangalore,Retail,4,15000,60000,1872,Delivered,Cash
100502,2025-09-26,2025-10-02,Office Chair,Furniture,Global Supply,Delhi WH,Lucknow,Wholesale,14,8500,119000,2557,Delivered,Debit Card
100503,2025-06-17,2025-06-18,Office Chair,Furniture,XYZ Traders,Bangalore WH,Hyderabad,Retail,13,8500,110500,2267,Delivered,Debit Card
100504,2025-03-07,2025-03-08,Laptop,Electronics,Global Supply,Chennai WH,Lucknow,Wholesale,10,55000,550000,1048,Delivered,Debit Card
100505,2025-02-16,2025-02-23,Webcam,Accessories,Prime Distributors,Chennai WH,Bangalore,Retail,5,2500,12500,2937,Delivered,Credit Card
100506,2025-07-31,2025-08-05,Router,Networking,XYZ Traders,Bangalore WH,Mumbai,Retail,2,3500,7000,2946,In Transit,Credit Card
100507,2025-09-15,2025-09-16,SSD,Storage,XYZ Traders,Chennai WH,Ahmedabad,Wholesale,18,5500,99000,1693,Delivered,Credit Card
100508,2025-12-23,2025-12-29,Office Desk,Furniture,Prime Distributors,Delhi WH,Chennai,Wholesale,1,15000,15000,2458,Cancelled,Credit Card
100509,2025-02-12,2025-02-13,Keyboard,Accessories,Tech World,Bangalore WH,Lucknow,Retail,19,900,17100,1682,Delayed,Debit Card
100510,2025-02-22,2025-02-25,Router,Networking,XYZ Traders,Delhi WH,Pune,Wholesale,12,3500,42000,2662,Delivered,Net Banking
100511,2025-10-14,2025-10-15,Keyboard,Accessories,XYZ Traders,Hyderabad WH,Chennai,Retail,3,900,2700,2091,Delivered,Debit Card
100512,2025-11-01,2025-11-03,Mouse,Accessories,Global Supply,Bangalore WH,Chennai,Retail,18,700,12600,489,Delivered,UPI
100513,2025-08-26,2025-08-27,Router,Networking,Tech World,Mumbai WH,Jaipur,Wholesale,15,3500,52500,832,In Transit,Net Banking
100514,2025-07-24,2025-07-27,Scanner,Office Supplies,ABC Suppliers,Mumbai WH,Mumbai,Wholesale,7,12000,84000,471,Delivered,Net Banking
100515,2025-07-08,2025-07-12,Projector,Electronics,XYZ Traders,Bangalore WH,Bangalore,Retail,15,40000,600000,2329,Delivered,UPI
100516,2025-02-06,2025-02-07,SSD,Storage,Prime Distributors,Bangalore WH,Lucknow,Retail,16,5500,88000,1920,Cancelled,UPI
100517,2025-09-01,2025-09-07,Projector,Electronics,Prime Distributors,Chennai WH,Delhi,Retail,9,40000,360000,1683,Delivered,Debit Card
100518,2025-11-18,2025-11-21,Monitor,Electronics,XYZ Traders,Delhi WH,Hyderabad,Retail,19,12000,228000,2952,Delivered,Credit Card
100519,2025-05-03,2025-05-06,Router,Networking,Tech World,Mumbai WH,Chennai,Wholesale,1,3500,3500,417,In Transit,UPI
100520,2025-10-21,2025-10-27,Printer,Office Supplies,Prime Distributors,Mumbai WH,Lucknow,Retail,5,15000,75000,1065,Delivered,Net Banking
100521,2025-06-11,2025-06-17,Webcam,Accessories,Tech World,Delhi WH,Lucknow,Wholesale,7,2500,17500,1621,Delivered,Credit Card
100522,2025-12-19,2025-12-21,Office Desk,Furniture,XYZ Traders,Bangalore WH,Delhi,Wholesale,14,15000,210000,2296,Delivered,Net Banking
100523,2025-03-03,2025-03-08,Laptop,Electronics,XYZ Traders,Bangalore WH,Hyderabad,Wholesale,5,55000,275000,2850,Delivered,Net Banking
100524,2025-04-05,2025-04-08,Hard Disk,Storage,Tech World,Delhi WH,Delhi,Retail,15,4200,63000,2674,Delivered,Net Banking
100525,2025-07-05,2025-07-12,Desktop,Electronics,Prime Distributors,Chennai WH,Mumbai,Wholesale,14,45000,630000,2212,In Transit,Net Banking
100526,2025-12-27,2025-12-31,Scanner,Office Supplies,ABC Suppliers,Mumbai WH,Lucknow,Retail,6,12000,72000,446,Delivered,Cash
100527,2025-07-14,2025-07-19,Switch,Networking,Global Supply,Delhi WH,Delhi,Retail,7,6000,42000,2284,Delivered,Credit Card
100528,2025-03-09,2025-03-12,SSD,Storage,Tech World,Delhi WH,Jaipur,Retail,9,5500,49500,2641,Delivered,Debit Card
100529,2025-11-08,2025-11-14,Desktop,Electronics,XYZ Traders,Hyderabad WH,Delhi,Wholesale,6,45000,270000,2764,Delayed,Debit Card
100530,2025-03-29,2025-03-30,Monitor,Electronics,Tech World,Chennai WH,Mumbai,Wholesale,16,12000,192000,2428,Cancelled,Credit Card
100531,2025-12-21,2025-12-25,Keyboard,Accessories,XYZ Traders,Bangalore WH,Lucknow,Wholesale,17,900,15300,1302,In Transit,UPI
100532,2025-05-17,2025-05-24,Office Desk,Furniture,Prime Distributors,Mumbai WH,Lucknow,Wholesale,16,15000,240000,2401,Delivered,Credit Card
100533,2025-12-31,2026-01-03,Printer,Office Supplies,Prime Distributors,Bangalore WH,Delhi,Retail,4,15000,60000,1763,In Transit,UPI
100534,2025-02-05,2025-02-12,Webcam,Accessories,Global Supply,Delhi WH,Hyderabad,Wholesale,10,2500,25000,1078,Delivered,Net Banking
100535,2025-01-02,2025-01-04,Monitor,Electronics,XYZ Traders,Chennai WH,Lucknow,Retail,10,12000,120000,889,Delivered,Net Banking
100536,2025-10-04,2025-10-06,Printer,Office Supplies,ABC Suppliers,Hyderabad WH,Pune,Wholesale,17,15000,255000,2773,Delivered,Cash
100537,2025-09-03,2025-09-08,Switch,Networking,ABC Suppliers,Mumbai WH,Kolkata,Retail,2,6000,12000,1990,Delivered,UPI
100538,2025-01-04,2025-01-07,Printer,Office Supplies,Tech World,Mumbai WH,Jaipur,Wholesale,4,15000,60000,981,Delivered,Cash
100539,2025-11-28,2025-12-03,Hard Disk,Storage,Global Supply,Delhi WH,Bangalore,Wholesale,6,4200,25200,1262,Delivered,Net Banking
100540,2025-09-13,2025-09-14,Router,Networking,ABC Suppliers,Mumbai WH,Chennai,Retail,3,3500,10500,2509,Delivered,Debit Card
100541,2025-12-20,2025-12-25,Hard Disk,Storage,XYZ Traders,Delhi WH,Chennai,Retail,2,4200,8400,592,In Transit,Credit Card
100542,2025-05-20,2025-05-24,Keyboard,Accessories,Prime Distributors,Delhi WH,Ahmedabad,Wholesale,5,900,4500,2826,Delivered,UPI
100543,2025-01-17,2025-01-19,Office Desk,Furniture,Tech World,Hyderabad WH,Ahmedabad,Retail,14,15000,210000,1403,Delivered,Net Banking
100544,2025-08-27,2025-08-31,Keyboard,Accessories,Tech World,Chennai WH,Bangalore,Wholesale,15,900,13500,508,Delayed,UPI
100545,2025-12-26,2026-01-01,Keyboard,Accessories,Tech World,Mumbai WH,Delhi,Wholesale,9,900,8100,1005,Delivered,Debit Card
100546,2025-11-05,2025-11-08,Projector,Electronics,Prime Distributors,Delhi WH,Ahmedabad,Wholesale,8,40000,320000,1424,Delivered,Debit Card
100547,2025-08-07,2025-08-10,Keyboard,Accessories,Tech World,Bangalore WH,Pune,Retail,20,900,18000,251,Delivered,Credit Card
100548,2025-10-08,2025-10-11,Office Chair,Furniture,Prime Distributors,Mumbai WH,Bangalore,Retail,7,8500,59500,1512,Cancelled,UPI
100549,2025-09-19,2025-09-22,Webcam,Accessories,Tech World,Bangalore WH,Jaipur,Retail,6,2500,15000,441,Delivered,UPI
100550,2025-09-24,2025-09-27,Scanner,Office Supplies,XYZ Traders,Hyderabad WH,Mumbai,Wholesale,3,12000,36000,1609,Delivered,UPI
100551,2025-07-13,2025-07-20,Router,Networking,XYZ Traders,Bangalore WH,Chennai,Wholesale,13,3500,45500,2083,Delivered,UPI
100552,2025-11-25,2025-12-01,Monitor,Electronics,Prime Distributors,Mumbai WH,Mumbai,Wholesale,9,12000,108000,1468,Delivered,Net Banking
100553,2025-11-20,2025-11-26,Hard Disk,Storage,Tech World,Hyderabad WH,Lucknow,Retail,9,4200,37800,1086,Delivered,Cash
100554,2025-06-06,2025-06-12,Switch,Networking,XYZ Traders,Delhi WH,Kolkata,Retail,15,6000,90000,2330,Delivered,UPI
100555,2025-06-18,2025-06-22,Scanner,Office Supplies,Tech World,Hyderabad WH,Delhi,Wholesale,14,12000,168000,317,Delivered,Debit Card
100556,2025-06-14,2025-06-15,Office Desk,Furniture,XYZ Traders,Mumbai WH,Pune,Wholesale,8,15000,120000,2384,Delivered,Cash
100557,2025-03-06,2025-03-13,Mouse,Accessories,ABC Suppliers,Delhi WH,Kolkata,Wholesale,1,700,700,1600,Delivered,Debit Card
100558,2025-07-09,2025-07-13,Mouse,Accessories,Global Supply,Chennai WH,Chennai,Wholesale,17,700,11900,1906,Delivered,Net Banking
100559,2025-12-08,2025-12-12,Laptop,Electronics,Prime Distributors,Mumbai WH,Mumbai,Wholesale,9,55000,495000,2602,Delivered,UPI
100560,2025-06-05,2025-06-12,Printer,Office Supplies,XYZ Traders,Delhi WH,Kolkata,Wholesale,10,15000,150000,2314,In Transit,Debit Card
100561,2025-12-10,2025-12-17,Monitor,Electronics,Global Supply,Hyderabad WH,Pune,Retail,18,12000,216000,1467,Delivered,Credit Card
100562,2025-10-21,2025-10-28,Office Chair,Furniture,Tech World,Delhi WH,Pune,Wholesale,5,8500,42500,2304,Cancelled,UPI
100563,2025-06-21,2025-06-22,Scanner,Office Supplies,XYZ Traders,Hyderabad WH,Jaipur,Retail,19,12000,228000,2240,Delivered,Debit Card
100564,2025-07-29,2025-08-02,SSD,Storage,XYZ Traders,Chennai WH,Hyderabad,Wholesale,11,5500,60500,592,Delivered,UPI
100565,2025-10-31,2025-11-03,Scanner,Office Supplies,Global Supply,Chennai WH,Chennai,Retail,8,12000,96000,1326,In Transit,Net Banking
100566,2025-07-13,2025-07-16,Monitor,Electronics,Prime Distributors,Bangalore WH,Chennai,Retail,16,12000,192000,2943,Delayed,Credit Card
100567,2025-09-29,2025-10-05,Scanner,Office Supplies,Tech World,Delhi WH,Chennai,Wholesale,1,12000,12000,825,Delivered,Net Banking
100568,2025-04-17,2025-04-20,Laptop,Electronics,XYZ Traders,Hyderabad WH,Kolkata,Wholesale,7,55000,385000,2291,Delivered,Credit Card
100569,2025-08-22,2025-08-23,SSD,Storage,ABC Suppliers,Chennai WH,Mumbai,Wholesale,19,5500,104500,509,Delivered,Debit Card
100570,2025-11-05,2025-11-11,Printer,Office Supplies,ABC Suppliers,Hyderabad WH,Chennai,Wholesale,10,15000,150000,2313,Delivered,Debit Card
100571,2025-10-12,2025-10-16,Router,Networking,Tech World,Bangalore WH,Pune,Retail,1,3500,3500,2085,In Transit,Credit Card
100572,2025-10-22,2025-10-26,Office Desk,Furniture,XYZ Traders,Hyderabad WH,Bangalore,Wholesale,15,15000,225000,644,Delivered,Debit Card
100573,2025-07-21,2025-07-23,Mouse,Accessories,ABC Suppliers,Chennai WH,Jaipur,Retail,9,700,6300,2087,Delivered,UPI
100574,2025-10-16,2025-10-23,Desktop,Electronics,XYZ Traders,Mumbai WH,Kolkata,Wholesale,14,45000,630000,1982,Delivered,UPI
100575,2025-01-01,2025-01-07,Hard Disk,Storage,Tech World,Mumbai WH,Mumbai,Retail,18,4200,75600,1581,Delivered,Debit Card
100576,2025-01-31,2025-02-02,Desktop,Electronics,ABC Suppliers,Delhi WH,Hyderabad,Retail,20,45000,900000,1458,Delivered,Net Banking
100577,2025-04-29,2025-05-06,Laptop,Electronics,ABC Suppliers,Chennai WH,Hyderabad,Retail,13,55000,715000,216,Delivered,Cash
100578,2025-04-23,2025-04-30,Hard Disk,Storage,XYZ Traders,Chennai WH,Delhi,Wholesale,1,4200,4200,997,Delivered,UPI
100579,2025-10-20,2025-10-24,Printer,Office Supplies,XYZ Traders,Bangalore WH,Delhi,Retail,14,15000,210000,1435,Delayed,Debit Card
100580,2025-12-19,2025-12-21,Switch,Networking,XYZ Traders,Hyderabad WH,Chennai,Wholesale,9,6000,54000,1232,In Transit,Net Banking
100581,2025-10-23,2025-10-27,Hard Disk,Storage,ABC Suppliers,Bangalore WH,Delhi,Wholesale,20,4200,84000,1080,Delivered,Credit Card
100582,2025-09-05,2025-09-08,Scanner,Office Supplies,ABC Suppliers,Hyderabad WH,Lucknow,Wholesale,3,12000,36000,2797,Delivered,UPI
100583,2025-03-17,2025-03-22,SSD,Storage,ABC Suppliers,Mumbai WH,Lucknow,Retail,18,5500,99000,2054,Delivered,UPI
100584,2025-10-17,2025-10-23,Scanner,Office Supplies,XYZ Traders,Bangalore WH,Hyderabad,Retail,18,12000,216000,1293,Delivered,Credit Card
100585,2025-01-30,2025-02-01,Desktop,Electronics,Global Supply,Chennai WH,Jaipur,Wholesale,11,45000,495000,2953,Delivered,Debit Card
100586,2025-06-11,2025-06-15,Mouse,Accessories,XYZ Traders,Bangalore WH,Pune,Wholesale,18,700,12600,2535,Delivered,Net Banking
100587,2025-04-24,2025-04-25,Keyboard,Accessories,Prime Distributors,Mumbai WH,Hyderabad,Wholesale,6,900,5400,442,Delivered,Debit Card
100588,2025-06-30,2025-07-04,Webcam,Accessories,Prime Distributors,Chennai WH,Bangalore,Wholesale,18,2500,45000,1073,Delivered,Net Banking
100589,2025-03-25,2025-03-30,Printer,Office Supplies,ABC Suppliers,Chennai WH,Ahmedabad,Wholesale,20,15000,300000,209,Delayed,Cash
100590,2025-03-26,2025-03-27,Laptop,Electronics,Global Supply,Mumbai WH,Hyderabad,Retail,16,55000,880000,1064,Delivered,Debit Card
100591,2025-08-19,2025-08-20,Projector,Electronics,Prime Distributors,Mumbai WH,Jaipur,Wholesale,15,40000,600000,2215,Cancelled,Credit Card
100592,2025-03-21,2025-03-27,Switch,Networking,Global Supply,Hyderabad WH,Hyderabad,Wholesale,17,6000,102000,2530,In Transit,Cash
100593,2025-02-17,2025-02-21,Webcam,Accessories,Global Supply,Delhi WH,Delhi,Wholesale,7,2500,17500,1656,Delivered,UPI
100594,2025-08-19,2025-08-21,Switch,Networking,ABC Suppliers,Delhi WH,Pune,Wholesale,18,6000,108000,2424,Delivered,Net Banking
100595,2025-07-10,2025-07-14,Webcam,Accessories,Prime Distributors,Hyderabad WH,Pune,Retail,9,2500,22500,919,Delivered,Debit Card
100596,2025-06-13,2025-06-20,Router,Networking,ABC Suppliers,Mumbai WH,Jaipur,Retail,16,3500,56000,2342,In Transit,Credit Card
100597,2025-02-10,2025-02-17,Hard Disk,Storage,Global Supply,Delhi WH,Ahmedabad,Retail,1,4200,4200,446,Delivered,Credit Card
100598,2025-02-25,2025-02-27,Office Chair,Furniture,Tech World,Bangalore WH,Hyderabad,Wholesale,16,8500,136000,780,Delivered,Net Banking
100599,2025-07-18,2025-07-21,Router,Networking,ABC Suppliers,Bangalore WH,Pune,Wholesale,8,3500,28000,2576,Delivered,UPI
100600,2025-05-13,2025-05-14,Office Chair,Furniture,ABC Suppliers,Mumbai WH,Hyderabad,Retail,6,8500,51000,381,Delivered,Credit Card
100601,2025-02-08,2025-02-10,Laptop,Electronics,XYZ Traders,Chennai WH,Jaipur,Wholesale,4,55000,220000,2158,Delivered,Net Banking
100602,2025-05-12,2025-05-15,Scanner,Office Supplies,ABC Suppliers,Delhi WH,Jaipur,Wholesale,14,12000,168000,408,Delayed,Net Banking
100603,2025-01-27,2025-01-28,Mouse,Accessories,Global Supply,Hyderabad WH,Ahmedabad,Retail,3,700,2100,708,Delivered,Debit Card
100604,2025-02-24,2025-03-03,Hard Disk,Storage,XYZ Traders,Hyderabad WH,Chennai,Retail,18,4200,75600,783,In Transit,Debit Card
100605,2025-09-21,2025-09-24,Switch,Networking,Global Supply,Chennai WH,Delhi,Wholesale,16,6000,96000,451,Delivered,Debit Card
100606,2025-03-28,2025-03-29,Laptop,Electronics,XYZ Traders,Delhi WH,Chennai,Retail,18,55000,990000,2555,Delayed,Net Banking
100607,2025-08-01,2025-08-02,Office Desk,Furniture,Tech World,Delhi WH,Chennai,Wholesale,20,15000,300000,2185,Cancelled,Credit Card
100608,2025-09-04,2025-09-08,Office Desk,Furniture,XYZ Traders,Chennai WH,Kolkata,Retail,7,15000,105000,712,Delivered,Net Banking
100609,2025-11-14,2025-11-15,Hard Disk,Storage,Prime Distributors,Chennai WH,Pune,Wholesale,13,4200,54600,2134,Delivered,Cash
100610,2025-01-26,2025-02-02,Laptop,Electronics,Global Supply,Delhi WH,Jaipur,Retail,17,55000,935000,2141,In Transit,Debit Card
100611,2025-01-01,2025-01-04,Laptop,Electronics,Tech World,Hyderabad WH,Lucknow,Wholesale,19,55000,1045000,442,Delayed,Credit Card
100612,2025-09-23,2025-09-25,Router,Networking,XYZ Traders,Chennai WH,Mumbai,Wholesale,7,3500,24500,2039,Delayed,Debit Card
100613,2025-12-02,2025-12-07,Mouse,Accessories,Prime Distributors,Hyderabad WH,Ahmedabad,Wholesale,19,700,13300,377,Delayed,Cash
100614,2025-05-29,2025-06-02,Scanner,Office Supplies,Tech World,Delhi WH,Jaipur,Retail,19,12000,228000,1819,Delayed,Debit Card
100615,2025-09-15,2025-09-20,Office Chair,Furniture,Prime Distributors,Mumbai WH,Kolkata,Wholesale,15,8500,127500,2606,Delivered,Cash
100616,2025-08-17,2025-08-19,Monitor,Electronics,Prime Distributors,Bangalore WH,Mumbai,Retail,7,12000,84000,2082,In Transit,Debit Card
100617,2025-08-15,2025-08-19,Webcam,Accessories,Tech World,Delhi WH,Hyderabad,Retail,19,2500,47500,2519,Delivered,Credit Card
100618,2025-01-07,2025-01-13,Mouse,Accessories,ABC Suppliers,Chennai WH,Jaipur,Wholesale,15,700,10500,1889,Delivered,UPI
100619,2025-02-25,2025-02-27,Webcam,Accessories,Global Supply,Mumbai WH,Lucknow,Retail,17,2500,42500,606,In Transit,Net Banking
100620,2025-10-20,2025-10-24,Webcam,Accessories,Prime Distributors,Delhi WH,Lucknow,Retail,12,2500,30000,1873,Delivered,Debit Card
100621,2025-05-21,2025-05-26,Projector,Electronics,XYZ Traders,Delhi WH,Kolkata,Retail,9,40000,360000,2079,Cancelled,Net Banking
100622,2025-12-06,2025-12-11,Monitor,Electronics,XYZ Traders,Chennai WH,Bangalore,Retail,20,12000,240000,833,Delivered,Cash
100623,2025-08-01,2025-08-07,Monitor,Electronics,Prime Distributors,Bangalore WH,Ahmedabad,Wholesale,16,12000,192000,1863,Delayed,UPI
100624,2025-09-25,2025-09-28,Projector,Electronics,ABC Suppliers,Hyderabad WH,Kolkata,Wholesale,6,40000,240000,2003,In Transit,UPI
100625,2025-01-11,2025-01-17,Desktop,Electronics,Tech World,Chennai WH,Delhi,Retail,5,45000,225000,1501,In Transit,Debit Card
100626,2025-03-05,2025-03-10,Office Chair,Furniture,Prime Distributors,Bangalore WH,Pune,Wholesale,4,8500,34000,246,Delivered,Credit Card
100627,2025-05-05,2025-05-06,Switch,Networking,XYZ Traders,Chennai WH,Lucknow,Retail,7,6000,42000,2223,Delayed,Cash
100628,2025-12-18,2025-12-20,Desktop,Electronics,Global Supply,Mumbai WH,Bangalore,Retail,2,45000,90000,1065,In Transit,Cash
100629,2025-10-23,2025-10-24,Webcam,Accessories,ABC Suppliers,Bangalore WH,Delhi,Wholesale,4,2500,10000,1576,Delayed,Debit Card
100630,2025-05-27,2025-06-02,Switch,Networking,Global Supply,Bangalore WH,Mumbai,Wholesale,6,6000,36000,1722,Delivered,Cash
100631,2025-07-12,2025-07-14,Scanner,Office Supplies,Tech World,Mumbai WH,Bangalore,Retail,4,12000,48000,963,Delivered,Debit Card
100632,2025-08-04,2025-08-06,Keyboard,Accessories,ABC Suppliers,Delhi WH,Kolkata,Wholesale,19,900,17100,2729,In Transit,Debit Card
100633,2025-04-14,2025-04-16,Monitor,Electronics,Global Supply,Bangalore WH,Chennai,Retail,11,12000,132000,893,Cancelled,Cash
100634,2025-09-04,2025-09-07,Hard Disk,Storage,ABC Suppliers,Chennai WH,Chennai,Wholesale,5,4200,21000,250,Delivered,Cash
100635,2025-12-13,2025-12-17,Keyboard,Accessories,Prime Distributors,Chennai WH,Bangalore,Wholesale,12,900,10800,1753,Delayed,Debit Card
100636,2025-12-27,2025-12-31,Webcam,Accessories,XYZ Traders,Delhi WH,Ahmedabad,Retail,12,2500,30000,1907,Delivered,Debit Card
100637,2025-06-03,2025-06-05,Mouse,Accessories,ABC Suppliers,Mumbai WH,Chennai,Wholesale,1,700,700,2913,In Transit,Cash
100638,2025-11-01,2025-11-06,Printer,Office Supplies,XYZ Traders,Delhi WH,Delhi,Wholesale,10,15000,150000,1683,Delivered,Net Banking
100639,2025-05-14,2025-05-20,Office Desk,Furniture,ABC Suppliers,Bangalore WH,Ahmedabad,Retail,13,15000,195000,2921,Delivered,Cash
100640,2025-11-15,2025-11-19,Switch,Networking,ABC Suppliers,Bangalore WH,Hyderabad,Retail,4,6000,24000,2849,Delivered,Net Banking
100641,2025-07-30,2025-08-05,Switch,Networking,XYZ Traders,Mumbai WH,Mumbai,Wholesale,1,6000,6000,715,Delayed,UPI
100642,2025-04-27,2025-05-03,Scanner,Office Supplies,Global Supply,Hyderabad WH,Hyderabad,Wholesale,6,12000,72000,785,Delivered,Debit Card
100643,2025-11-13,2025-11-20,Scanner,Office Supplies,XYZ Traders,Mumbai WH,Hyderabad,Wholesale,20,12000,240000,411,Delivered,Debit Card
100644,2025-04-30,2025-05-01,Office Chair,Furniture,Prime Distributors,Mumbai WH,Lucknow,Retail,12,8500,102000,1648,Delivered,Debit Card
100645,2025-04-10,2025-04-13,Projector,Electronics,Global Supply,Hyderabad WH,Lucknow,Retail,3,40000,120000,261,Delivered,Cash
100646,2025-12-07,2025-12-08,Keyboard,Accessories,Global Supply,Delhi WH,Hyderabad,Wholesale,13,900,11700,1692,Delivered,UPI
100647,2025-08-24,2025-08-31,Desktop,Electronics,Global Supply,Hyderabad WH,Pune,Retail,16,45000,720000,1266,Delivered,Net Banking
100648,2025-06-21,2025-06-26,Printer,Office Supplies,XYZ Traders,Mumbai WH,Hyderabad,Wholesale,1,15000,15000,1836,Delivered,Net Banking
100649,2025-01-18,2025-01-22,Projector,Electronics,Tech World,Bangalore WH,Delhi,Retail,13,40000,520000,2778,Delivered,Credit Card
100650,2025-02-14,2025-02-17,Scanner,Office Supplies,Tech World,Hyderabad WH,Jaipur,Retail,19,12000,228000,1609,Delivered,Credit Card
100651,2025-05-27,2025-06-01,Office Chair,Furniture,Global Supply,Delhi WH,Ahmedabad,Retail,15,8500,127500,2665,Delivered,UPI
100652,2025-04-12,2025-04-14,Laptop,Electronics,Global Supply,Delhi WH,Jaipur,Retail,4,55000,220000,296,Delayed,Net Banking
100653,2025-08-04,2025-08-08,Router,Networking,Prime Distributors,Delhi WH,Hyderabad,Retail,1,3500,3500,1629,Delivered,Net Banking
100654,2025-01-27,2025-02-02,Router,Networking,Tech World,Chennai WH,Pune,Wholesale,17,3500,59500,1409,Delivered,Net Banking
100655,2025-08-02,2025-08-06,Projector,Electronics,ABC Suppliers,Mumbai WH,Ahmedabad,Wholesale,19,40000,760000,255,Delivered,Credit Card
100656,2025-09-05,2025-09-09,Printer,Office Supplies,ABC Suppliers,Bangalore WH,Lucknow,Wholesale,5,15000,75000,1092,Delayed,Cash
100657,2025-08-08,2025-08-13,Scanner,Office Supplies,Prime Distributors,Bangalore WH,Delhi,Wholesale,11,12000,132000,2821,Delivered,Debit Card
100658,2025-10-30,2025-11-06,Office Desk,Furniture,Tech World,Hyderabad WH,Jaipur,Wholesale,6,15000,90000,2964,Delivered,Net Banking
100659,2025-02-03,2025-02-08,Office Chair,Furniture,Global Supply,Bangalore WH,Jaipur,Wholesale,14,8500,119000,1136,Delivered,Cash
100660,2025-03-01,2025-03-03,Webcam,Accessories,Global Supply,Mumbai WH,Ahmedabad,Retail,3,2500,7500,415,Delivered,UPI
100661,2025-12-19,2025-12-21,Switch,Networking,Prime Distributors,Bangalore WH,Jaipur,Wholesale,20,6000,120000,1348,Delivered,Cash
100662,2025-01-14,2025-01-17,Scanner,Office Supplies,Tech World,Mumbai WH,Mumbai,Retail,17,12000,204000,1194,Delivered,UPI
100663,2025-01-05,2025-01-12,SSD,Storage,XYZ Traders,Bangalore WH,Chennai,Retail,15,5500,82500,1513,In Transit,Cash
100664,2025-04-05,2025-04-12,Desktop,Electronics,Prime Distributors,Chennai WH,Bangalore,Retail,8,45000,360000,2079,Delivered,UPI
100665,2025-08-27,2025-09-01,Monitor,Electronics,ABC Suppliers,Delhi WH,Ahmedabad,Retail,12,12000,144000,752,Delivered,Debit Card
100666,2025-04-01,2025-04-06,Mouse,Accessories,XYZ Traders,Delhi WH,Lucknow,Retail,15,700,10500,445,Delayed,Net Banking
100667,2025-02-17,2025-02-20,Mouse,Accessories,Tech World,Chennai WH,Hyderabad,Retail,17,700,11900,1799,Delivered,Credit Card
100668,2025-02-10,2025-02-16,Router,Networking,XYZ Traders,Hyderabad WH,Mumbai,Retail,14,3500,49000,1693,Delayed,Debit Card
100669,2025-12-28,2025-12-29,Mouse,Accessories,ABC Suppliers,Hyderabad WH,Jaipur,Wholesale,9,700,6300,1992,Delayed,Net Banking
100670,2025-06-08,2025-06-09,Monitor,Electronics,XYZ Traders,Mumbai WH,Bangalore,Retail,15,12000,180000,211,Delivered,Net Banking
100671,2025-04-28,2025-05-05,Laptop,Electronics,XYZ Traders,Mumbai WH,Delhi,Wholesale,20,55000,1100000,1251,Delivered,Cash
100672,2025-10-28,2025-10-30,Scanner,Office Supplies,Global Supply,Mumbai WH,Ahmedabad,Retail,4,12000,48000,1723,Delivered,UPI
100673,2025-03-04,2025-03-11,Monitor,Electronics,Tech World,Chennai WH,Pune,Retail,6,12000,72000,829,In Transit,Net Banking
100674,2025-07-19,2025-07-23,Webcam,Accessories,Global Supply,Chennai WH,Chennai,Wholesale,11,2500,27500,2975,Delivered,Net Banking
100675,2025-05-19,2025-05-25,Monitor,Electronics,Prime Distributors,Chennai WH,Pune,Wholesale,11,12000,132000,876,Cancelled,Cash
100676,2025-01-17,2025-01-18,Office Chair,Furniture,Prime Distributors,Bangalore WH,Bangalore,Wholesale,3,8500,25500,2035,Delivered,Cash
100677,2025-11-14,2025-11-18,Office Desk,Furniture,Tech World,Bangalore WH,Pune,Retail,4,15000,60000,1425,Delayed,Net Banking
100678,2025-12-31,2026-01-07,Laptop,Electronics,Global Supply,Mumbai WH,Mumbai,Retail,10,55000,550000,2098,Delivered,UPI
100679,2025-03-04,2025-03-11,SSD,Storage,Tech World,Mumbai WH,Mumbai,Retail,19,5500,104500,2846,Delivered,Cash
100680,2025-12-03,2025-12-06,Switch,Networking,Prime Distributors,Chennai WH,Jaipur,Wholesale,10,6000,60000,838,Delayed,Debit Card
100681,2025-08-04,2025-08-07,Keyboard,Accessories,Tech World,Bangalore WH,Bangalore,Wholesale,2,900,1800,1407,Delivered,Credit Card
100682,2025-06-11,2025-06-12,Scanner,Office Supplies,Tech World,Hyderabad WH,Chennai,Wholesale,2,12000,24000,941,Delayed,Credit Card
100683,2025-01-27,2025-01-28,Office Desk,Furniture,XYZ Traders,Mumbai WH,Chennai,Wholesale,20,15000,300000,1580,Delivered,Credit Card
100684,2025-05-24,2025-05-30,Keyboard,Accessories,XYZ Traders,Hyderabad WH,Mumbai,Retail,7,900,6300,2000,Delivered,Debit Card
100685,2025-12-03,2025-12-08,Laptop,Electronics,Tech World,Mumbai WH,Lucknow,Wholesale,10,55000,550000,1342,In Transit,UPI
100686,2025-06-13,2025-06-16,Printer,Office Supplies,ABC Suppliers,Delhi WH,Bangalore,Retail,10,15000,150000,2017,In Transit,Cash
100687,2025-04-25,2025-04-27,Switch,Networking,ABC Suppliers,Delhi WH,Ahmedabad,Retail,17,6000,102000,2792,Delayed,Credit Card
100688,2025-09-01,2025-09-05,Hard Disk,Storage,Global Supply,Bangalore WH,Kolkata,Retail,13,4200,54600,762,Delivered,UPI
100689,2025-04-28,2025-05-04,Scanner,Office Supplies,XYZ Traders,Chennai WH,Mumbai,Wholesale,1,12000,12000,735,Delayed,Cash
100690,2025-05-16,2025-05-22,Router,Networking,XYZ Traders,Chennai WH,Kolkata,Wholesale,15,3500,52500,635,Delivered,Credit Card
100691,2025-11-01,2025-11-05,Monitor,Electronics,Prime Distributors,Delhi WH,Pune,Retail,7,12000,84000,480,Delivered,UPI
100692,2025-12-04,2025-12-09,Office Chair,Furniture,ABC Suppliers,Chennai WH,Lucknow,Wholesale,9,8500,76500,2679,Delivered,UPI
100693,2025-05-01,2025-05-07,Hard Disk,Storage,ABC Suppliers,Bangalore WH,Hyderabad,Wholesale,18,4200,75600,274,Delivered,Credit Card
100694,2025-05-30,2025-06-05,Projector,Electronics,Global Supply,Hyderabad WH,Mumbai,Wholesale,1,40000,40000,545,Delivered,UPI
100695,2025-07-29,2025-08-03,Monitor,Electronics,ABC Suppliers,Mumbai WH,Ahmedabad,Wholesale,13,12000,156000,509,Delivered,UPI
100696,2025-05-11,2025-05-14,Mouse,Accessories,Prime Distributors,Delhi WH,Chennai,Wholesale,13,700,9100,1940,In Transit,Debit Card
100697,2025-04-04,2025-04-06,Printer,Office Supplies,Global Supply,Bangalore WH,Lucknow,Wholesale,9,15000,135000,1783,Delivered,UPI
100698,2025-04-22,2025-04-25,Printer,Office Supplies,ABC Suppliers,Hyderabad WH,Jaipur,Retail,6,15000,90000,1042,In Transit,Debit Card
100699,2025-09-16,2025-09-21,Printer,Office Supplies,ABC Suppliers,Hyderabad WH,Delhi,Wholesale,8,15000,120000,2705,Delivered,Net Banking
100700,2025-05-08,2025-05-10,Office Chair,Furniture,XYZ Traders,Hyderabad WH,Kolkata,Wholesale,18,8500,153000,2970,Delivered,Credit Card
100701,2025-05-29,2025-05-30,Router,Networking,ABC Suppliers,Bangalore WH,Lucknow,Retail,18,3500,63000,717,Delivered,Net Banking
100702,2025-07-08,2025-07-12,Hard Disk,Storage,Prime Distributors,Hyderabad WH,Pune,Wholesale,13,4200,54600,2584,Delivered,Credit Card
100703,2025-01-05,2025-01-09,Switch,Networking,XYZ Traders,Hyderabad WH,Lucknow,Wholesale,3,6000,18000,1090,Delivered,Credit Card
100704,2025-12-04,2025-12-07,Switch,Networking,Global Supply,Bangalore WH,Hyderabad,Wholesale,20,6000,120000,1923,Delivered,Credit Card
100705,2025-03-25,2025-03-31,Office Desk,Furniture,Tech World,Mumbai WH,Lucknow,Retail,17,15000,255000,1742,Delivered,Cash
100706,2025-11-24,2025-12-01,Webcam,Accessories,XYZ Traders,Hyderabad WH,Bangalore,Retail,18,2500,45000,2042,Delivered,UPI
100707,2025-09-18,2025-09-20,Desktop,Electronics,Tech World,Mumbai WH,Pune,Wholesale,9,45000,405000,515,Delivered,Net Banking
100708,2025-09-06,2025-09-10,Printer,Office Supplies,Global Supply,Chennai WH,Pune,Retail,3,15000,45000,1737,In Transit,UPI
100709,2025-01-24,2025-01-27,Monitor,Electronics,XYZ Traders,Delhi WH,Chennai,Wholesale,9,12000,108000,1448,Delivered,Net Banking
100710,2025-06-30,2025-07-02,Hard Disk,Storage,Global Supply,Bangalore WH,Delhi,Wholesale,17,4200,71400,625,Delivered,UPI
100711,2025-03-08,2025-03-15,Office Chair,Furniture,Prime Distributors,Delhi WH,Pune,Wholesale,12,8500,102000,695,In Transit,Cash
100712,2025-01-11,2025-01-16,Office Chair,Furniture,Prime Distributors,Mumbai WH,Hyderabad,Wholesale,15,8500,127500,2180,Delivered,Credit Card
100713,2025-09-10,2025-09-13,Monitor,Electronics,Prime Distributors,Chennai WH,Lucknow,Retail,5,12000,60000,1707,Delivered,Net Banking
100714,2025-07-02,2025-07-05,Laptop,Electronics,ABC Suppliers,Mumbai WH,Hyderabad,Retail,13,55000,715000,502,Delivered,Cash
100715,2025-10-20,2025-10-26,Office Chair,Furniture,Tech World,Hyderabad WH,Mumbai,Retail,3,8500,25500,332,Delivered,Credit Card
100716,2025-02-03,2025-02-04,Office Chair,Furniture,Prime Distributors,Mumbai WH,Delhi,Wholesale,20,8500,170000,1188,Delivered,Credit Card
100717,2025-02-23,2025-03-02,Switch,Networking,XYZ Traders,Hyderabad WH,Chennai,Retail,1,6000,6000,820,In Transit,Debit Card
100718,2025-10-03,2025-10-06,Webcam,Accessories,Tech World,Chennai WH,Mumbai,Retail,1,2500,2500,2818,Delivered,Cash
100719,2025-10-22,2025-10-28,Monitor,Electronics,ABC Suppliers,Bangalore WH,Pune,Retail,8,12000,96000,2884,Delivered,Debit Card
100720,2025-05-12,2025-05-14,Scanner,Office Supplies,Prime Distributors,Bangalore WH,Ahmedabad,Wholesale,8,12000,96000,1516,Delivered,Net Banking
100721,2025-12-07,2025-12-11,Webcam,Accessories,ABC Suppliers,Bangalore WH,Hyderabad,Wholesale,19,2500,47500,272,Delivered,Cash
100722,2025-11-24,2025-11-29,Switch,Networking,ABC Suppliers,Mumbai WH,Mumbai,Retail,8,6000,48000,1772,In Transit,UPI
100723,2025-05-04,2025-05-06,Keyboard,Accessories,Prime Distributors,Bangalore WH,Ahmedabad,Retail,4,900,3600,587,Delayed,Debit Card
100724,2025-02-26,2025-03-02,SSD,Storage,Prime Distributors,Hyderabad WH,Pune,Retail,6,5500,33000,2427,Delivered,UPI
100725,2025-07-28,2025-08-04,Projector,Electronics,ABC Suppliers,Mumbai WH,Ahmedabad,Wholesale,15,40000,600000,1232,Delivered,Net Banking
100726,2025-10-22,2025-10-23,Projector,Electronics,Prime Distributors,Delhi WH,Mumbai,Retail,10,40000,400000,2096,In Transit,UPI
100727,2025-05-14,2025-05-21,Printer,Office Supplies,XYZ Traders,Mumbai WH,Pune,Wholesale,15,15000,225000,573,Delivered,Net Banking
100728,2025-03-30,2025-04-06,Switch,Networking,Prime Distributors,Hyderabad WH,Hyderabad,Retail,1,6000,6000,939,Delivered,Debit Card
100729,2025-08-31,2025-09-03,Switch,Networking,ABC Suppliers,Delhi WH,Ahmedabad,Wholesale,18,6000,108000,1050,Delivered,Debit Card
100730,2025-07-24,2025-07-31,Keyboard,Accessories,Prime Distributors,Chennai WH,Bangalore,Retail,5,900,4500,1153,In Transit,Net Banking
100731,2025-06-19,2025-06-26,Projector,Electronics,Tech World,Mumbai WH,Chennai,Retail,11,40000,440000,1055,Delivered,Debit Card
100732,2025-12-23,2025-12-30,Keyboard,Accessories,XYZ Traders,Bangalore WH,Delhi,Retail,4,900,3600,1261,Cancelled,Cash
100733,2025-08-06,2025-08-13,Monitor,Electronics,Global Supply,Chennai WH,Delhi,Wholesale,20,12000,240000,2308,Cancelled,Net Banking
100734,2025-01-05,2025-01-11,Office Chair,Furniture,XYZ Traders,Hyderabad WH,Delhi,Wholesale,17,8500,144500,2299,Delivered,Credit Card
100735,2025-03-04,2025-03-11,Router,Networking,Prime Distributors,Mumbai WH,Ahmedabad,Retail,4,3500,14000,2191,Cancelled,UPI
100736,2025-12-25,2025-12-30,Office Chair,Furniture,Tech World,Delhi WH,Bangalore,Wholesale,16,8500,136000,2152,Delivered,UPI
100737,2025-03-05,2025-03-09,Mouse,Accessories,ABC Suppliers,Hyderabad WH,Ahmedabad,Wholesale,16,700,11200,2787,In Transit,Net Banking
100738,2025-07-20,2025-07-23,Keyboard,Accessories,Tech World,Delhi WH,Jaipur,Wholesale,2,900,1800,2476,In Transit,UPI
100739,2025-05-21,2025-05-22,Office Chair,Furniture,XYZ Traders,Bangalore WH,Mumbai,Retail,7,8500,59500,303,Delivered,UPI
100740,2025-11-19,2025-11-23,Monitor,Electronics,Prime Distributors,Chennai WH,Chennai,Wholesale,8,12000,96000,1161,Cancelled,Net Banking
100741,2025-06-08,2025-06-15,Office Chair,Furniture,Prime Distributors,Delhi WH,Jaipur,Retail,6,8500,51000,1736,Delivered,UPI
100742,2025-01-29,2025-01-30,Projector,Electronics,Prime Distributors,Delhi WH,Hyderabad,Retail,14,40000,560000,237,Cancelled,Debit Card
100743,2025-02-26,2025-03-03,Projector,Electronics,Prime Distributors,Bangalore WH,Chennai,Retail,3,40000,120000,1722,Delivered,Cash
100744,2025-11-17,2025-11-21,Hard Disk,Storage,Tech World,Bangalore WH,Hyderabad,Wholesale,2,4200,8400,1805,In Transit,Cash
100745,2025-07-24,2025-07-28,Printer,Office Supplies,Tech World,Hyderabad WH,Kolkata,Retail,19,15000,285000,1031,Delivered,UPI
100746,2025-11-27,2025-12-03,Hard Disk,Storage,ABC Suppliers,Delhi WH,Pune,Retail,10,4200,42000,705,Delivered,UPI
100747,2025-11-01,2025-11-02,Desktop,Electronics,Global Supply,Bangalore WH,Delhi,Wholesale,13,45000,585000,1983,Delivered,UPI
100748,2025-05-11,2025-05-18,Webcam,Accessories,ABC Suppliers,Chennai WH,Hyderabad,Wholesale,4,2500,10000,2545,Delayed,Cash
100749,2025-04-09,2025-04-14,Printer,Office Supplies,ABC Suppliers,Hyderabad WH,Mumbai,Retail,11,15000,165000,1833,Delivered,Net Banking
100750,2025-01-24,2025-01-26,Scanner,Office Supplies,Prime Distributors,Hyderabad WH,Bangalore,Retail,9,12000,108000,2090,Cancelled,UPI
100751,2025-08-25,2025-08-30,Laptop,Electronics,XYZ Traders,Bangalore WH,Ahmedabad,Retail,2,55000,110000,1599,Delivered,Net Banking
100752,2025-01-16,2025-01-20,SSD,Storage,Tech World,Chennai WH,Bangalore,Wholesale,10,5500,55000,2947,Delivered,Cash
100753,2025-09-27,2025-10-01,Projector,Electronics,Tech World,Delhi WH,Chennai,Retail,3,40000,120000,593,Delivered,Debit Card
100754,2025-07-14,2025-07-15,Scanner,Office Supplies,Prime Distributors,Bangalore WH,Pune,Wholesale,5,12000,60000,1125,Delivered,Credit Card
100755,2025-05-02,2025-05-09,Hard Disk,Storage,Global Supply,Hyderabad WH,Kolkata,Wholesale,10,4200,42000,849,Delivered,Cash
100756,2025-10-30,2025-11-04,Router,Networking,Prime Distributors,Bangalore WH,Mumbai,Retail,6,3500,21000,246,Delivered,Cash
100757,2025-06-14,2025-06-17,Office Chair,Furniture,Global Supply,Bangalore WH,Pune,Wholesale,16,8500,136000,1508,In Transit,Debit Card
100758,2025-04-06,2025-04-11,Hard Disk,Storage,ABC Suppliers,Delhi WH,Pune,Retail,8,4200,33600,1285,In Transit,Debit Card
100759,2025-11-30,2025-12-01,Switch,Networking,Prime Distributors,Mumbai WH,Chennai,Retail,11,6000,66000,814,Delivered,Net Banking
100760,2025-11-05,2025-11-06,Printer,Office Supplies,ABC Suppliers,Chennai WH,Pune,Retail,11,15000,165000,506,Delivered,Debit Card
100761,2025-03-30,2025-04-06,Projector,Electronics,Tech World,Mumbai WH,Delhi,Retail,20,40000,800000,2742,In Transit,Credit Card
100762,2025-07-13,2025-07-17,Office Chair,Furniture,XYZ Traders,Hyderabad WH,Mumbai,Wholesale,19,8500,161500,1016,In Transit,UPI
100763,2025-10-21,2025-10-26,Office Chair,Furniture,Global Supply,Bangalore WH,Pune,Wholesale,14,8500,119000,2521,Delayed,Debit Card
100764,2025-01-20,2025-01-23,Switch,Networking,XYZ Traders,Mumbai WH,Kolkata,Wholesale,8,6000,48000,2718,Delivered,Cash
100765,2025-11-12,2025-11-15,Hard Disk,Storage,XYZ Traders,Chennai WH,Delhi,Wholesale,8,4200,33600,1717,In Transit,Debit Card
100766,2025-09-19,2025-09-23,Switch,Networking,Prime Distributors,Delhi WH,Bangalore,Retail,6,6000,36000,2729,Delivered,Net Banking
100767,2025-04-28,2025-04-30,Hard Disk,Storage,Global Supply,Delhi WH,Pune,Retail,5,4200,21000,901,Delivered,Credit Card
100768,2025-07-06,2025-07-10,Projector,Electronics,Global Supply,Delhi WH,Ahmedabad,Wholesale,12,40000,480000,2883,Delivered,UPI
100769,2025-10-23,2025-10-30,Laptop,Electronics,Prime Distributors,Chennai WH,Kolkata,Wholesale,8,55000,440000,929,Delivered,UPI
100770,2025-02-14,2025-02-15,Projector,Electronics,XYZ Traders,Mumbai WH,Ahmedabad,Wholesale,1,40000,40000,2421,In Transit,Net Banking
100771,2025-06-21,2025-06-22,Monitor,Electronics,Tech World,Chennai WH,Pune,Wholesale,6,12000,72000,2507,Delayed,Credit Card
100772,2025-02-28,2025-03-06,Mouse,Accessories,ABC Suppliers,Bangalore WH,Pune,Wholesale,12,700,8400,2276,Delivered,Cash
100773,2025-11-24,2025-11-30,Printer,Office Supplies,Prime Distributors,Hyderabad WH,Kolkata,Retail,6,15000,90000,1045,Delivered,Debit Card
100774,2025-05-14,2025-05-20,Desktop,Electronics,ABC Suppliers,Hyderabad WH,Chennai,Retail,6,45000,270000,756,Delivered,Credit Card
100775,2025-01-13,2025-01-16,Office Desk,Furniture,Tech World,Delhi WH,Delhi,Wholesale,5,15000,75000,735,Delivered,Net Banking
100776,2025-11-30,2025-12-03,Projector,Electronics,ABC Suppliers,Chennai WH,Bangalore,Wholesale,17,40000,680000,2800,In Transit,Cash
100777,2025-11-27,2025-12-04,Projector,Electronics,Tech World,Mumbai WH,Mumbai,Wholesale,18,40000,720000,1743,Delivered,UPI
100778,2025-07-23,2025-07-25,Webcam,Accessories,XYZ Traders,Delhi WH,Kolkata,Retail,16,2500,40000,2264,Delayed,Net Banking
100779,2025-04-08,2025-04-09,Webcam,Accessories,XYZ Traders,Chennai WH,Jaipur,Wholesale,17,2500,42500,1779,Delivered,Debit Card
100780,2025-02-14,2025-02-16,Router,Networking,XYZ Traders,Delhi WH,Ahmedabad,Wholesale,15,3500,52500,2465,Delivered,Cash
100781,2025-02-26,2025-02-28,Monitor,Electronics,ABC Suppliers,Delhi WH,Lucknow,Retail,19,12000,228000,727,Delivered,UPI
100782,2025-11-10,2025-11-12,Monitor,Electronics,ABC Suppliers,Mumbai WH,Ahmedabad,Retail,5,12000,60000,641,Delivered,Net Banking
100783,2025-05-27,2025-05-31,Laptop,Electronics,Tech World,Bangalore WH,Hyderabad,Retail,4,55000,220000,1552,In Transit,Credit Card
100784,2025-11-03,2025-11-06,Laptop,Electronics,Prime Distributors,Mumbai WH,Mumbai,Wholesale,10,55000,550000,230,Delayed,Cash
100785,2025-07-06,2025-07-11,Office Chair,Furniture,XYZ Traders,Hyderabad WH,Lucknow,Retail,10,8500,85000,1404,Delivered,Credit Card
100786,2025-07-11,2025-07-12,Monitor,Electronics,XYZ Traders,Chennai WH,Kolkata,Wholesale,1,12000,12000,794,Delivered,UPI
100787,2025-11-16,2025-11-17,Webcam,Accessories,XYZ Traders,Bangalore WH,Hyderabad,Wholesale,19,2500,47500,1178,Delivered,Cash
100788,2025-12-08,2025-12-14,Mouse,Accessories,Tech World,Mumbai WH,Hyderabad,Retail,4,700,2800,2219,Delivered,Cash
100789,2025-03-21,2025-03-25,Printer,Office Supplies,Global Supply,Chennai WH,Delhi,Wholesale,12,15000,180000,1749,Delivered,Cash
100790,2025-03-24,2025-03-27,Printer,Office Supplies,XYZ Traders,Mumbai WH,Ahmedabad,Wholesale,4,15000,60000,982,Delivered,Cash
100791,2025-02-05,2025-02-10,Webcam,Accessories,XYZ Traders,Bangalore WH,Hyderabad,Retail,10,2500,25000,2709,Cancelled,Credit Card
100792,2025-03-15,2025-03-22,Mouse,Accessories,Prime Distributors,Mumbai WH,Mumbai,Wholesale,16,700,11200,2237,Delivered,Debit Card
100793,2025-01-27,2025-02-01,Webcam,Accessories,XYZ Traders,Hyderabad WH,Lucknow,Retail,6,2500,15000,234,Delivered,Net Banking
100794,2025-03-07,2025-03-11,Router,Networking,ABC Suppliers,Delhi WH,Ahmedabad,Retail,1,3500,3500,1216,Delivered,UPI
100795,2025-02-04,2025-02-09,SSD,Storage,XYZ Traders,Hyderabad WH,Delhi,Wholesale,11,5500,60500,848,Delivered,Debit Card
100796,2025-11-03,2025-11-06,Scanner,Office Supplies,Global Supply,Delhi WH,Jaipur,Retail,9,12000,108000,2774,In Transit,UPI
100797,2025-11-20,2025-11-27,Keyboard,Accessories,Prime Distributors,Chennai WH,Bangalore,Wholesale,10,900,9000,2462,In Transit,Credit Card
100798,2025-08-21,2025-08-27,Scanner,Office Supplies,XYZ Traders,Mumbai WH,Ahmedabad,Retail,1,12000,12000,531,In Transit,Credit Card
100799,2025-07-27,2025-08-01,Router,Networking,Global Supply,Delhi WH,Hyderabad,Wholesale,12,3500,42000,1713,Delivered,Credit Card
100800,2025-10-24,2025-10-31,Laptop,Electronics,ABC Suppliers,Chennai WH,Jaipur,Wholesale,8,55000,440000,2959,Delivered,Debit Card
100801,2025-03-30,2025-04-06,Router,Networking,Prime Distributors,Delhi WH,Bangalore,Retail,2,3500,7000,2971,Delivered,Debit Card
100802,2025-07-18,2025-07-20,Printer,Office Supplies,Tech World,Bangalore WH,Hyderabad,Retail,10,15000,150000,1378,In Transit,Debit Card
100803,2025-03-15,2025-03-17,Laptop,Electronics,Global Supply,Delhi WH,Hyderabad,Retail,6,55000,330000,2389,Delivered,Cash
100804,2025-07-31,2025-08-03,Mouse,Accessories,Global Supply,Chennai WH,Mumbai,Retail,11,700,7700,1234,Delayed,Debit Card
100805,2025-08-26,2025-08-30,Router,Networking,Tech World,Hyderabad WH,Chennai,Wholesale,13,3500,45500,2928,Delivered,Debit Card
100806,2025-02-27,2025-03-05,Hard Disk,Storage,Prime Distributors,Bangalore WH,Kolkata,Retail,9,4200,37800,1840,Delivered,Credit Card
100807,2025-05-15,2025-05-18,Hard Disk,Storage,Global Supply,Mumbai WH,Pune,Retail,2,4200,8400,704,Delivered,Cash
100808,2025-02-15,2025-02-17,Hard Disk,Storage,XYZ Traders,Mumbai WH,Mumbai,Wholesale,17,4200,71400,924,Cancelled,Cash
100809,2025-02-15,2025-02-21,Printer,Office Supplies,Global Supply,Delhi WH,Delhi,Retail,15,15000,225000,2525,Delivered,Credit Card
100810,2025-10-03,2025-10-05,Desktop,Electronics,XYZ Traders,Chennai WH,Pune,Wholesale,7,45000,315000,2041,Delayed,Net Banking
100811,2025-11-30,2025-12-05,Printer,Office Supplies,Tech World,Mumbai WH,Jaipur,Wholesale,10,15000,150000,1842,Delivered,Cash
100812,2025-10-24,2025-10-30,Switch,Networking,Global Supply,Chennai WH,Hyderabad,Wholesale,3,6000,18000,1886,Delivered,Cash
100813,2025-01-13,2025-01-18,Laptop,Electronics,XYZ Traders,Mumbai WH,Pune,Wholesale,15,55000,825000,913,Delayed,Credit Card
100814,2025-10-13,2025-10-17,Laptop,Electronics,XYZ Traders,Mumbai WH,Delhi,Wholesale,8,55000,440000,2533,Delayed,Debit Card
100815,2025-01-23,2025-01-27,Monitor,Electronics,Global Supply,Hyderabad WH,Kolkata,Wholesale,9,12000,108000,2073,Delivered,UPI
100816,2025-01-21,2025-01-24,Router,Networking,Global Supply,Delhi WH,Chennai,Retail,9,3500,31500,2985,Delivered,UPI
100817,2025-11-20,2025-11-22,Keyboard,Accessories,Global Supply,Delhi WH,Chennai,Wholesale,6,900,5400,384,In Transit,Cash
100818,2025-02-23,2025-02-24,Hard Disk,Storage,XYZ Traders,Bangalore WH,Pune,Wholesale,18,4200,75600,2215,Delayed,Net Banking
100819,2025-08-31,2025-09-02,Projector,Electronics,Tech World,Bangalore WH,Hyderabad,Wholesale,11,40000,440000,1972,Delivered,Net Banking
100820,2025-05-13,2025-05-17,Monitor,Electronics,Tech World,Chennai WH,Ahmedabad,Wholesale,16,12000,192000,2600,Delivered,UPI
100821,2025-09-02,2025-09-03,Switch,Networking,Global Supply,Chennai WH,Delhi,Retail,19,6000,114000,1524,Cancelled,Net Banking
100822,2025-11-11,2025-11-15,Laptop,Electronics,Tech World,Chennai WH,Delhi,Retail,11,55000,605000,2910,Delivered,Debit Card
100823,2025-04-10,2025-04-11,Scanner,Office Supplies,Global Supply,Chennai WH,Kolkata,Retail,16,12000,192000,276,Cancelled,Net Banking
100824,2025-04-14,2025-04-17,Laptop,Electronics,XYZ Traders,Mumbai WH,Kolkata,Wholesale,4,55000,220000,1210,Delivered,Net Banking
100825,2025-03-31,2025-04-03,Projector,Electronics,ABC Suppliers,Hyderabad WH,Jaipur,Wholesale,16,40000,640000,1620,Delivered,Cash
100826,2025-06-22,2025-06-26,Hard Disk,Storage,Tech World,Delhi WH,Kolkata,Wholesale,17,4200,71400,1020,Delivered,UPI
100827,2025-04-04,2025-04-07,Scanner,Office Supplies,Global Supply,Delhi WH,Lucknow,Wholesale,11,12000,132000,1053,Delivered,Cash
100828,2025-06-18,2025-06-19,Webcam,Accessories,Prime Distributors,Mumbai WH,Mumbai,Retail,4,2500,10000,2361,Delivered,Cash
100829,2025-05-19,2025-05-25,SSD,Storage,XYZ Traders,Delhi WH,Bangalore,Wholesale,10,5500,55000,2047,Delivered,Debit Card
100830,2025-10-13,2025-10-14,Router,Networking,Global Supply,Mumbai WH,Bangalore,Retail,8,3500,28000,1956,Delivered,Net Banking
100831,2025-05-04,2025-05-08,Desktop,Electronics,Global Supply,Mumbai WH,Hyderabad,Wholesale,13,45000,585000,490,Delayed,UPI
100832,2025-11-09,2025-11-10,Laptop,Electronics,Global Supply,Hyderabad WH,Hyderabad,Wholesale,3,55000,165000,1886,Delivered,UPI
100833,2025-10-19,2025-10-24,Hard Disk,Storage,XYZ Traders,Hyderabad WH,Bangalore,Retail,7,4200,29400,2124,Delivered,Credit Card
100834,2025-02-24,2025-02-28,Switch,Networking,XYZ Traders,Chennai WH,Jaipur,Retail,10,6000,60000,1394,Delivered,Debit Card
100835,2025-12-21,2025-12-25,Router,Networking,Global Supply,Mumbai WH,Ahmedabad,Wholesale,18,3500,63000,524,Delivered,Cash
100836,2025-05-14,2025-05-15,Webcam,Accessories,Tech World,Hyderabad WH,Kolkata,Wholesale,8,2500,20000,524,Delayed,Net Banking
100837,2025-12-30,2026-01-01,Router,Networking,Tech World,Delhi WH,Kolkata,Retail,6,3500,21000,2416,In Transit,Debit Card
100838,2025-12-07,2025-12-11,Keyboard,Accessories,ABC Suppliers,Delhi WH,Hyderabad,Retail,3,900,2700,2832,Delivered,UPI
100839,2025-08-14,2025-08-21,Router,Networking,Prime Distributors,Chennai WH,Lucknow,Wholesale,12,3500,42000,2466,Delayed,Debit Card
100840,2025-06-27,2025-07-02,Mouse,Accessories,ABC Suppliers,Hyderabad WH,Hyderabad,Wholesale,1,700,700,2133,Delivered,Credit Card
100841,2025-01-14,2025-01-15,Printer,Office Supplies,Prime Distributors,Mumbai WH,Chennai,Retail,19,15000,285000,980,Delivered,Debit Card
100842,2025-11-24,2025-11-27,Projector,Electronics,Global Supply,Chennai WH,Lucknow,Retail,4,40000,160000,2520,Delivered,Debit Card
100843,2025-06-07,2025-06-11,Hard Disk,Storage,Prime Distributors,Chennai WH,Kolkata,Retail,5,4200,21000,1928,In Transit,Net Banking
100844,2025-06-23,2025-06-26,Switch,Networking,Prime Distributors,Delhi WH,Ahmedabad,Retail,5,6000,30000,1345,Delivered,Debit Card
100845,2025-07-23,2025-07-26,Switch,Networking,XYZ Traders,Delhi WH,Lucknow,Retail,10,6000,60000,2903,Delayed,Cash
100846,2025-09-26,2025-10-03,Laptop,Electronics,Tech World,Delhi WH,Delhi,Retail,18,55000,990000,1366,Delivered,Net Banking
100847,2025-10-10,2025-10-14,Router,Networking,XYZ Traders,Bangalore WH,Mumbai,Retail,4,3500,14000,2998,Delivered,UPI
100848,2025-04-06,2025-04-07,Projector,Electronics,ABC Suppliers,Hyderabad WH,Lucknow,Retail,13,40000,520000,2588,Delivered,UPI
100849,2025-05-04,2025-05-05,Printer,Office Supplies,XYZ Traders,Mumbai WH,Pune,Wholesale,13,15000,195000,2018,Delivered,Cash
100850,2025-03-15,2025-03-18,Hard Disk,Storage,Prime Distributors,Mumbai WH,Hyderabad,Wholesale,20,4200,84000,301,Delivered,Net Banking
100851,2025-05-01,2025-05-05,Desktop,Electronics,XYZ Traders,Hyderabad WH,Kolkata,Wholesale,6,45000,270000,486,Delivered,Net Banking
100852,2025-10-08,2025-10-12,Keyboard,Accessories,Tech World,Chennai WH,Kolkata,Wholesale,4,900,3600,2327,Delivered,Cash
100853,2025-01-10,2025-01-16,Switch,Networking,Prime Distributors,Bangalore WH,Chennai,Wholesale,11,6000,66000,1688,Delivered,Net Banking
100854,2025-09-25,2025-09-26,Keyboard,Accessories,Global Supply,Chennai WH,Kolkata,Retail,3,900,2700,966,Delivered,Debit Card
100855,2025-07-20,2025-07-22,Switch,Networking,Tech World,Bangalore WH,Mumbai,Retail,15,6000,90000,2406,In Transit,Net Banking
100856,2025-01-03,2025-01-08,Monitor,Electronics,Prime Distributors,Bangalore WH,Lucknow,Retail,15,12000,180000,2905,Delivered,UPI
100857,2025-04-13,2025-04-18,Desktop,Electronics,Tech World,Bangalore WH,Jaipur,Retail,4,45000,180000,737,Delivered,UPI
100858,2025-11-01,2025-11-04,Office Desk,Furniture,XYZ Traders,Chennai WH,Kolkata,Retail,16,15000,240000,1467,Delivered,Debit Card
100859,2025-08-14,2025-08-19,Scanner,Office Supplies,Global Supply,Delhi WH,Hyderabad,Retail,13,12000,156000,1893,Delivered,Credit Card
100860,2025-11-09,2025-11-12,Projector,Electronics,ABC Suppliers,Delhi WH,Lucknow,Wholesale,19,40000,760000,954,Delivered,Net Banking
100861,2025-02-23,2025-03-02,Keyboard,Accessories,Prime Distributors,Bangalore WH,Jaipur,Retail,17,900,15300,885,Delayed,UPI
100862,2025-07-25,2025-08-01,Keyboard,Accessories,XYZ Traders,Hyderabad WH,Kolkata,Wholesale,19,900,17100,2697,Delivered,Cash
100863,2025-10-09,2025-10-10,Monitor,Electronics,Global Supply,Chennai WH,Pune,Wholesale,6,12000,72000,2395,Delivered,Credit Card
100864,2025-09-09,2025-09-11,Office Chair,Furniture,Prime Distributors,Chennai WH,Delhi,Wholesale,9,8500,76500,1191,Delivered,Cash
100865,2025-05-29,2025-06-04,Mouse,Accessories,XYZ Traders,Chennai WH,Kolkata,Retail,17,700,11900,2259,Delivered,Debit Card
100866,2025-05-06,2025-05-09,Hard Disk,Storage,XYZ Traders,Hyderabad WH,Delhi,Wholesale,3,4200,12600,1694,Delivered,UPI
100867,2025-07-03,2025-07-07,Router,Networking,XYZ Traders,Chennai WH,Jaipur,Wholesale,17,3500,59500,2444,Delivered,Debit Card
100868,2025-06-23,2025-06-26,Scanner,Office Supplies,Prime Distributors,Bangalore WH,Mumbai,Wholesale,8,12000,96000,2050,Delivered,Credit Card
100869,2025-09-13,2025-09-20,Scanner,Office Supplies,ABC Suppliers,Delhi WH,Ahmedabad,Wholesale,6,12000,72000,1003,Cancelled,Debit Card
100870,2025-08-13,2025-08-14,Office Chair,Furniture,Tech World,Bangalore WH,Bangalore,Wholesale,16,8500,136000,1483,Delivered,Net Banking
100871,2025-09-28,2025-10-04,Monitor,Electronics,ABC Suppliers,Mumbai WH,Pune,Retail,12,12000,144000,2261,Delivered,Net Banking
100872,2025-01-19,2025-01-20,SSD,Storage,Prime Distributors,Hyderabad WH,Ahmedabad,Wholesale,4,5500,22000,1335,Delivered,Debit Card
100873,2025-11-07,2025-11-11,Keyboard,Accessories,ABC Suppliers,Mumbai WH,Delhi,Wholesale,4,900,3600,1184,Cancelled,Credit Card
100874,2025-05-17,2025-05-20,Monitor,Electronics,Tech World,Mumbai WH,Mumbai,Wholesale,1,12000,12000,1953,Cancelled,UPI
100875,2025-12-13,2025-12-14,Router,Networking,Tech World,Delhi WH,Delhi,Retail,15,3500,52500,2053,Delayed,Credit Card
100876,2025-06-28,2025-06-29,Keyboard,Accessories,Tech World,Delhi WH,Kolkata,Wholesale,3,900,2700,2121,Delivered,Cash
100877,2025-10-14,2025-10-19,Printer,Office Supplies,XYZ Traders,Bangalore WH,Jaipur,Wholesale,8,15000,120000,2593,Delivered,Net Banking
100878,2025-11-21,2025-11-28,Monitor,Electronics,XYZ Traders,Bangalore WH,Pune,Wholesale,10,12000,120000,1945,Delivered,Credit Card
100879,2025-08-27,2025-08-30,Webcam,Accessories,Prime Distributors,Chennai WH,Bangalore,Wholesale,15,2500,37500,2008,Delivered,UPI
100880,2025-06-09,2025-06-11,SSD,Storage,Prime Distributors,Hyderabad WH,Chennai,Wholesale,6,5500,33000,299,Delivered,Net Banking
100881,2025-11-01,2025-11-06,Monitor,Electronics,ABC Suppliers,Chennai WH,Delhi,Wholesale,2,12000,24000,430,Delivered,Cash
100882,2025-11-05,2025-11-09,SSD,Storage,Prime Distributors,Chennai WH,Jaipur,Retail,9,5500,49500,790,Delivered,Net Banking
100883,2025-08-05,2025-08-08,Printer,Office Supplies,Tech World,Chennai WH,Hyderabad,Retail,1,15000,15000,1652,Delivered,Debit Card
100884,2025-07-18,2025-07-20,Switch,Networking,Prime Distributors,Mumbai WH,Lucknow,Retail,18,6000,108000,417,Delivered,Credit Card
100885,2025-03-29,2025-03-30,Scanner,Office Supplies,XYZ Traders,Bangalore WH,Bangalore,Retail,13,12000,156000,434,Delivered,Cash
100886,2025-06-12,2025-06-18,Office Desk,Furniture,Tech World,Mumbai WH,Chennai,Retail,7,15000,105000,2578,Delivered,UPI
100887,2025-12-01,2025-12-03,Hard Disk,Storage,Tech World,Chennai WH,Chennai,Wholesale,15,4200,63000,561,Delayed,Cash
100888,2025-12-27,2026-01-01,Desktop,Electronics,ABC Suppliers,Bangalore WH,Hyderabad,Retail,13,45000,585000,1994,Delivered,UPI
100889,2025-04-20,2025-04-25,Router,Networking,Global Supply,Bangalore WH,Ahmedabad,Wholesale,9,3500,31500,2137,Delayed,Cash
100890,2025-02-11,2025-02-17,Hard Disk,Storage,Prime Distributors,Mumbai WH,Kolkata,Wholesale,20,4200,84000,2798,In Transit,Credit Card
100891,2025-07-08,2025-07-09,Desktop,Electronics,XYZ Traders,Delhi WH,Jaipur,Retail,14,45000,630000,2317,Delivered,Debit Card
100892,2025-06-20,2025-06-22,Switch,Networking,XYZ Traders,Delhi WH,Chennai,Wholesale,12,6000,72000,2808,Delivered,Credit Card
100893,2025-06-03,2025-06-07,Webcam,Accessories,XYZ Traders,Mumbai WH,Chennai,Retail,9,2500,22500,1406,Delivered,Cash
100894,2025-03-19,2025-03-21,Laptop,Electronics,XYZ Traders,Bangalore WH,Mumbai,Wholesale,4,55000,220000,636,Delayed,Cash
100895,2025-02-12,2025-02-19,Scanner,Office Supplies,ABC Suppliers,Chennai WH,Hyderabad,Wholesale,14,12000,168000,2658,Delivered,Cash
100896,2025-12-16,2025-12-20,SSD,Storage,Global Supply,Hyderabad WH,Jaipur,Wholesale,6,5500,33000,211,Delivered,Net Banking
100897,2025-11-16,2025-11-19,Scanner,Office Supplies,ABC Suppliers,Bangalore WH,Mumbai,Wholesale,4,12000,48000,2529,Delivered,Cash
100898,2025-11-03,2025-11-08,Switch,Networking,Global Supply,Chennai WH,Mumbai,Wholesale,12,6000,72000,2743,Delivered,Cash
100899,2025-11-21,2025-11-25,Laptop,Electronics,XYZ Traders,Chennai WH,Chennai,Wholesale,1,55000,55000,1180,Delivered,UPI
100900,2025-08-26,2025-08-28,Keyboard,Accessories,Prime Distributors,Bangalore WH,Hyderabad,Wholesale,17,900,15300,1958,Delayed,Net Banking
100901,2025-04-28,2025-05-02,Monitor,Electronics,Prime Distributors,Chennai WH,Ahmedabad,Retail,9,12000,108000,1688,Delivered,Cash
100902,2025-04-12,2025-04-16,Mouse,Accessories,Tech World,Hyderabad WH,Ahmedabad,Wholesale,11,700,7700,404,Delivered,Credit Card
100903,2025-01-29,2025-01-31,Desktop,Electronics,Tech World,Chennai WH,Kolkata,Wholesale,9,45000,405000,292,Delivered,Debit Card
100904,2025-10-16,2025-10-17,Router,Networking,XYZ Traders,Hyderabad WH,Bangalore,Retail,17,3500,59500,2900,Delivered,Credit Card
100905,2025-07-25,2025-07-29,Webcam,Accessories,XYZ Traders,Delhi WH,Chennai,Retail,17,2500,42500,2021,Delivered,Debit Card
100906,2025-04-02,2025-04-07,Scanner,Office Supplies,Tech World,Hyderabad WH,Pune,Retail,5,12000,60000,2213,Delivered,Credit Card
100907,2025-12-01,2025-12-04,Desktop,Electronics,Prime Distributors,Mumbai WH,Hyderabad,Retail,6,45000,270000,2178,Delivered,UPI
100908,2025-04-28,2025-04-29,Printer,Office Supplies,Tech World,Bangalore WH,Hyderabad,Retail,8,15000,120000,2248,Delivered,Credit Card
100909,2025-08-24,2025-08-26,SSD,Storage,Global Supply,Mumbai WH,Mumbai,Retail,5,5500,27500,2244,Delayed,Net Banking
100910,2025-11-02,2025-11-08,Hard Disk,Storage,XYZ Traders,Chennai WH,Mumbai,Retail,4,4200,16800,2991,Delivered,Credit Card
100911,2025-06-17,2025-06-23,Desktop,Electronics,Prime Distributors,Chennai WH,Chennai,Wholesale,12,45000,540000,380,In Transit,Net Banking
100912,2025-01-11,2025-01-15,Keyboard,Accessories,XYZ Traders,Hyderabad WH,Chennai,Wholesale,19,900,17100,977,Delivered,UPI
100913,2025-06-19,2025-06-25,Scanner,Office Supplies,Global Supply,Delhi WH,Lucknow,Wholesale,15,12000,180000,681,Delivered,Debit Card
100914,2025-05-03,2025-05-09,Office Chair,Furniture,Global Supply,Bangalore WH,Jaipur,Wholesale,12,8500,102000,1210,Delivered,Cash
100915,2025-06-20,2025-06-27,Projector,Electronics,Global Supply,Delhi WH,Kolkata,Wholesale,11,40000,440000,1561,In Transit,Net Banking
100916,2025-12-08,2025-12-11,Webcam,Accessories,Global Supply,Chennai WH,Bangalore,Retail,5,2500,12500,2779,Delivered,Net Banking
100917,2025-06-09,2025-06-11,Printer,Office Supplies,ABC Suppliers,Mumbai WH,Mumbai,Retail,4,15000,60000,809,Cancelled,Cash
100918,2025-05-11,2025-05-16,Laptop,Electronics,Tech World,Mumbai WH,Bangalore,Wholesale,13,55000,715000,205,Delayed,Net Banking
100919,2025-06-01,2025-06-03,Projector,Electronics,Global Supply,Bangalore WH,Bangalore,Retail,2,40000,80000,1039,In Transit,UPI
100920,2025-06-23,2025-06-25,Webcam,Accessories,ABC Suppliers,Mumbai WH,Hyderabad,Retail,8,2500,20000,289,Delivered,Net Banking
100921,2025-01-31,2025-02-06,Webcam,Accessories,XYZ Traders,Bangalore WH,Kolkata,Retail,14,2500,35000,1192,In Transit,UPI
100922,2025-12-24,2025-12-27,Scanner,Office Supplies,Tech World,Hyderabad WH,Delhi,Wholesale,16,12000,192000,1576,In Transit,Cash
100923,2025-12-14,2025-12-16,Keyboard,Accessories,Prime Distributors,Mumbai WH,Chennai,Wholesale,15,900,13500,1186,Delayed,Cash
100924,2025-10-22,2025-10-23,Office Desk,Furniture,Prime Distributors,Mumbai WH,Ahmedabad,Retail,12,15000,180000,2790,In Transit,Net Banking
100925,2025-09-11,2025-09-13,Hard Disk,Storage,XYZ Traders,Mumbai WH,Delhi,Retail,17,4200,71400,2286,Delivered,Net Banking
100926,2025-03-14,2025-03-16,Desktop,Electronics,Global Supply,Mumbai WH,Mumbai,Retail,14,45000,630000,2115,Delivered,UPI
100927,2025-03-19,2025-03-22,Hard Disk,Storage,XYZ Traders,Delhi WH,Bangalore,Retail,5,4200,21000,762,Delivered,Net Banking
100928,2025-02-21,2025-02-25,Keyboard,Accessories,Tech World,Delhi WH,Jaipur,Wholesale,14,900,12600,473,In Transit,UPI
100929,2025-05-31,2025-06-02,Monitor,Electronics,ABC Suppliers,Hyderabad WH,Pune,Retail,5,12000,60000,557,Delivered,Debit Card
100930,2025-10-30,2025-11-05,Printer,Office Supplies,Tech World,Chennai WH,Kolkata,Retail,17,15000,255000,314,Delivered,Debit Card
100931,2025-06-30,2025-07-06,Office Chair,Furniture,XYZ Traders,Bangalore WH,Ahmedabad,Retail,2,8500,17000,2691,Delivered,UPI
100932,2025-04-04,2025-04-06,Desktop,Electronics,Prime Distributors,Delhi WH,Pune,Wholesale,8,45000,360000,1861,Delivered,Debit Card
100933,2025-03-30,2025-04-03,Mouse,Accessories,XYZ Traders,Hyderabad WH,Lucknow,Wholesale,2,700,1400,1787,In Transit,UPI
100934,2025-04-18,2025-04-20,Switch,Networking,Prime Distributors,Chennai WH,Mumbai,Retail,4,6000,24000,1890,In Transit,Credit Card
100935,2025-08-04,2025-08-11,Monitor,Electronics,Prime Distributors,Hyderabad WH,Bangalore,Retail,20,12000,240000,1242,In Transit,Net Banking
100936,2025-09-06,2025-09-10,Office Chair,Furniture,Tech World,Mumbai WH,Mumbai,Wholesale,8,8500,68000,1727,Delivered,Cash
100937,2025-03-25,2025-04-01,Desktop,Electronics,ABC Suppliers,Chennai WH,Bangalore,Retail,8,45000,360000,903,Delivered,Credit Card
100938,2025-09-08,2025-09-13,Office Desk,Furniture,ABC Suppliers,Bangalore WH,Delhi,Wholesale,20,15000,300000,2822,In Transit,Cash
100939,2025-08-05,2025-08-08,Keyboard,Accessories,Prime Distributors,Bangalore WH,Kolkata,Wholesale,10,900,9000,1863,Delivered,UPI
100940,2025-09-17,2025-09-18,Desktop,Electronics,Prime Distributors,Chennai WH,Kolkata,Wholesale,10,45000,450000,1180,Delivered,Debit Card
100941,2025-02-26,2025-03-04,SSD,Storage,Tech World,Mumbai WH,Hyderabad,Wholesale,20,5500,110000,1398,Delivered,Credit Card
100942,2025-08-18,2025-08-22,Office Chair,Furniture,Prime Distributors,Mumbai WH,Hyderabad,Retail,20,8500,170000,1519,Delivered,Cash
100943,2025-03-08,2025-03-13,SSD,Storage,ABC Suppliers,Hyderabad WH,Jaipur,Wholesale,1,5500,5500,2422,Delivered,UPI
100944,2025-06-28,2025-07-05,Laptop,Electronics,Tech World,Delhi WH,Hyderabad,Retail,5,55000,275000,2452,Delayed,UPI
100945,2025-09-03,2025-09-06,Laptop,Electronics,XYZ Traders,Mumbai WH,Mumbai,Retail,15,55000,825000,200,Delivered,Credit Card
100946,2025-03-16,2025-03-20,Keyboard,Accessories,Tech World,Chennai WH,Hyderabad,Retail,4,900,3600,460,Delivered,Net Banking
100947,2025-09-27,2025-10-04,Router,Networking,Tech World,Delhi WH,Mumbai,Retail,4,3500,14000,1891,Delivered,Debit Card
100948,2025-06-05,2025-06-08,SSD,Storage,ABC Suppliers,Hyderabad WH,Lucknow,Wholesale,5,5500,27500,609,Delivered,Net Banking
100949,2025-08-12,2025-08-17,Hard Disk,Storage,Global Supply,Hyderabad WH,Jaipur,Wholesale,3,4200,12600,963,Delivered,Debit Card
100950,2025-09-06,2025-09-11,Monitor,Electronics,Tech World,Hyderabad WH,Delhi,Wholesale,18,12000,216000,565,Delivered,Credit Card
100951,2025-09-13,2025-09-14,Printer,Office Supplies,ABC Suppliers,Hyderabad WH,Chennai,Wholesale,20,15000,300000,2336,In Transit,Debit Card
100952,2025-02-22,2025-02-25,Projector,Electronics,Prime Distributors,Mumbai WH,Kolkata,Wholesale,10,40000,400000,1898,In Transit,Net Banking
100953,2025-10-22,2025-10-26,Projector,Electronics,ABC Suppliers,Chennai WH,Mumbai,Retail,1,40000,40000,2504,Delivered,Net Banking
100954,2025-12-18,2025-12-22,Keyboard,Accessories,ABC Suppliers,Bangalore WH,Kolkata,Retail,10,900,9000,901,Delivered,Net Banking
100955,2025-03-20,2025-03-26,Monitor,Electronics,Global Supply,Chennai WH,Ahmedabad,Wholesale,14,12000,168000,1464,Delivered,UPI
100956,2025-01-28,2025-02-03,Office Chair,Furniture,Prime Distributors,Mumbai WH,Ahmedabad,Retail,19,8500,161500,1686,Cancelled,Cash
100957,2025-09-01,2025-09-08,Monitor,Electronics,Prime Distributors,Bangalore WH,Mumbai,Wholesale,3,12000,36000,881,Delivered,Debit Card
100958,2025-12-25,2025-12-29,Mouse,Accessories,XYZ Traders,Hyderabad WH,Mumbai,Retail,3,700,2100,743,Cancelled,Net Banking
100959,2025-01-21,2025-01-24,SSD,Storage,XYZ Traders,Chennai WH,Kolkata,Wholesale,6,5500,33000,1090,Delivered,UPI
100960,2025-10-02,2025-10-05,Desktop,Electronics,Prime Distributors,Hyderabad WH,Jaipur,Retail,7,45000,315000,896,Delivered,Debit Card
100961,2025-03-14,2025-03-15,Scanner,Office Supplies,ABC Suppliers,Chennai WH,Lucknow,Retail,9,12000,108000,1036,In Transit,Credit Card
100962,2025-01-22,2025-01-24,Switch,Networking,Tech World,Chennai WH,Ahmedabad,Wholesale,6,6000,36000,523,In Transit,Credit Card
100963,2025-10-23,2025-10-27,Desktop,Electronics,Global Supply,Chennai WH,Lucknow,Wholesale,13,45000,585000,802,Delivered,Cash
100964,2025-03-02,2025-03-05,Keyboard,Accessories,XYZ Traders,Mumbai WH,Mumbai,Retail,12,900,10800,592,Delayed,Cash
100965,2025-10-13,2025-10-20,Office Desk,Furniture,ABC Suppliers,Chennai WH,Kolkata,Retail,14,15000,210000,777,Delivered,UPI
100966,2025-09-26,2025-10-02,Switch,Networking,Global Supply,Mumbai WH,Ahmedabad,Retail,11,6000,66000,1050,Delivered,Debit Card
100967,2025-09-17,2025-09-23,SSD,Storage,XYZ Traders,Hyderabad WH,Bangalore,Wholesale,3,5500,16500,859,Delivered,Credit Card
100968,2025-04-28,2025-05-05,Webcam,Accessories,Tech World,Bangalore WH,Lucknow,Wholesale,6,2500,15000,1198,Delivered,Cash
100969,2025-04-08,2025-04-09,SSD,Storage,XYZ Traders,Mumbai WH,Pune,Retail,16,5500,88000,548,Delivered,UPI
100970,2025-01-25,2025-01-30,Scanner,Office Supplies,Prime Distributors,Chennai WH,Ahmedabad,Wholesale,5,12000,60000,672,Delivered,Debit Card
100971,2025-10-21,2025-10-27,Monitor,Electronics,Global Supply,Hyderabad WH,Kolkata,Retail,1,12000,12000,810,Delivered,UPI
100972,2025-04-03,2025-04-08,Switch,Networking,ABC Suppliers,Chennai WH,Mumbai,Wholesale,13,6000,78000,2542,Delivered,Net Banking
100973,2025-10-07,2025-10-10,Desktop,Electronics,Prime Distributors,Mumbai WH,Chennai,Retail,16,45000,720000,2451,In Transit,Net Banking
100974,2025-03-02,2025-03-05,Switch,Networking,Prime Distributors,Delhi WH,Pune,Retail,4,6000,24000,2309,Delivered,Cash
100975,2025-10-11,2025-10-12,Keyboard,Accessories,XYZ Traders,Hyderabad WH,Chennai,Wholesale,4,900,3600,1399,Delivered,Net Banking
100976,2025-02-22,2025-03-01,Office Desk,Furniture,Prime Distributors,Chennai WH,Jaipur,Retail,14,15000,210000,1717,Cancelled,Cash
100977,2025-10-16,2025-10-21,Switch,Networking,XYZ Traders,Bangalore WH,Kolkata,Wholesale,14,6000,84000,874,In Transit,Net Banking
100978,2025-07-06,2025-07-13,Office Desk,Furniture,XYZ Traders,Mumbai WH,Lucknow,Retail,16,15000,240000,1907,In Transit,Cash
100979,2025-10-24,2025-10-31,Monitor,Electronics,Prime Distributors,Hyderabad WH,Mumbai,Retail,3,12000,36000,1468,Delivered,Credit Card
100980,2025-07-30,2025-08-06,Monitor,Electronics,Tech World,Delhi WH,Kolkata,Wholesale,2,12000,24000,2034,Delivered,UPI
100981,2025-07-23,2025-07-24,Monitor,Electronics,ABC Suppliers,Delhi WH,Delhi,Wholesale,1,12000,12000,655,Delayed,Net Banking
100982,2025-06-12,2025-06-13,Router,Networking,ABC Suppliers,Mumbai WH,Chennai,Wholesale,20,3500,70000,744,Delivered,UPI
100983,2025-09-02,2025-09-03,Office Chair,Furniture,Prime Distributors,Bangalore WH,Delhi,Retail,2,8500,17000,864,Delivered,Debit Card
100984,2025-04-14,2025-04-18,Office Chair,Furniture,XYZ Traders,Chennai WH,Ahmedabad,Retail,12,8500,102000,2523,Delivered,Cash
100985,2025-12-23,2025-12-29,Keyboard,Accessories,Tech World,Hyderabad WH,Pune,Retail,11,900,9900,2140,Delivered,Cash
100986,2025-03-01,2025-03-05,Desktop,Electronics,Global Supply,Bangalore WH,Chennai,Wholesale,9,45000,405000,1200,Delivered,Credit Card
100987,2025-11-18,2025-11-24,Scanner,Office Supplies,Prime Distributors,Chennai WH,Chennai,Retail,8,12000,96000,1526,Cancelled,Debit Card
100988,2025-02-01,2025-02-08,Laptop,Electronics,XYZ Traders,Bangalore WH,Hyderabad,Wholesale,11,55000,605000,2426,Delivered,Debit Card
100989,2025-04-04,2025-04-07,Switch,Networking,Global Supply,Mumbai WH,Mumbai,Wholesale,2,6000,12000,1249,Delivered,UPI
100990,2025-08-05,2025-08-10,Hard Disk,Storage,ABC Suppliers,Delhi WH,Hyderabad,Wholesale,19,4200,79800,2828,In Transit,UPI
100991,2025-08-27,2025-08-28,Webcam,Accessories,ABC Suppliers,Chennai WH,Delhi,Retail,3,2500,7500,1683,Delivered,Debit Card
100992,2025-11-09,2025-11-11,Webcam,Accessories,ABC Suppliers,Hyderabad WH,Hyderabad,Retail,12,2500,30000,235,Cancelled,UPI
100993,2025-03-12,2025-03-14,Office Chair,Furniture,ABC Suppliers,Chennai WH,Delhi,Wholesale,14,8500,119000,2337,In Transit,Cash
100994,2025-01-30,2025-02-04,Printer,Office Supplies,Prime Distributors,Bangalore WH,Hyderabad,Retail,5,15000,75000,451,Delivered,UPI
100995,2025-09-07,2025-09-11,Switch,Networking,ABC Suppliers,Bangalore WH,Pune,Wholesale,8,6000,48000,452,In Transit,Debit Card
100996,2025-07-12,2025-07-19,Desktop,Electronics,Prime Distributors,Hyderabad WH,Ahmedabad,Wholesale,6,45000,270000,1503,Delivered,Debit Card
100997,2025-09-03,2025-09-05,Projector,Electronics,ABC Suppliers,Chennai WH,Lucknow,Wholesale,10,40000,400000,345,Delivered,Cash
100998,2025-10-08,2025-10-12,Monitor,Electronics,ABC Suppliers,Chennai WH,Chennai,Wholesale,16,12000,192000,2419,Delivered,Cash
100999,2025-04-20,2025-04-26,SSD,Storage,Global Supply,Hyderabad WH,Pune,Retail,6,5500,33000,2911,In Transit,Debit Card
101000,2025-09-20,2025-09-27,Laptop,Electronics,Global Supply,Delhi WH,Lucknow,Wholesale,19,55000,1045000,221,Cancelled,Credit Card
101001,2025-12-08,2025-12-11,Mouse,Accessories,XYZ Traders,Chennai WH,Hyderabad,Retail,20,700,14000,2962,Delivered,UPI
101002,2025-12-31,2026-01-02,Webcam,Accessories,Global Supply,Delhi WH,Kolkata,Wholesale,20,2500,50000,1552,Delivered,UPI
101003,2025-06-25,2025-06-28,Monitor,Electronics,XYZ Traders,Mumbai WH,Chennai,Retail,5,12000,60000,1613,Delivered,Net Banking
101004,2025-03-02,2025-03-04,Printer,Office Supplies,XYZ Traders,Hyderabad WH,Jaipur,Wholesale,12,15000,180000,2304,Delivered,UPI
101005,2025-11-25,2025-11-29,Scanner,Office Supplies,Prime Distributors,Chennai WH,Ahmedabad,Wholesale,5,12000,60000,2605,Delivered,Credit Card
101006,2025-04-23,2025-04-24,Projector,Electronics,Tech World,Mumbai WH,Ahmedabad,Retail,15,40000,600000,583,Delivered,Cash
101007,2025-04-26,2025-04-30,Office Desk,Furniture,Global Supply,Chennai WH,Lucknow,Retail,5,15000,75000,1910,Delivered,UPI
101008,2025-03-20,2025-03-25,Desktop,Electronics,ABC Suppliers,Chennai WH,Jaipur,Retail,20,45000,900000,225,Delivered,Credit Card
101009,2025-01-08,2025-01-15,Switch,Networking,Tech World,Chennai WH,Bangalore,Retail,12,6000,72000,2952,Delivered,Debit Card
101010,2025-12-11,2025-12-13,Keyboard,Accessories,Tech World,Hyderabad WH,Jaipur,Retail,7,900,6300,1885,Delivered,Net Banking
101011,2025-08-19,2025-08-20,SSD,Storage,Prime Distributors,Chennai WH,Chennai,Wholesale,20,5500,110000,2945,Delivered,Cash
101012,2025-03-30,2025-04-03,Office Chair,Furniture,Global Supply,Delhi WH,Jaipur,Retail,20,8500,170000,637,In Transit,UPI
101013,2025-09-24,2025-09-27,Scanner,Office Supplies,XYZ Traders,Hyderabad WH,Mumbai,Retail,12,12000,144000,2510,Delivered,Debit Card
101014,2025-11-02,2025-11-05,Printer,Office Supplies,Global Supply,Chennai WH,Delhi,Retail,20,15000,300000,1701,Delivered,Credit Card
101015,2025-03-13,2025-03-17,Router,Networking,XYZ Traders,Chennai WH,Bangalore,Retail,13,3500,45500,2032,Delayed,Debit Card
101016,2025-04-16,2025-04-21,Hard Disk,Storage,Global Supply,Hyderabad WH,Chennai,Wholesale,18,4200,75600,564,Delivered,Credit Card
101017,2025-09-28,2025-10-04,Printer,Office Supplies,XYZ Traders,Chennai WH,Delhi,Wholesale,11,15000,165000,1848,Delivered,Net Banking
101018,2025-08-04,2025-08-10,Laptop,Electronics,Tech World,Bangalore WH,Ahmedabad,Wholesale,14,55000,770000,2905,Delivered,Net Banking
101019,2025-11-03,2025-11-04,Hard Disk,Storage,Tech World,Chennai WH,Chennai,Wholesale,13,4200,54600,1779,Delivered,Debit Card
101020,2025-02-18,2025-02-24,Switch,Networking,Tech World,Delhi WH,Chennai,Wholesale,5,6000,30000,2351,Delivered,Credit Card
101021,2025-04-20,2025-04-23,Printer,Office Supplies,Global Supply,Bangalore WH,Lucknow,Retail,7,15000,105000,1743,Delivered,UPI
101022,2025-05-04,2025-05-09,Switch,Networking,Global Supply,Mumbai WH,Delhi,Wholesale,14,6000,84000,2983,Cancelled,UPI
101023,2025-05-13,2025-05-17,Hard Disk,Storage,XYZ Traders,Bangalore WH,Mumbai,Wholesale,16,4200,67200,2573,Delivered,Cash
101024,2025-03-23,2025-03-24,Printer,Office Supplies,ABC Suppliers,Delhi WH,Bangalore,Retail,6,15000,90000,1291,Delivered,UPI
101025,2025-03-25,2025-03-31,Router,Networking,XYZ Traders,Chennai WH,Bangalore,Wholesale,11,3500,38500,519,Delivered,Cash
101026,2025-03-05,2025-03-07,SSD,Storage,Tech World,Mumbai WH,Jaipur,Wholesale,14,5500,77000,1081,Delivered,Cash
101027,2025-03-19,2025-03-23,Printer,Office Supplies,Prime Distributors,Mumbai WH,Hyderabad,Retail,7,15000,105000,2669,Delivered,Debit Card
101028,2025-09-16,2025-09-23,Hard Disk,Storage,Prime Distributors,Mumbai WH,Pune,Wholesale,2,4200,8400,794,In Transit,UPI
101029,2025-02-02,2025-02-08,Printer,Office Supplies,Prime Distributors,Mumbai WH,Pune,Wholesale,15,15000,225000,335,Delayed,UPI
101030,2025-09-29,2025-10-02,Office Desk,Furniture,Prime Distributors,Chennai WH,Mumbai,Retail,14,15000,210000,2080,Delivered,Net Banking
101031,2025-03-21,2025-03-23,Desktop,Electronics,Prime Distributors,Delhi WH,Ahmedabad,Wholesale,10,45000,450000,2002,Cancelled,UPI
101032,2025-11-28,2025-12-01,Router,Networking,Prime Distributors,Mumbai WH,Lucknow,Wholesale,18,3500,63000,1977,Delivered,Credit Card
101033,2025-01-27,2025-02-02,Mouse,Accessories,Tech World,Chennai WH,Lucknow,Wholesale,11,700,7700,1604,Delivered,Cash
101034,2025-08-09,2025-08-14,SSD,Storage,Tech World,Bangalore WH,Delhi,Retail,12,5500,66000,1718,Delivered,Cash
101035,2025-10-06,2025-10-11,Monitor,Electronics,XYZ Traders,Delhi WH,Chennai,Retail,13,12000,156000,2194,Delivered,UPI
101036,2025-05-10,2025-05-11,Hard Disk,Storage,Tech World,Hyderabad WH,Delhi,Retail,12,4200,50400,2951,Delivered,Credit Card
101037,2025-04-11,2025-04-18,SSD,Storage,XYZ Traders,Hyderabad WH,Mumbai,Retail,13,5500,71500,1595,Delivered,Debit Card
101038,2025-10-23,2025-10-30,Monitor,Electronics,Tech World,Chennai WH,Lucknow,Wholesale,2,12000,24000,1214,In Transit,Credit Card
101039,2025-07-22,2025-07-25,Office Chair,Furniture,Tech World,Hyderabad WH,Ahmedabad,Retail,9,8500,76500,1930,Delivered,UPI
101040,2025-05-25,2025-05-26,Office Desk,Furniture,ABC Suppliers,Mumbai WH,Hyderabad,Wholesale,5,15000,75000,919,Delivered,Credit Card
101041,2025-10-29,2025-10-31,Router,Networking,XYZ Traders,Delhi WH,Chennai,Retail,12,3500,42000,1682,Delivered,Cash
101042,2025-11-11,2025-11-17,Office Chair,Furniture,XYZ Traders,Bangalore WH,Jaipur,Wholesale,20,8500,170000,2018,Delayed,Net Banking
101043,2025-01-05,2025-01-06,Laptop,Electronics,Global Supply,Delhi WH,Delhi,Wholesale,4,55000,220000,381,Delivered,Net Banking
101044,2025-04-08,2025-04-09,SSD,Storage,XYZ Traders,Delhi WH,Pune,Retail,9,5500,49500,1287,Delayed,UPI
101045,2025-12-26,2025-12-31,Office Desk,Furniture,Global Supply,Delhi WH,Pune,Retail,20,15000,300000,1884,Delivered,Cash
101046,2025-08-18,2025-08-24,Desktop,Electronics,ABC Suppliers,Bangalore WH,Mumbai,Retail,7,45000,315000,2365,Delivered,Debit Card
101047,2025-05-04,2025-05-11,Hard Disk,Storage,Tech World,Mumbai WH,Chennai,Retail,3,4200,12600,729,Cancelled,Credit Card
101048,2025-06-13,2025-06-19,Laptop,Electronics,ABC Suppliers,Chennai WH,Delhi,Retail,2,55000,110000,2427,Delivered,Debit Card
101049,2025-07-14,2025-07-19,Router,Networking,ABC Suppliers,Delhi WH,Delhi,Wholesale,12,3500,42000,1830,Delivered,Debit Card
101050,2025-05-18,2025-05-24,Router,Networking,Prime Distributors,Bangalore WH,Hyderabad,Wholesale,17,3500,59500,1399,In Transit,Debit Card
101051,2025-07-08,2025-07-14,Keyboard,Accessories,ABC Suppliers,Bangalore WH,Bangalore,Retail,5,900,4500,1618,Delivered,Net Banking
101052,2025-11-07,2025-11-09,Router,Networking,Prime Distributors,Chennai WH,Jaipur,Wholesale,6,3500,21000,984,Delayed,Cash
101053,2025-11-06,2025-11-08,Router,Networking,XYZ Traders,Mumbai WH,Ahmedabad,Retail,16,3500,56000,2608,Delivered,Debit Card
101054,2025-03-28,2025-03-29,Scanner,Office Supplies,XYZ Traders,Bangalore WH,Delhi,Wholesale,15,12000,180000,679,Delivered,Cash
101055,2025-01-17,2025-01-19,Keyboard,Accessories,Global Supply,Bangalore WH,Bangalore,Retail,5,900,4500,1601,Delivered,Debit Card
101056,2025-03-02,2025-03-05,Desktop,Electronics,XYZ Traders,Chennai WH,Pune,Wholesale,7,45000,315000,2388,In Transit,Cash
101057,2025-10-20,2025-10-26,Office Chair,Furniture,XYZ Traders,Mumbai WH,Mumbai,Retail,18,8500,153000,2721,Delivered,Debit Card
101058,2025-04-17,2025-04-24,Projector,Electronics,Global Supply,Hyderabad WH,Hyderabad,Retail,9,40000,360000,991,Delivered,Net Banking
101059,2025-11-18,2025-11-19,Printer,Office Supplies,XYZ Traders,Chennai WH,Chennai,Retail,8,15000,120000,1487,Delivered,UPI
101060,2025-07-24,2025-07-27,Hard Disk,Storage,ABC Suppliers,Delhi WH,Hyderabad,Retail,3,4200,12600,2795,Delivered,Credit Card
101061,2025-06-01,2025-06-08,Webcam,Accessories,Prime Distributors,Mumbai WH,Chennai,Retail,15,2500,37500,1282,Delivered,Cash
101062,2025-01-12,2025-01-19,Desktop,Electronics,Prime Distributors,Bangalore WH,Chennai,Retail,12,45000,540000,227,In Transit,Debit Card
101063,2025-10-22,2025-10-23,Router,Networking,XYZ Traders,Mumbai WH,Bangalore,Retail,19,3500,66500,540,Delayed,Cash
101064,2025-06-15,2025-06-20,Hard Disk,Storage,ABC Suppliers,Mumbai WH,Delhi,Retail,16,4200,67200,1582,Delivered,Cash
101065,2025-12-21,2025-12-26,Laptop,Electronics,XYZ Traders,Mumbai WH,Jaipur,Retail,16,55000,880000,2299,In Transit,UPI
101066,2025-11-08,2025-11-14,Projector,Electronics,Global Supply,Bangalore WH,Ahmedabad,Retail,1,40000,40000,756,Delivered,Net Banking
101067,2025-02-06,2025-02-11,SSD,Storage,XYZ Traders,Delhi WH,Bangalore,Wholesale,11,5500,60500,619,Delivered,Credit Card
101068,2025-01-18,2025-01-23,SSD,Storage,Global Supply,Chennai WH,Mumbai,Retail,4,5500,22000,2608,Delivered,Cash
101069,2025-10-22,2025-10-24,Mouse,Accessories,Global Supply,Mumbai WH,Hyderabad,Wholesale,12,700,8400,1430,Delivered,Cash
101070,2025-11-09,2025-11-11,Keyboard,Accessories,XYZ Traders,Hyderabad WH,Mumbai,Retail,17,900,15300,1392,Delayed,Cash
101071,2025-08-11,2025-08-14,Keyboard,Accessories,XYZ Traders,Delhi WH,Delhi,Retail,15,900,13500,1756,Delivered,Debit Card
101072,2025-11-11,2025-11-12,Router,Networking,ABC Suppliers,Mumbai WH,Pune,Wholesale,12,3500,42000,2176,Delivered,Cash
101073,2025-11-12,2025-11-18,Office Chair,Furniture,Prime Distributors,Chennai WH,Jaipur,Retail,3,8500,25500,2996,In Transit,Net Banking
101074,2025-01-30,2025-02-06,Desktop,Electronics,Tech World,Bangalore WH,Ahmedabad,Retail,1,45000,45000,1672,Delivered,Credit Card
101075,2025-01-30,2025-02-06,Keyboard,Accessories,ABC Suppliers,Chennai WH,Hyderabad,Wholesale,2,900,1800,442,In Transit,UPI
101076,2025-12-28,2025-12-30,Switch,Networking,Prime Distributors,Chennai WH,Delhi,Wholesale,1,6000,6000,1164,Delivered,Credit Card
101077,2025-12-21,2025-12-26,Hard Disk,Storage,Global Supply,Bangalore WH,Lucknow,Retail,15,4200,63000,1202,Delivered,Net Banking
101078,2025-05-29,2025-05-30,Office Chair,Furniture,Prime Distributors,Delhi WH,Kolkata,Wholesale,13,8500,110500,433,Delayed,Net Banking
101079,2025-09-29,2025-10-04,Office Desk,Furniture,XYZ Traders,Delhi WH,Jaipur,Retail,15,15000,225000,1936,In Transit,Credit Card
101080,2025-08-28,2025-09-01,Desktop,Electronics,Tech World,Mumbai WH,Ahmedabad,Retail,3,45000,135000,1569,In Transit,Credit Card
101081,2025-01-12,2025-01-16,Desktop,Electronics,Tech World,Hyderabad WH,Jaipur,Retail,2,45000,90000,2021,Delayed,Debit Card
101082,2025-01-12,2025-01-18,Switch,Networking,Prime Distributors,Hyderabad WH,Delhi,Wholesale,14,6000,84000,2611,Delivered,Credit Card
101083,2025-12-22,2025-12-26,Projector,Electronics,Global Supply,Mumbai WH,Ahmedabad,Retail,17,40000,680000,719,Delayed,Credit Card
101084,2025-01-09,2025-01-12,SSD,Storage,XYZ Traders,Delhi WH,Ahmedabad,Retail,9,5500,49500,2744,In Transit,UPI
101085,2025-12-27,2026-01-03,Monitor,Electronics,Tech World,Chennai WH,Bangalore,Wholesale,19,12000,228000,722,In Transit,Net Banking
101086,2025-04-16,2025-04-20,Monitor,Electronics,Global Supply,Delhi WH,Pune,Wholesale,18,12000,216000,2074,Delivered,UPI
101087,2025-01-10,2025-01-11,Laptop,Electronics,Tech World,Bangalore WH,Mumbai,Wholesale,18,55000,990000,2320,In Transit,Debit Card
101088,2025-04-08,2025-04-14,Scanner,Office Supplies,Prime Distributors,Bangalore WH,Jaipur,Wholesale,11,12000,132000,1554,Delivered,Cash
101089,2025-11-26,2025-12-02,Office Chair,Furniture,ABC Suppliers,Bangalore WH,Chennai,Wholesale,10,8500,85000,737,Delivered,Debit Card
101090,2025-01-03,2025-01-06,Desktop,Electronics,Global Supply,Hyderabad WH,Kolkata,Wholesale,10,45000,450000,1030,In Transit,Credit Card
101091,2025-12-11,2025-12-16,SSD,Storage,ABC Suppliers,Bangalore WH,Mumbai,Wholesale,14,5500,77000,2991,Delivered,Cash
101092,2025-12-03,2025-12-07,Switch,Networking,ABC Suppliers,Bangalore WH,Pune,Retail,14,6000,84000,2718,Delivered,UPI
101093,2025-11-30,2025-12-06,Webcam,Accessories,ABC Suppliers,Mumbai WH,Pune,Retail,16,2500,40000,1790,In Transit,Cash
101094,2025-06-21,2025-06-22,Switch,Networking,Global Supply,Chennai WH,Ahmedabad,Retail,13,6000,78000,2177,Delivered,Cash
101095,2025-03-01,2025-03-03,Webcam,Accessories,Prime Distributors,Delhi WH,Hyderabad,Wholesale,4,2500,10000,530,Delivered,Credit Card
101096,2025-01-08,2025-01-12,Printer,Office Supplies,XYZ Traders,Bangalore WH,Bangalore,Retail,7,15000,105000,1178,Delivered,Debit Card
101097,2025-01-16,2025-01-21,Office Chair,Furniture,Tech World,Bangalore WH,Chennai,Wholesale,1,8500,8500,583,In Transit,Credit Card
101098,2025-08-16,2025-08-17,SSD,Storage,XYZ Traders,Bangalore WH,Hyderabad,Retail,2,5500,11000,1328,Delivered,Credit Card
101099,2025-08-12,2025-08-18,Laptop,Electronics,Prime Distributors,Bangalore WH,Mumbai,Retail,19,55000,1045000,2004,Delivered,Credit Card
101100,2025-12-24,2025-12-30,SSD,Storage,XYZ Traders,Bangalore WH,Mumbai,Retail,18,5500,99000,1123,Delivered,Cash
101101,2025-05-02,2025-05-08,Hard Disk,Storage,Tech World,Mumbai WH,Ahmedabad,Wholesale,14,4200,58800,1030,Delivered,Cash
101102,2025-10-10,2025-10-17,Desktop,Electronics,Prime Distributors,Chennai WH,Pune,Retail,10,45000,450000,452,Cancelled,Net Banking
101103,2025-06-16,2025-06-18,Office Desk,Furniture,ABC Suppliers,Delhi WH,Ahmedabad,Retail,9,15000,135000,1833,Delivered,Credit Card
101104,2025-06-14,2025-06-18,Desktop,Electronics,Global Supply,Bangalore WH,Lucknow,Retail,18,45000,810000,2605,Delivered,Debit Card
101105,2025-10-04,2025-10-08,Laptop,Electronics,ABC Suppliers,Hyderabad WH,Jaipur,Wholesale,10,55000,550000,537,Delivered,UPI
101106,2025-08-05,2025-08-06,Laptop,Electronics,Tech World,Chennai WH,Mumbai,Wholesale,9,55000,495000,2618,Delivered,UPI
101107,2025-07-29,2025-08-04,Projector,Electronics,ABC Suppliers,Bangalore WH,Kolkata,Retail,9,40000,360000,856,Delivered,Net Banking
101108,2025-10-07,2025-10-09,Desktop,Electronics,ABC Suppliers,Delhi WH,Lucknow,Wholesale,3,45000,135000,2701,Delivered,Net Banking
101109,2025-10-22,2025-10-23,Keyboard,Accessories,Global Supply,Bangalore WH,Lucknow,Wholesale,13,900,11700,2683,Delivered,Net Banking
101110,2025-12-10,2025-12-11,Laptop,Electronics,XYZ Traders,Hyderabad WH,Pune,Wholesale,3,55000,165000,1111,Delivered,Debit Card
101111,2025-01-17,2025-01-24,Projector,Electronics,ABC Suppliers,Bangalore WH,Mumbai,Retail,6,40000,240000,575,In Transit,Net Banking
101112,2025-06-03,2025-06-07,Projector,Electronics,Global Supply,Chennai WH,Ahmedabad,Wholesale,7,40000,280000,1331,Delivered,UPI
101113,2025-04-26,2025-04-29,Monitor,Electronics,Tech World,Hyderabad WH,Lucknow,Wholesale,6,12000,72000,1184,Delivered,Debit Card
101114,2025-08-17,2025-08-23,Monitor,Electronics,Tech World,Hyderabad WH,Ahmedabad,Wholesale,16,12000,192000,690,Delivered,Credit Card
101115,2025-05-10,2025-05-17,SSD,Storage,Tech World,Bangalore WH,Bangalore,Retail,4,5500,22000,1634,In Transit,Cash
101116,2025-02-19,2025-02-26,Office Desk,Furniture,ABC Suppliers,Bangalore WH,Chennai,Wholesale,5,15000,75000,315,In Transit,Credit Card
101117,2025-11-16,2025-11-22,Mouse,Accessories,ABC Suppliers,Chennai WH,Delhi,Wholesale,17,700,11900,406,Delivered,Debit Card
101118,2025-10-17,2025-10-18,Scanner,Office Supplies,ABC Suppliers,Chennai WH,Hyderabad,Retail,5,12000,60000,2545,Delivered,Credit Card
101119,2025-12-23,2025-12-27,Switch,Networking,Global Supply,Bangalore WH,Pune,Wholesale,15,6000,90000,742,Delivered,Net Banking
101120,2025-09-22,2025-09-27,Switch,Networking,Tech World,Chennai WH,Kolkata,Retail,19,6000,114000,1002,Delivered,Credit Card
101121,2025-04-08,2025-04-10,Office Desk,Furniture,Tech World,Bangalore WH,Hyderabad,Wholesale,19,15000,285000,1212,Cancelled,Credit Card
101122,2025-06-17,2025-06-21,Webcam,Accessories,XYZ Traders,Delhi WH,Bangalore,Retail,19,2500,47500,964,Delivered,Cash
101123,2025-12-29,2025-12-31,Laptop,Electronics,Tech World,Bangalore WH,Mumbai,Retail,7,55000,385000,2722,Delivered,Debit Card
101124,2025-10-31,2025-11-03,Office Chair,Furniture,Tech World,Mumbai WH,Hyderabad,Retail,19,8500,161500,2307,Delivered,UPI
101125,2025-08-14,2025-08-17,Scanner,Office Supplies,Global Supply,Chennai WH,Hyderabad,Retail,7,12000,84000,570,Delivered,Cash
101126,2025-02-21,2025-02-26,Desktop,Electronics,Prime Distributors,Hyderabad WH,Lucknow,Wholesale,13,45000,585000,715,Cancelled,Debit Card
101127,2025-05-31,2025-06-01,Hard Disk,Storage,Prime Distributors,Hyderabad WH,Chennai,Retail,18,4200,75600,1845,Delivered,Net Banking
101128,2025-06-14,2025-06-15,Router,Networking,Global Supply,Hyderabad WH,Mumbai,Wholesale,2,3500,7000,2629,Delivered,Credit Card
101129,2025-10-26,2025-10-27,Monitor,Electronics,Prime Distributors,Mumbai WH,Kolkata,Wholesale,11,12000,132000,2458,In Transit,UPI
101130,2025-06-14,2025-06-19,Scanner,Office Supplies,Global Supply,Mumbai WH,Pune,Wholesale,14,12000,168000,658,Delayed,Cash
101131,2025-11-19,2025-11-21,Webcam,Accessories,Global Supply,Chennai WH,Kolkata,Retail,12,2500,30000,2629,Delivered,Net Banking
101132,2025-03-04,2025-03-10,Keyboard,Accessories,Prime Distributors,Hyderabad WH,Lucknow,Retail,17,900,15300,1136,Delivered,Cash
101133,2025-04-10,2025-04-14,Keyboard,Accessories,Prime Distributors,Mumbai WH,Jaipur,Retail,4,900,3600,2288,Delivered,Debit Card
101134,2025-10-22,2025-10-27,Monitor,Electronics,Global Supply,Chennai WH,Mumbai,Wholesale,20,12000,240000,1865,Delivered,Cash
101135,2025-01-03,2025-01-06,Office Desk,Furniture,Prime Distributors,Mumbai WH,Jaipur,Wholesale,13,15000,195000,2975,Delivered,Debit Card
101136,2025-11-16,2025-11-18,SSD,Storage,Prime Distributors,Delhi WH,Kolkata,Retail,19,5500,104500,1078,Delivered,Cash
101137,2025-07-10,2025-07-14,Office Chair,Furniture,Tech World,Delhi WH,Jaipur,Retail,12,8500,102000,362,Delivered,Cash
101138,2025-09-18,2025-09-23,Webcam,Accessories,Global Supply,Chennai WH,Jaipur,Wholesale,15,2500,37500,2702,Cancelled,Cash
101139,2025-12-17,2025-12-24,Mouse,Accessories,ABC Suppliers,Bangalore WH,Delhi,Wholesale,1,700,700,547,Delivered,Credit Card
101140,2025-11-14,2025-11-19,Laptop,Electronics,Global Supply,Delhi WH,Jaipur,Wholesale,15,55000,825000,658,Delivered,Credit Card
101141,2025-01-27,2025-01-28,Office Chair,Furniture,XYZ Traders,Delhi WH,Mumbai,Wholesale,18,8500,153000,1571,Delivered,Net Banking
101142,2025-03-01,2025-03-06,Webcam,Accessories,ABC Suppliers,Chennai WH,Delhi,Wholesale,5,2500,12500,1951,Delayed,UPI
101143,2025-01-28,2025-02-04,Office Chair,Furniture,Global Supply,Mumbai WH,Kolkata,Wholesale,14,8500,119000,2014,Delivered,Net Banking
101144,2025-01-23,2025-01-27,Hard Disk,Storage,Tech World,Mumbai WH,Chennai,Wholesale,2,4200,8400,2060,Delivered,Net Banking
101145,2025-04-30,2025-05-04,Office Desk,Furniture,Prime Distributors,Delhi WH,Hyderabad,Wholesale,14,15000,210000,2966,Delayed,Credit Card
101146,2025-09-06,2025-09-12,Webcam,Accessories,Prime Distributors,Chennai WH,Chennai,Retail,3,2500,7500,2882,Delivered,Net Banking
101147,2025-01-21,2025-01-26,Scanner,Office Supplies,XYZ Traders,Chennai WH,Chennai,Retail,5,12000,60000,2524,Delayed,Net Banking
101148,2025-06-09,2025-06-16,Monitor,Electronics,Prime Distributors,Hyderabad WH,Lucknow,Retail,1,12000,12000,2079,Delivered,Cash
101149,2025-09-10,2025-09-16,Desktop,Electronics,Prime Distributors,Mumbai WH,Mumbai,Retail,2,45000,90000,1344,Delivered,Cash
101150,2025-07-07,2025-07-09,Office Chair,Furniture,XYZ Traders,Hyderabad WH,Chennai,Retail,10,8500,85000,993,Delivered,Debit Card
101151,2025-02-03,2025-02-09,Keyboard,Accessories,Global Supply,Delhi WH,Pune,Retail,1,900,900,2069,Delayed,Cash
101152,2025-04-20,2025-04-21,Office Desk,Furniture,Global Supply,Mumbai WH,Hyderabad,Wholesale,17,15000,255000,1111,Delivered,Net Banking
101153,2025-08-08,2025-08-15,Keyboard,Accessories,XYZ Traders,Mumbai WH,Bangalore,Wholesale,12,900,10800,410,Delivered,Debit Card
101154,2025-06-17,2025-06-22,Keyboard,Accessories,Global Supply,Hyderabad WH,Jaipur,Wholesale,2,900,1800,2356,Delivered,Net Banking
101155,2025-12-14,2025-12-15,Switch,Networking,ABC Suppliers,Delhi WH,Mumbai,Retail,14,6000,84000,1120,Delivered,UPI
101156,2025-02-02,2025-02-09,Office Desk,Furniture,Global Supply,Chennai WH,Lucknow,Wholesale,1,15000,15000,559,Delivered,Cash
101157,2025-08-29,2025-09-02,Router,Networking,Global Supply,Delhi WH,Lucknow,Retail,4,3500,14000,2927,Delivered,Credit Card
101158,2025-01-12,2025-01-19,Monitor,Electronics,XYZ Traders,Delhi WH,Hyderabad,Wholesale,8,12000,96000,555,Delivered,UPI
101159,2025-11-23,2025-11-26,Switch,Networking,ABC Suppliers,Hyderabad WH,Ahmedabad,Wholesale,14,6000,84000,2603,Delivered,Debit Card
101160,2025-03-22,2025-03-26,Mouse,Accessories,Global Supply,Bangalore WH,Lucknow,Retail,3,700,2100,2989,Delivered,Cash
101161,2025-03-08,2025-03-14,Printer,Office Supplies,Global Supply,Mumbai WH,Ahmedabad,Retail,6,15000,90000,2386,In Transit,Cash
101162,2025-05-14,2025-05-19,Scanner,Office Supplies,XYZ Traders,Delhi WH,Delhi,Wholesale,10,12000,120000,2161,Delivered,Debit Card
101163,2025-04-09,2025-04-12,Desktop,Electronics,XYZ Traders,Bangalore WH,Delhi,Retail,9,45000,405000,355,In Transit,Debit Card
101164,2025-11-05,2025-11-08,Webcam,Accessories,Prime Distributors,Chennai WH,Mumbai,Wholesale,6,2500,15000,2779,Delivered,Debit Card
101165,2025-04-11,2025-04-17,Printer,Office Supplies,Tech World,Delhi WH,Kolkata,Wholesale,17,15000,255000,985,Delivered,UPI
101166,2025-02-22,2025-02-23,Office Chair,Furniture,ABC Suppliers,Hyderabad WH,Bangalore,Wholesale,13,8500,110500,1196,Delivered,Net Banking
101167,2025-02-17,2025-02-22,Webcam,Accessories,Prime Distributors,Delhi WH,Lucknow,Wholesale,18,2500,45000,1136,Delivered,Cash
101168,2025-04-29,2025-05-01,Router,Networking,Prime Distributors,Hyderabad WH,Kolkata,Wholesale,8,3500,28000,508,Delivered,Credit Card
101169,2025-09-23,2025-09-30,Office Chair,Furniture,ABC Suppliers,Delhi WH,Lucknow,Wholesale,9,8500,76500,2049,Cancelled,UPI
101170,2025-04-11,2025-04-16,Printer,Office Supplies,XYZ Traders,Chennai WH,Lucknow,Retail,7,15000,105000,467,In Transit,Debit Card
101171,2025-06-05,2025-06-08,Scanner,Office Supplies,Global Supply,Chennai WH,Lucknow,Wholesale,12,12000,144000,1234,Delivered,UPI
101172,2025-04-29,2025-05-01,Router,Networking,Prime Distributors,Hyderabad WH,Pune,Retail,3,3500,10500,1900,Cancelled,Net Banking
101173,2025-09-11,2025-09-15,Webcam,Accessories,Prime Distributors,Bangalore WH,Delhi,Retail,3,2500,7500,2737,Cancelled,Credit Card
101174,2025-05-16,2025-05-23,Hard Disk,Storage,Tech World,Chennai WH,Kolkata,Wholesale,16,4200,67200,1442,Delivered,UPI
101175,2025-08-23,2025-08-24,Laptop,Electronics,Global Supply,Bangalore WH,Hyderabad,Retail,5,55000,275000,483,In Transit,Net Banking
101176,2025-04-04,2025-04-10,Laptop,Electronics,XYZ Traders,Bangalore WH,Chennai,Wholesale,13,55000,715000,1836,In Transit,UPI
101177,2025-11-26,2025-12-01,Switch,Networking,Tech World,Bangalore WH,Pune,Retail,7,6000,42000,2343,Delivered,Net Banking
101178,2025-12-21,2025-12-22,Projector,Electronics,XYZ Traders,Chennai WH,Kolkata,Retail,13,40000,520000,1398,Delivered,UPI
101179,2025-11-29,2025-12-01,Router,Networking,XYZ Traders,Delhi WH,Mumbai,Retail,17,3500,59500,899,Delivered,Net Banking
101180,2025-02-07,2025-02-12,Scanner,Office Supplies,Tech World,Mumbai WH,Delhi,Wholesale,13,12000,156000,2651,Delivered,Net Banking
101181,2025-04-25,2025-04-30,Scanner,Office Supplies,XYZ Traders,Hyderabad WH,Lucknow,Wholesale,9,12000,108000,2459,Delivered,Debit Card
101182,2025-01-10,2025-01-14,Keyboard,Accessories,ABC Suppliers,Hyderabad WH,Delhi,Retail,1,900,900,2304,Delivered,UPI
101183,2025-07-11,2025-07-15,Switch,Networking,Tech World,Chennai WH,Kolkata,Retail,10,6000,60000,491,Delivered,Credit Card
101184,2025-04-23,2025-04-27,Office Desk,Furniture,Prime Distributors,Bangalore WH,Kolkata,Retail,7,15000,105000,2165,In Transit,Cash
101185,2025-12-26,2025-12-29,Projector,Electronics,Prime Distributors,Bangalore WH,Lucknow,Wholesale,15,40000,600000,2344,Delivered,Credit Card
101186,2025-08-16,2025-08-19,Hard Disk,Storage,Prime Distributors,Mumbai WH,Kolkata,Retail,5,4200,21000,1674,Delivered,Net Banking
101187,2025-04-09,2025-04-10,Switch,Networking,Global Supply,Chennai WH,Lucknow,Wholesale,7,6000,42000,926,In Transit,UPI
101188,2025-07-06,2025-07-08,Mouse,Accessories,Global Supply,Mumbai WH,Bangalore,Wholesale,10,700,7000,365,Delivered,Cash
101189,2025-09-14,2025-09-15,Scanner,Office Supplies,Global Supply,Bangalore WH,Delhi,Wholesale,13,12000,156000,764,Delivered,UPI
101190,2025-12-23,2025-12-25,Monitor,Electronics,Global Supply,Bangalore WH,Kolkata,Wholesale,1,12000,12000,2805,Delivered,Net Banking
101191,2025-04-28,2025-05-05,SSD,Storage,Global Supply,Chennai WH,Delhi,Retail,5,5500,27500,314,Delivered,Debit Card
101192,2025-11-03,2025-11-08,Office Chair,Furniture,Tech World,Delhi WH,Chennai,Retail,12,8500,102000,1903,Delivered,UPI
101193,2025-09-01,2025-09-07,Hard Disk,Storage,XYZ Traders,Chennai WH,Bangalore,Wholesale,4,4200,16800,626,In Transit,UPI
101194,2025-08-24,2025-08-31,SSD,Storage,ABC Suppliers,Mumbai WH,Pune,Retail,20,5500,110000,1512,Delivered,Debit Card
101195,2025-04-20,2025-04-23,Webcam,Accessories,Prime Distributors,Bangalore WH,Bangalore,Retail,10,2500,25000,1035,Delayed,Credit Card
101196,2025-08-26,2025-09-02,Hard Disk,Storage,Prime Distributors,Mumbai WH,Hyderabad,Retail,14,4200,58800,1342,Delivered,Cash
101197,2025-12-16,2025-12-22,Webcam,Accessories,Global Supply,Delhi WH,Hyderabad,Retail,14,2500,35000,2404,Delivered,Net Banking
101198,2025-08-29,2025-09-05,Webcam,Accessories,Global Supply,Delhi WH,Chennai,Wholesale,8,2500,20000,2770,Delivered,Debit Card
101199,2025-03-10,2025-03-15,Router,Networking,Global Supply,Mumbai WH,Hyderabad,Wholesale,14,3500,49000,2903,In Transit,Cash
101200,2025-02-10,2025-02-11,Switch,Networking,Prime Distributors,Delhi WH,Chennai,Wholesale,9,6000,54000,2303,Delivered,Cash
101201,2025-07-06,2025-07-11,Mouse,Accessories,Tech World,Hyderabad WH,Ahmedabad,Retail,15,700,10500,676,Delivered,Debit Card
101202,2025-09-06,2025-09-10,Webcam,Accessories,Prime Distributors,Delhi WH,Chennai,Wholesale,10,2500,25000,1234,Delivered,UPI
101203,2025-08-20,2025-08-27,Desktop,Electronics,XYZ Traders,Hyderabad WH,Delhi,Retail,14,45000,630000,1759,Delivered,Credit Card
101204,2025-09-29,2025-10-03,Keyboard,Accessories,XYZ Traders,Chennai WH,Jaipur,Wholesale,19,900,17100,1765,Delivered,Cash
101205,2025-04-09,2025-04-11,Router,Networking,ABC Suppliers,Chennai WH,Lucknow,Retail,7,3500,24500,716,Delivered,Cash
101206,2025-11-12,2025-11-16,Monitor,Electronics,XYZ Traders,Mumbai WH,Hyderabad,Retail,14,12000,168000,2023,Delivered,Cash
101207,2025-10-05,2025-10-11,Laptop,Electronics,ABC Suppliers,Mumbai WH,Pune,Wholesale,10,55000,550000,2640,Delayed,Net Banking
101208,2025-05-27,2025-05-29,Webcam,Accessories,Global Supply,Chennai WH,Bangalore,Wholesale,16,2500,40000,1190,Delivered,UPI
101209,2025-09-20,2025-09-23,Scanner,Office Supplies,XYZ Traders,Delhi WH,Pune,Retail,4,12000,48000,368,Delivered,Credit Card
101210,2025-03-18,2025-03-20,Laptop,Electronics,Prime Distributors,Chennai WH,Delhi,Retail,20,55000,1100000,641,Delivered,Credit Card
101211,2025-10-04,2025-10-06,Desktop,Electronics,XYZ Traders,Bangalore WH,Kolkata,Wholesale,17,45000,765000,2289,Delivered,UPI
101212,2025-11-18,2025-11-21,Webcam,Accessories,ABC Suppliers,Chennai WH,Jaipur,Retail,16,2500,40000,1171,Delivered,Net Banking
101213,2025-12-20,2025-12-26,Printer,Office Supplies,Global Supply,Chennai WH,Delhi,Wholesale,19,15000,285000,1695,Delivered,Net Banking
101214,2025-06-04,2025-06-05,SSD,Storage,Tech World,Mumbai WH,Bangalore,Wholesale,11,5500,60500,1516,Delivered,Debit Card
101215,2025-06-09,2025-06-14,Webcam,Accessories,Tech World,Bangalore WH,Ahmedabad,Wholesale,11,2500,27500,1731,Delivered,Debit Card
101216,2025-11-18,2025-11-24,Projector,Electronics,Prime Distributors,Delhi WH,Chennai,Retail,20,40000,800000,2073,Delivered,Debit Card
101217,2025-04-09,2025-04-12,Webcam,Accessories,XYZ Traders,Delhi WH,Pune,Wholesale,13,2500,32500,2079,In Transit,Cash
101218,2025-05-22,2025-05-29,Monitor,Electronics,Tech World,Chennai WH,Chennai,Retail,14,12000,168000,949,Delivered,Net Banking
101219,2025-10-06,2025-10-13,Keyboard,Accessories,Global Supply,Mumbai WH,Lucknow,Wholesale,6,900,5400,956,Delivered,Credit Card
101220,2025-06-17,2025-06-24,Switch,Networking,ABC Suppliers,Bangalore WH,Kolkata,Retail,7,6000,42000,2980,Delivered,Credit Card
101221,2025-08-28,2025-08-31,Desktop,Electronics,XYZ Traders,Hyderabad WH,Kolkata,Retail,10,45000,450000,408,Delayed,Debit Card
101222,2025-07-22,2025-07-23,Webcam,Accessories,Global Supply,Hyderabad WH,Ahmedabad,Wholesale,7,2500,17500,2693,In Transit,Cash
101223,2025-08-27,2025-08-31,Printer,Office Supplies,Prime Distributors,Mumbai WH,Delhi,Wholesale,2,15000,30000,2543,In Transit,Credit Card
101224,2025-10-18,2025-10-21,Desktop,Electronics,Tech World,Delhi WH,Jaipur,Retail,20,45000,900000,1883,Delivered,Credit Card
101225,2025-10-09,2025-10-13,Switch,Networking,Tech World,Bangalore WH,Hyderabad,Wholesale,5,6000,30000,1287,Delayed,Credit Card
101226,2025-12-10,2025-12-17,Keyboard,Accessories,Global Supply,Delhi WH,Jaipur,Wholesale,7,900,6300,926,In Transit,Debit Card
101227,2025-04-25,2025-04-29,Office Chair,Furniture,Prime Distributors,Mumbai WH,Lucknow,Retail,16,8500,136000,2475,Delivered,Cash
101228,2025-04-28,2025-05-01,SSD,Storage,Tech World,Delhi WH,Bangalore,Retail,3,5500,16500,2817,Delivered,UPI
101229,2025-08-31,2025-09-03,Webcam,Accessories,XYZ Traders,Delhi WH,Kolkata,Retail,3,2500,7500,1977,Delivered,Debit Card
101230,2025-12-25,2025-12-27,Printer,Office Supplies,Global Supply,Mumbai WH,Hyderabad,Retail,16,15000,240000,1361,Delivered,Net Banking
101231,2025-08-29,2025-09-03,Router,Networking,ABC Suppliers,Delhi WH,Ahmedabad,Wholesale,19,3500,66500,500,Delivered,Debit Card
101232,2025-08-23,2025-08-29,Scanner,Office Supplies,Global Supply,Delhi WH,Chennai,Retail,3,12000,36000,2829,Delayed,Debit Card
101233,2025-06-03,2025-06-05,Scanner,Office Supplies,ABC Suppliers,Hyderabad WH,Kolkata,Wholesale,16,12000,192000,1067,Cancelled,Credit Card
101234,2025-04-05,2025-04-06,Monitor,Electronics,Prime Distributors,Mumbai WH,Jaipur,Wholesale,9,12000,108000,935,Cancelled,Debit Card
101235,2025-01-08,2025-01-14,Hard Disk,Storage,XYZ Traders,Hyderabad WH,Bangalore,Wholesale,2,4200,8400,2503,Delivered,Net Banking
101236,2025-08-02,2025-08-07,Scanner,Office Supplies,Prime Distributors,Bangalore WH,Bangalore,Retail,7,12000,84000,586,Delivered,Debit Card
101237,2025-01-04,2025-01-10,SSD,Storage,ABC Suppliers,Bangalore WH,Lucknow,Retail,14,5500,77000,1282,Delivered,Debit Card
101238,2025-10-15,2025-10-21,Keyboard,Accessories,Prime Distributors,Hyderabad WH,Hyderabad,Wholesale,15,900,13500,2472,Delivered,Credit Card
101239,2025-02-19,2025-02-21,Router,Networking,ABC Suppliers,Bangalore WH,Lucknow,Wholesale,8,3500,28000,1078,Delivered,Debit Card
101240,2025-04-05,2025-04-10,Mouse,Accessories,Tech World,Chennai WH,Kolkata,Retail,6,700,4200,936,In Transit,Credit Card
101241,2025-08-04,2025-08-09,Printer,Office Supplies,Global Supply,Chennai WH,Chennai,Retail,17,15000,255000,2375,Delivered,Net Banking
101242,2025-08-11,2025-08-17,Hard Disk,Storage,Global Supply,Chennai WH,Jaipur,Retail,5,4200,21000,1837,Delivered,Net Banking
101243,2025-10-23,2025-10-28,Router,Networking,XYZ Traders,Hyderabad WH,Delhi,Wholesale,4,3500,14000,2328,Cancelled,Credit Card
101244,2025-04-14,2025-04-16,Keyboard,Accessories,Prime Distributors,Delhi WH,Kolkata,Retail,3,900,2700,469,Delivered,Net Banking
101245,2025-01-24,2025-01-30,Projector,Electronics,ABC Suppliers,Hyderabad WH,Delhi,Retail,11,40000,440000,999,Delivered,UPI
101246,2025-06-18,2025-06-22,Webcam,Accessories,Tech World,Mumbai WH,Delhi,Wholesale,8,2500,20000,1225,Delivered,Debit Card
101247,2025-06-13,2025-06-19,SSD,Storage,ABC Suppliers,Delhi WH,Jaipur,Retail,12,5500,66000,1409,Delivered,UPI
101248,2025-11-02,2025-11-06,Desktop,Electronics,ABC Suppliers,Mumbai WH,Kolkata,Retail,16,45000,720000,2207,Delivered,Net Banking
101249,2025-01-26,2025-02-01,Monitor,Electronics,ABC Suppliers,Hyderabad WH,Hyderabad,Retail,20,12000,240000,606,Delivered,UPI
101250,2025-06-07,2025-06-14,Keyboard,Accessories,ABC Suppliers,Chennai WH,Mumbai,Wholesale,18,900,16200,2219,Delayed,Cash
101251,2025-09-09,2025-09-13,Desktop,Electronics,Global Supply,Hyderabad WH,Hyderabad,Retail,6,45000,270000,412,Delivered,Net Banking
101252,2025-04-26,2025-05-02,Laptop,Electronics,Tech World,Hyderabad WH,Jaipur,Retail,1,55000,55000,2537,In Transit,Debit Card
101253,2025-08-27,2025-09-02,Scanner,Office Supplies,Prime Distributors,Chennai WH,Pune,Wholesale,14,12000,168000,1015,In Transit,Debit Card
101254,2025-02-20,2025-02-23,Monitor,Electronics,ABC Suppliers,Chennai WH,Ahmedabad,Retail,2,12000,24000,1559,Delayed,Credit Card
101255,2025-08-28,2025-08-29,Projector,Electronics,ABC Suppliers,Bangalore WH,Ahmedabad,Wholesale,14,40000,560000,304,Delivered,Credit Card
101256,2025-01-19,2025-01-25,Scanner,Office Supplies,Prime Distributors,Chennai WH,Chennai,Wholesale,15,12000,180000,1769,Delivered,UPI
101257,2025-08-18,2025-08-21,Switch,Networking,Tech World,Mumbai WH,Jaipur,Wholesale,2,6000,12000,1916,Delivered,UPI
101258,2025-05-15,2025-05-21,Monitor,Electronics,ABC Suppliers,Hyderabad WH,Mumbai,Retail,12,12000,144000,2057,Delivered,Net Banking
101259,2025-05-17,2025-05-22,Hard Disk,Storage,Tech World,Hyderabad WH,Lucknow,Retail,10,4200,42000,389,Delivered,Credit Card
101260,2025-02-22,2025-03-01,Printer,Office Supplies,Global Supply,Bangalore WH,Jaipur,Retail,3,15000,45000,628,Delivered,Credit Card
101261,2025-05-31,2025-06-01,Laptop,Electronics,XYZ Traders,Delhi WH,Pune,Retail,13,55000,715000,2506,Delayed,Cash
101262,2025-05-05,2025-05-11,Scanner,Office Supplies,Global Supply,Chennai WH,Kolkata,Retail,20,12000,240000,1376,Delayed,UPI
101263,2025-04-14,2025-04-20,Monitor,Electronics,ABC Suppliers,Mumbai WH,Kolkata,Retail,20,12000,240000,1758,In Transit,Net Banking
101264,2025-11-04,2025-11-07,Laptop,Electronics,Global Supply,Bangalore WH,Delhi,Wholesale,5,55000,275000,1871,Delivered,Net Banking
101265,2025-07-16,2025-07-23,Router,Networking,Tech World,Chennai WH,Lucknow,Wholesale,19,3500,66500,2198,Delivered,UPI
101266,2025-03-14,2025-03-16,Webcam,Accessories,Prime Distributors,Delhi WH,Hyderabad,Retail,6,2500,15000,1387,Delivered,Credit Card
101267,2025-01-25,2025-01-27,SSD,Storage,Prime Distributors,Mumbai WH,Lucknow,Wholesale,14,5500,77000,1354,Delivered,UPI
101268,2025-04-10,2025-04-14,Keyboard,Accessories,XYZ Traders,Delhi WH,Jaipur,Wholesale,13,900,11700,2435,Delivered,Net Banking
101269,2025-01-03,2025-01-04,Hard Disk,Storage,ABC Suppliers,Delhi WH,Ahmedabad,Retail,18,4200,75600,1102,In Transit,Net Banking
101270,2025-05-25,2025-05-28,Webcam,Accessories,ABC Suppliers,Mumbai WH,Chennai,Retail,1,2500,2500,657,Delayed,Credit Card
101271,2025-06-30,2025-07-07,Office Desk,Furniture,Prime Distributors,Delhi WH,Mumbai,Retail,6,15000,90000,2776,Delivered,Cash
101272,2025-10-09,2025-10-15,SSD,Storage,ABC Suppliers,Mumbai WH,Lucknow,Wholesale,4,5500,22000,1898,Delivered,UPI
101273,2025-07-24,2025-07-27,Keyboard,Accessories,Global Supply,Chennai WH,Delhi,Wholesale,17,900,15300,1899,Delivered,Debit Card
101274,2025-10-02,2025-10-06,Scanner,Office Supplies,Prime Distributors,Bangalore WH,Chennai,Retail,8,12000,96000,2979,Delivered,UPI
101275,2025-05-29,2025-06-03,Printer,Office Supplies,ABC Suppliers,Mumbai WH,Bangalore,Retail,5,15000,75000,1665,Delivered,Cash
101276,2025-12-12,2025-12-15,Mouse,Accessories,Tech World,Delhi WH,Mumbai,Wholesale,1,700,700,2640,Delivered,UPI
101277,2025-11-01,2025-11-08,Projector,Electronics,ABC Suppliers,Hyderabad WH,Pune,Retail,20,40000,800000,2742,Delivered,Net Banking
101278,2025-07-26,2025-07-28,SSD,Storage,Tech World,Delhi WH,Lucknow,Wholesale,6,5500,33000,225,Cancelled,Cash
101279,2025-07-11,2025-07-15,Office Chair,Furniture,Prime Distributors,Mumbai WH,Hyderabad,Retail,7,8500,59500,214,Delivered,Net Banking
101280,2025-05-23,2025-05-24,Laptop,Electronics,ABC Suppliers,Chennai WH,Delhi,Retail,16,55000,880000,2024,In Transit,Credit Card
101281,2025-07-10,2025-07-11,Mouse,Accessories,Tech World,Chennai WH,Mumbai,Wholesale,1,700,700,342,In Transit,Credit Card
101282,2025-03-12,2025-03-19,Desktop,Electronics,Global Supply,Delhi WH,Bangalore,Retail,8,45000,360000,908,Delivered,Credit Card
101283,2025-10-06,2025-10-12,Scanner,Office Supplies,Tech World,Chennai WH,Lucknow,Retail,8,12000,96000,2896,Delivered,Debit Card
101284,2025-03-08,2025-03-13,Scanner,Office Supplies,Prime Distributors,Mumbai WH,Delhi,Retail,17,12000,204000,1155,Delivered,Net Banking
101285,2025-01-07,2025-01-10,Hard Disk,Storage,XYZ Traders,Chennai WH,Lucknow,Retail,5,4200,21000,315,Delivered,Credit Card
101286,2025-04-28,2025-05-04,Hard Disk,Storage,Tech World,Delhi WH,Pune,Wholesale,4,4200,16800,2267,In Transit,UPI
101287,2025-04-20,2025-04-26,Printer,Office Supplies,Prime Distributors,Bangalore WH,Ahmedabad,Retail,9,15000,135000,1637,Delivered,Net Banking
101288,2025-04-04,2025-04-08,Scanner,Office Supplies,XYZ Traders,Chennai WH,Bangalore,Retail,13,12000,156000,2316,Cancelled,Cash
101289,2025-01-06,2025-01-13,Mouse,Accessories,XYZ Traders,Delhi WH,Pune,Wholesale,8,700,5600,976,Delivered,Credit Card
101290,2025-10-17,2025-10-19,Desktop,Electronics,Prime Distributors,Bangalore WH,Mumbai,Wholesale,15,45000,675000,1927,Delivered,UPI
101291,2025-10-31,2025-11-02,Laptop,Electronics,ABC Suppliers,Bangalore WH,Jaipur,Wholesale,5,55000,275000,1817,Delivered,Net Banking
101292,2025-01-19,2025-01-23,Hard Disk,Storage,Prime Distributors,Delhi WH,Chennai,Retail,20,4200,84000,1800,Delayed,UPI
101293,2025-06-16,2025-06-19,Monitor,Electronics,Prime Distributors,Hyderabad WH,Pune,Retail,17,12000,204000,2230,Delivered,UPI
101294,2025-06-16,2025-06-23,Mouse,Accessories,ABC Suppliers,Chennai WH,Ahmedabad,Wholesale,1,700,700,407,Delivered,Net Banking
101295,2025-08-02,2025-08-03,Hard Disk,Storage,Global Supply,Delhi WH,Delhi,Retail,14,4200,58800,354,In Transit,Debit Card
101296,2025-11-04,2025-11-09,Printer,Office Supplies,XYZ Traders,Chennai WH,Kolkata,Wholesale,3,15000,45000,2033,Delivered,UPI
101297,2025-01-15,2025-01-21,Laptop,Electronics,Global Supply,Chennai WH,Chennai,Wholesale,11,55000,605000,1452,In Transit,Net Banking
101298,2025-01-22,2025-01-29,Keyboard,Accessories,Tech World,Delhi WH,Chennai,Retail,5,900,4500,1629,In Transit,Cash
101299,2025-07-09,2025-07-14,SSD,Storage,Prime Distributors,Bangalore WH,Pune,Wholesale,2,5500,11000,1509,Delivered,UPI
101300,2025-04-01,2025-04-04,Printer,Office Supplies,ABC Suppliers,Mumbai WH,Jaipur,Wholesale,1,15000,15000,2099,Delivered,Cash
101301,2025-01-04,2025-01-07,Router,Networking,Prime Distributors,Bangalore WH,Ahmedabad,Retail,20,3500,70000,2033,Delivered,Cash
101302,2025-06-21,2025-06-26,Webcam,Accessories,XYZ Traders,Mumbai WH,Ahmedabad,Wholesale,13,2500,32500,1843,In Transit,Net Banking
101303,2025-01-30,2025-02-03,Mouse,Accessories,Prime Distributors,Chennai WH,Ahmedabad,Wholesale,13,700,9100,1845,Delivered,UPI
101304,2025-06-27,2025-06-30,Office Desk,Furniture,Prime Distributors,Hyderabad WH,Mumbai,Retail,10,15000,150000,2377,In Transit,Cash
101305,2025-07-13,2025-07-14,Router,Networking,ABC Suppliers,Chennai WH,Pune,Wholesale,9,3500,31500,311,Cancelled,UPI
101306,2025-05-31,2025-06-03,SSD,Storage,Prime Distributors,Chennai WH,Lucknow,Wholesale,18,5500,99000,2434,Delayed,Credit Card
101307,2025-07-08,2025-07-12,Office Chair,Furniture,ABC Suppliers,Chennai WH,Ahmedabad,Retail,6,8500,51000,339,Delivered,UPI
101308,2025-05-01,2025-05-08,Office Desk,Furniture,ABC Suppliers,Delhi WH,Kolkata,Retail,17,15000,255000,2054,Delivered,UPI
101309,2025-06-02,2025-06-03,Laptop,Electronics,Global Supply,Hyderabad WH,Ahmedabad,Retail,8,55000,440000,1557,Delivered,Debit Card
101310,2025-07-03,2025-07-10,Hard Disk,Storage,Global Supply,Hyderabad WH,Delhi,Retail,10,4200,42000,1625,Delayed,Credit Card
101311,2025-02-09,2025-02-12,Webcam,Accessories,Tech World,Bangalore WH,Pune,Wholesale,19,2500,47500,902,In Transit,Net Banking
101312,2025-04-29,2025-05-06,SSD,Storage,XYZ Traders,Hyderabad WH,Jaipur,Retail,4,5500,22000,2155,Delivered,UPI
101313,2025-02-25,2025-02-27,Mouse,Accessories,Prime Distributors,Chennai WH,Kolkata,Wholesale,3,700,2100,1223,Delivered,UPI
101314,2025-11-07,2025-11-11,Desktop,Electronics,ABC Suppliers,Hyderabad WH,Pune,Wholesale,4,45000,180000,2992,Delivered,UPI
101315,2025-02-18,2025-02-20,Printer,Office Supplies,Prime Distributors,Hyderabad WH,Hyderabad,Retail,1,15000,15000,381,In Transit,Cash
101316,2025-10-02,2025-10-03,Switch,Networking,Tech World,Mumbai WH,Mumbai,Retail,1,6000,6000,445,In Transit,UPI
101317,2025-08-10,2025-08-16,Laptop,Electronics,Global Supply,Delhi WH,Kolkata,Wholesale,12,55000,660000,2117,Delivered,UPI
101318,2025-10-13,2025-10-14,Router,Networking,XYZ Traders,Mumbai WH,Delhi,Wholesale,3,3500,10500,2670,Delivered,Credit Card
101319,2025-07-01,2025-07-05,Laptop,Electronics,Global Supply,Hyderabad WH,Delhi,Retail,1,55000,55000,856,In Transit,Cash
101320,2025-01-28,2025-02-02,Projector,Electronics,ABC Suppliers,Bangalore WH,Jaipur,Wholesale,6,40000,240000,1902,In Transit,UPI
101321,2025-03-17,2025-03-23,Projector,Electronics,XYZ Traders,Chennai WH,Lucknow,Wholesale,10,40000,400000,1193,Delivered,Net Banking
101322,2025-04-16,2025-04-19,Keyboard,Accessories,Prime Distributors,Bangalore WH,Lucknow,Wholesale,9,900,8100,399,In Transit,UPI
101323,2025-05-13,2025-05-20,Router,Networking,Tech World,Bangalore WH,Jaipur,Retail,6,3500,21000,1773,Delivered,Debit Card
101324,2025-05-07,2025-05-14,Projector,Electronics,Global Supply,Delhi WH,Kolkata,Wholesale,2,40000,80000,2792,Delayed,Cash
101325,2025-09-24,2025-10-01,Switch,Networking,Global Supply,Delhi WH,Jaipur,Wholesale,10,6000,60000,1401,Delivered,UPI
101326,2025-10-26,2025-11-01,Webcam,Accessories,XYZ Traders,Mumbai WH,Bangalore,Wholesale,16,2500,40000,386,Delivered,Debit Card
101327,2025-07-26,2025-08-02,Projector,Electronics,XYZ Traders,Hyderabad WH,Lucknow,Wholesale,4,40000,160000,1646,Delivered,Credit Card
101328,2025-12-11,2025-12-17,Switch,Networking,Global Supply,Bangalore WH,Bangalore,Retail,3,6000,18000,2524,Delivered,Credit Card
101329,2025-09-24,2025-09-27,Projector,Electronics,XYZ Traders,Bangalore WH,Chennai,Retail,10,40000,400000,269,Delivered,Net Banking
101330,2025-12-06,2025-12-08,SSD,Storage,Tech World,Chennai WH,Mumbai,Retail,4,5500,22000,1319,Delivered,Credit Card
101331,2025-09-10,2025-09-12,Router,Networking,Prime Distributors,Delhi WH,Kolkata,Retail,19,3500,66500,948,Delivered,Credit Card
101332,2025-04-29,2025-05-01,Scanner,Office Supplies,XYZ Traders,Bangalore WH,Delhi,Wholesale,11,12000,132000,516,Delivered,Credit Card
101333,2025-11-13,2025-11-20,Switch,Networking,Global Supply,Bangalore WH,Bangalore,Retail,11,6000,66000,2487,Delivered,Cash
101334,2025-03-05,2025-03-11,Office Desk,Furniture,Tech World,Hyderabad WH,Delhi,Retail,18,15000,270000,609,Delivered,UPI
101335,2025-01-04,2025-01-07,Projector,Electronics,Global Supply,Delhi WH,Lucknow,Retail,14,40000,560000,1011,Delivered,Net Banking
101336,2025-08-28,2025-08-29,Projector,Electronics,Global Supply,Delhi WH,Ahmedabad,Wholesale,11,40000,440000,2927,Delivered,Credit Card
101337,2025-03-17,2025-03-20,Scanner,Office Supplies,ABC Suppliers,Delhi WH,Jaipur,Retail,18,12000,216000,604,Delivered,UPI
101338,2025-06-04,2025-06-09,Scanner,Office Supplies,Prime Distributors,Chennai WH,Kolkata,Retail,2,12000,24000,274,Delivered,Cash
101339,2025-08-18,2025-08-19,Keyboard,Accessories,Global Supply,Hyderabad WH,Ahmedabad,Wholesale,2,900,1800,1517,Delivered,Net Banking
101340,2025-12-09,2025-12-10,Scanner,Office Supplies,ABC Suppliers,Mumbai WH,Chennai,Wholesale,19,12000,228000,2057,Cancelled,Cash
101341,2025-10-15,2025-10-20,Printer,Office Supplies,Tech World,Delhi WH,Jaipur,Wholesale,15,15000,225000,1083,Delivered,UPI
101342,2025-03-31,2025-04-06,Printer,Office Supplies,Tech World,Mumbai WH,Delhi,Retail,2,15000,30000,1133,Delivered,Debit Card
101343,2025-06-25,2025-07-02,Printer,Office Supplies,Tech World,Bangalore WH,Hyderabad,Retail,19,15000,285000,1693,Delivered,UPI
101344,2025-11-21,2025-11-25,Mouse,Accessories,Tech World,Chennai WH,Delhi,Wholesale,19,700,13300,439,Delivered,Cash
101345,2025-04-10,2025-04-11,Hard Disk,Storage,Tech World,Bangalore WH,Chennai,Wholesale,16,4200,67200,1514,Delivered,Net Banking
101346,2025-04-16,2025-04-19,Desktop,Electronics,Prime Distributors,Bangalore WH,Delhi,Retail,15,45000,675000,2738,Delivered,Credit Card
101347,2025-04-27,2025-04-29,Router,Networking,ABC Suppliers,Hyderabad WH,Chennai,Retail,12,3500,42000,1269,In Transit,Debit Card
101348,2025-01-03,2025-01-07,SSD,Storage,XYZ Traders,Bangalore WH,Jaipur,Retail,16,5500,88000,2078,Delivered,Net Banking
101349,2025-04-13,2025-04-15,Webcam,Accessories,ABC Suppliers,Delhi WH,Pune,Retail,15,2500,37500,1347,Delivered,Debit Card
101350,2025-08-08,2025-08-10,Keyboard,Accessories,Prime Distributors,Delhi WH,Lucknow,Wholesale,16,900,14400,1881,In Transit,UPI
101351,2025-08-21,2025-08-23,Printer,Office Supplies,ABC Suppliers,Chennai WH,Hyderabad,Wholesale,2,15000,30000,213,Delivered,UPI
101352,2025-03-15,2025-03-17,Desktop,Electronics,Tech World,Delhi WH,Jaipur,Wholesale,19,45000,855000,1085,Delayed,Debit Card
101353,2025-07-13,2025-07-16,Printer,Office Supplies,Prime Distributors,Hyderabad WH,Hyderabad,Retail,20,15000,300000,1615,Delivered,Net Banking
101354,2025-07-17,2025-07-24,Printer,Office Supplies,ABC Suppliers,Chennai WH,Lucknow,Wholesale,4,15000,60000,2410,Delivered,Debit Card
101355,2025-06-04,2025-06-07,Laptop,Electronics,Tech World,Chennai WH,Chennai,Wholesale,20,55000,1100000,769,Delivered,Credit Card
101356,2025-02-28,2025-03-07,Desktop,Electronics,Prime Distributors,Delhi WH,Bangalore,Wholesale,16,45000,720000,1204,Delivered,Cash
101357,2025-04-30,2025-05-03,Hard Disk,Storage,ABC Suppliers,Bangalore WH,Hyderabad,Wholesale,6,4200,25200,695,Delivered,UPI
101358,2025-07-25,2025-07-31,Desktop,Electronics,Global Supply,Bangalore WH,Ahmedabad,Retail,10,45000,450000,614,Delivered,UPI
101359,2025-05-30,2025-06-05,Monitor,Electronics,Tech World,Bangalore WH,Bangalore,Retail,9,12000,108000,1494,Delivered,Net Banking
101360,2025-06-22,2025-06-28,Scanner,Office Supplies,Tech World,Mumbai WH,Delhi,Wholesale,6,12000,72000,2580,Delivered,Net Banking
101361,2025-01-09,2025-01-15,Desktop,Electronics,Global Supply,Bangalore WH,Chennai,Retail,4,45000,180000,1022,Delivered,Debit Card
101362,2025-04-22,2025-04-27,Desktop,Electronics,ABC Suppliers,Hyderabad WH,Jaipur,Wholesale,15,45000,675000,2677,In Transit,Cash
101363,2025-09-06,2025-09-09,Hard Disk,Storage,XYZ Traders,Hyderabad WH,Bangalore,Wholesale,10,4200,42000,2042,In Transit,UPI
101364,2025-09-12,2025-09-17,Router,Networking,ABC Suppliers,Chennai WH,Jaipur,Retail,12,3500,42000,1623,In Transit,Net Banking
101365,2025-07-27,2025-07-30,Router,Networking,Global Supply,Chennai WH,Jaipur,Wholesale,18,3500,63000,2736,Delivered,UPI
101366,2025-03-16,2025-03-17,Office Chair,Furniture,XYZ Traders,Hyderabad WH,Mumbai,Wholesale,2,8500,17000,280,Delivered,Cash
101367,2025-01-18,2025-01-24,Projector,Electronics,ABC Suppliers,Chennai WH,Delhi,Retail,18,40000,720000,1709,Delayed,Debit Card
101368,2025-12-05,2025-12-11,Laptop,Electronics,Prime Distributors,Hyderabad WH,Mumbai,Retail,9,55000,495000,716,Cancelled,Credit Card
101369,2025-10-17,2025-10-21,Desktop,Electronics,ABC Suppliers,Bangalore WH,Chennai,Wholesale,4,45000,180000,2101,Delivered,Credit Card
101370,2025-02-16,2025-02-17,Keyboard,Accessories,XYZ Traders,Hyderabad WH,Mumbai,Retail,12,900,10800,2621,Delivered,Cash
101371,2025-09-24,2025-09-30,Desktop,Electronics,Prime Distributors,Hyderabad WH,Bangalore,Retail,3,45000,135000,1802,Cancelled,UPI
101372,2025-11-11,2025-11-13,Office Desk,Furniture,Tech World,Chennai WH,Bangalore,Retail,19,15000,285000,2559,Delivered,Credit Card
101373,2025-03-06,2025-03-13,Desktop,Electronics,ABC Suppliers,Mumbai WH,Hyderabad,Retail,13,45000,585000,1271,Delivered,Net Banking
101374,2025-08-29,2025-09-02,Laptop,Electronics,Prime Distributors,Hyderabad WH,Chennai,Wholesale,11,55000,605000,270,Delivered,Credit Card
101375,2025-07-25,2025-07-27,SSD,Storage,Tech World,Bangalore WH,Mumbai,Retail,14,5500,77000,2144,Delivered,Cash
101376,2025-08-19,2025-08-23,Office Desk,Furniture,ABC Suppliers,Delhi WH,Ahmedabad,Wholesale,5,15000,75000,1393,Delivered,UPI
101377,2025-01-13,2025-01-15,Desktop,Electronics,XYZ Traders,Hyderabad WH,Delhi,Wholesale,9,45000,405000,1287,In Transit,Debit Card
101378,2025-10-08,2025-10-15,Laptop,Electronics,Tech World,Bangalore WH,Ahmedabad,Retail,7,55000,385000,352,Delayed,Credit Card
101379,2025-04-22,2025-04-24,Switch,Networking,Global Supply,Hyderabad WH,Jaipur,Wholesale,3,6000,18000,401,Delivered,Cash
101380,2025-10-20,2025-10-26,Desktop,Electronics,Tech World,Hyderabad WH,Bangalore,Wholesale,15,45000,675000,2974,Delivered,Cash
101381,2025-07-14,2025-07-15,Desktop,Electronics,Tech World,Hyderabad WH,Chennai,Wholesale,11,45000,495000,2297,Delivered,Credit Card
101382,2025-03-21,2025-03-28,Projector,Electronics,ABC Suppliers,Mumbai WH,Lucknow,Retail,19,40000,760000,1492,In Transit,Net Banking
101383,2025-12-19,2025-12-21,Printer,Office Supplies,Tech World,Hyderabad WH,Delhi,Retail,8,15000,120000,1392,Delivered,Debit Card
101384,2025-02-19,2025-02-22,Keyboard,Accessories,Global Supply,Mumbai WH,Ahmedabad,Retail,14,900,12600,1119,Delivered,Cash
101385,2025-05-31,2025-06-07,Projector,Electronics,Tech World,Hyderabad WH,Chennai,Retail,6,40000,240000,609,Delayed,Debit Card
101386,2025-04-29,2025-04-30,Mouse,Accessories,Tech World,Mumbai WH,Bangalore,Retail,12,700,8400,1670,Delivered,UPI
101387,2025-09-26,2025-09-27,Hard Disk,Storage,Global Supply,Mumbai WH,Mumbai,Retail,9,4200,37800,2767,Delivered,Credit Card
101388,2025-01-27,2025-01-29,Printer,Office Supplies,Global Supply,Hyderabad WH,Kolkata,Retail,3,15000,45000,2059,Delivered,Cash
101389,2025-03-18,2025-03-21,Projector,Electronics,Prime Distributors,Hyderabad WH,Ahmedabad,Wholesale,2,40000,80000,1804,Delivered,Cash
101390,2025-10-18,2025-10-23,Monitor,Electronics,Prime Distributors,Delhi WH,Mumbai,Wholesale,4,12000,48000,1145,Delivered,Net Banking
101391,2025-06-19,2025-06-21,Hard Disk,Storage,XYZ Traders,Hyderabad WH,Chennai,Wholesale,17,4200,71400,399,Delayed,Cash
101392,2025-08-10,2025-08-16,Desktop,Electronics,XYZ Traders,Delhi WH,Lucknow,Wholesale,8,45000,360000,295,Delivered,Net Banking
101393,2025-03-15,2025-03-21,Office Chair,Furniture,Global Supply,Delhi WH,Ahmedabad,Wholesale,9,8500,76500,651,Delivered,UPI
101394,2025-10-20,2025-10-26,Office Desk,Furniture,Global Supply,Bangalore WH,Kolkata,Retail,10,15000,150000,2527,Delivered,Net Banking
101395,2025-09-09,2025-09-16,Office Desk,Furniture,Global Supply,Delhi WH,Lucknow,Wholesale,15,15000,225000,1703,Delivered,Credit Card
101396,2025-12-13,2025-12-15,Router,Networking,ABC Suppliers,Mumbai WH,Delhi,Retail,17,3500,59500,493,Delivered,Cash
101397,2025-08-16,2025-08-19,Office Chair,Furniture,Prime Distributors,Mumbai WH,Hyderabad,Retail,16,8500,136000,1034,Delivered,Net Banking
101398,2025-04-20,2025-04-23,Webcam,Accessories,Global Supply,Delhi WH,Delhi,Retail,4,2500,10000,1931,Delivered,Net Banking
101399,2025-02-28,2025-03-01,Mouse,Accessories,XYZ Traders,Delhi WH,Mumbai,Retail,11,700,7700,2963,In Transit,Cash
101400,2025-07-02,2025-07-05,SSD,Storage,Global Supply,Delhi WH,Delhi,Retail,6,5500,33000,2992,Delivered,Cash
101401,2025-02-26,2025-02-27,Switch,Networking,Global Supply,Bangalore WH,Chennai,Wholesale,7,6000,42000,2405,In Transit,Cash
101402,2025-04-10,2025-04-16,Projector,Electronics,Prime Distributors,Chennai WH,Ahmedabad,Wholesale,1,40000,40000,2248,Delivered,Debit Card
101403,2025-09-11,2025-09-18,Scanner,Office Supplies,Global Supply,Chennai WH,Kolkata,Wholesale,7,12000,84000,337,Delivered,UPI
101404,2025-08-12,2025-08-18,Webcam,Accessories,Global Supply,Chennai WH,Chennai,Retail,1,2500,2500,2182,Delivered,Credit Card
101405,2025-09-15,2025-09-21,Desktop,Electronics,Prime Distributors,Delhi WH,Chennai,Retail,11,45000,495000,1089,Delivered,Cash
101406,2025-10-31,2025-11-01,Laptop,Electronics,XYZ Traders,Chennai WH,Ahmedabad,Retail,5,55000,275000,2055,Delivered,Cash
101407,2025-04-24,2025-05-01,Keyboard,Accessories,ABC Suppliers,Hyderabad WH,Lucknow,Retail,10,900,9000,1848,In Transit,Debit Card
101408,2025-02-23,2025-03-01,Monitor,Electronics,Tech World,Delhi WH,Pune,Wholesale,13,12000,156000,252,Delivered,Net Banking
101409,2025-05-20,2025-05-27,Office Desk,Furniture,ABC Suppliers,Delhi WH,Bangalore,Retail,20,15000,300000,1810,In Transit,Credit Card
101410,2025-03-15,2025-03-20,Mouse,Accessories,Tech World,Delhi WH,Pune,Retail,18,700,12600,2536,Delivered,Debit Card
101411,2025-03-15,2025-03-21,Office Chair,Furniture,XYZ Traders,Mumbai WH,Jaipur,Wholesale,13,8500,110500,1344,Delivered,Net Banking
101412,2025-12-17,2025-12-18,Desktop,Electronics,Prime Distributors,Chennai WH,Lucknow,Wholesale,5,45000,225000,505,Delivered,Debit Card
101413,2025-01-23,2025-01-25,Laptop,Electronics,Tech World,Hyderabad WH,Chennai,Wholesale,14,55000,770000,1456,In Transit,Debit Card
101414,2025-12-28,2026-01-01,Keyboard,Accessories,Tech World,Bangalore WH,Kolkata,Retail,4,900,3600,1279,Delivered,Net Banking
101415,2025-10-14,2025-10-19,Webcam,Accessories,Tech World,Mumbai WH,Kolkata,Retail,12,2500,30000,299,Delivered,UPI
101416,2025-12-21,2025-12-25,Keyboard,Accessories,Prime Distributors,Bangalore WH,Lucknow,Wholesale,18,900,16200,2976,In Transit,Debit Card
101417,2025-11-19,2025-11-25,Printer,Office Supplies,Prime Distributors,Mumbai WH,Kolkata,Retail,7,15000,105000,1560,Delivered,Debit Card
101418,2025-04-17,2025-04-24,Office Chair,Furniture,Prime Distributors,Chennai WH,Jaipur,Wholesale,13,8500,110500,2827,Delivered,Cash
101419,2025-08-23,2025-08-30,Office Desk,Furniture,Prime Distributors,Chennai WH,Pune,Retail,19,15000,285000,2019,Delayed,Net Banking
101420,2025-09-05,2025-09-10,Laptop,Electronics,Tech World,Chennai WH,Ahmedabad,Retail,18,55000,990000,2788,In Transit,Debit Card
101421,2025-08-30,2025-09-05,Desktop,Electronics,Global Supply,Delhi WH,Kolkata,Retail,19,45000,855000,579,In Transit,Credit Card
101422,2025-11-26,2025-12-03,Office Chair,Furniture,Prime Distributors,Bangalore WH,Pune,Wholesale,4,8500,34000,318,Cancelled,Net Banking
101423,2025-02-21,2025-02-28,Hard Disk,Storage,Global Supply,Hyderabad WH,Delhi,Wholesale,4,4200,16800,2384,Delivered,Cash
101424,2025-07-08,2025-07-10,Keyboard,Accessories,Global Supply,Chennai WH,Ahmedabad,Retail,16,900,14400,2332,Delivered,Credit Card
101425,2025-07-12,2025-07-16,Monitor,Electronics,Tech World,Delhi WH,Jaipur,Retail,5,12000,60000,377,Cancelled,Credit Card
101426,2025-03-17,2025-03-22,Scanner,Office Supplies,XYZ Traders,Delhi WH,Jaipur,Wholesale,19,12000,228000,2182,In Transit,Credit Card
101427,2025-02-07,2025-02-11,Webcam,Accessories,XYZ Traders,Chennai WH,Mumbai,Wholesale,3,2500,7500,2433,Delivered,Credit Card
101428,2025-11-10,2025-11-15,Office Chair,Furniture,Tech World,Mumbai WH,Ahmedabad,Retail,13,8500,110500,1884,Delivered,Net Banking
101429,2025-08-29,2025-09-05,Switch,Networking,ABC Suppliers,Mumbai WH,Delhi,Wholesale,13,6000,78000,1870,Delivered,Net Banking
101430,2025-01-16,2025-01-21,Webcam,Accessories,ABC Suppliers,Mumbai WH,Mumbai,Wholesale,5,2500,12500,2405,Delivered,Cash
101431,2025-04-09,2025-04-12,Router,Networking,Tech World,Mumbai WH,Bangalore,Wholesale,7,3500,24500,424,Cancelled,Cash
101432,2025-10-22,2025-10-26,Office Desk,Furniture,Tech World,Hyderabad WH,Pune,Wholesale,16,15000,240000,2593,Delivered,Cash
101433,2025-08-13,2025-08-17,Monitor,Electronics,ABC Suppliers,Mumbai WH,Ahmedabad,Retail,13,12000,156000,2297,In Transit,Cash
101434,2025-02-01,2025-02-07,Router,Networking,ABC Suppliers,Delhi WH,Delhi,Retail,2,3500,7000,1940,Delivered,Debit Card
101435,2025-06-10,2025-06-14,Desktop,Electronics,Tech World,Chennai WH,Jaipur,Wholesale,2,45000,90000,2780,Delivered,Cash
101436,2025-04-17,2025-04-24,Keyboard,Accessories,ABC Suppliers,Delhi WH,Kolkata,Retail,8,900,7200,321,Delivered,Cash
101437,2025-12-29,2025-12-30,Monitor,Electronics,Tech World,Delhi WH,Delhi,Retail,13,12000,156000,647,In Transit,Credit Card
101438,2025-10-14,2025-10-15,Printer,Office Supplies,XYZ Traders,Bangalore WH,Pune,Retail,9,15000,135000,1228,Delivered,UPI
101439,2025-05-22,2025-05-27,Hard Disk,Storage,ABC Suppliers,Chennai WH,Lucknow,Retail,18,4200,75600,2038,Delayed,Credit Card
101440,2025-08-11,2025-08-17,Router,Networking,Global Supply,Chennai WH,Kolkata,Wholesale,16,3500,56000,1396,Delayed,Debit Card
101441,2025-07-05,2025-07-12,Router,Networking,Prime Distributors,Bangalore WH,Ahmedabad,Wholesale,1,3500,3500,2435,Delivered,Credit Card
101442,2025-12-22,2025-12-25,Webcam,Accessories,Global Supply,Hyderabad WH,Delhi,Retail,13,2500,32500,2471,Delayed,Cash
101443,2025-01-25,2025-01-28,Switch,Networking,Tech World,Bangalore WH,Hyderabad,Retail,15,6000,90000,1871,Delivered,Cash
101444,2025-03-02,2025-03-05,Mouse,Accessories,ABC Suppliers,Delhi WH,Delhi,Retail,9,700,6300,771,Delivered,UPI
101445,2025-08-24,2025-08-27,Keyboard,Accessories,Prime Distributors,Chennai WH,Kolkata,Retail,1,900,900,2961,In Transit,Net Banking
101446,2025-08-04,2025-08-05,Hard Disk,Storage,Tech World,Chennai WH,Hyderabad,Retail,12,4200,50400,1646,Delivered,Debit Card
101447,2025-02-23,2025-02-24,Mouse,Accessories,Tech World,Hyderabad WH,Hyderabad,Retail,12,700,8400,2431,Delivered,Credit Card
101448,2025-03-11,2025-03-18,Mouse,Accessories,Prime Distributors,Mumbai WH,Jaipur,Wholesale,13,700,9100,1291,Delivered,Debit Card
101449,2025-09-12,2025-09-14,Mouse,Accessories,Prime Distributors,Bangalore WH,Mumbai,Retail,6,700,4200,2347,Delayed,Debit Card
101450,2025-04-25,2025-05-02,Monitor,Electronics,Prime Distributors,Mumbai WH,Pune,Wholesale,6,12000,72000,1196,In Transit,UPI
101451,2025-03-07,2025-03-12,Keyboard,Accessories,XYZ Traders,Hyderabad WH,Mumbai,Retail,13,900,11700,1877,Delivered,Debit Card
101452,2025-10-20,2025-10-26,Hard Disk,Storage,XYZ Traders,Mumbai WH,Kolkata,Wholesale,5,4200,21000,1762,In Transit,Debit Card
101453,2025-09-21,2025-09-23,Monitor,Electronics,Prime Distributors,Chennai WH,Pune,Retail,11,12000,132000,1416,Delivered,Net Banking
101454,2025-09-22,2025-09-25,Office Desk,Furniture,XYZ Traders,Hyderabad WH,Hyderabad,Wholesale,18,15000,270000,2365,Delivered,UPI
101455,2025-07-20,2025-07-25,Office Desk,Furniture,XYZ Traders,Bangalore WH,Chennai,Retail,7,15000,105000,1702,Delayed,Cash
101456,2025-02-18,2025-02-25,SSD,Storage,Tech World,Chennai WH,Delhi,Retail,3,5500,16500,2010,Delivered,Net Banking
101457,2025-04-28,2025-05-04,Hard Disk,Storage,Global Supply,Bangalore WH,Mumbai,Retail,11,4200,46200,290,Delivered,Credit Card
101458,2025-06-15,2025-06-20,Monitor,Electronics,ABC Suppliers,Mumbai WH,Hyderabad,Wholesale,5,12000,60000,2722,In Transit,Cash
101459,2025-12-19,2025-12-24,SSD,Storage,Tech World,Delhi WH,Lucknow,Wholesale,9,5500,49500,667,Cancelled,Cash
101460,2025-07-14,2025-07-19,SSD,Storage,Prime Distributors,Delhi WH,Chennai,Retail,1,5500,5500,346,Cancelled,Net Banking
101461,2025-02-02,2025-02-06,Laptop,Electronics,Global Supply,Chennai WH,Pune,Retail,13,55000,715000,795,Delivered,Credit Card
101462,2025-12-26,2025-12-31,Scanner,Office Supplies,Prime Distributors,Hyderabad WH,Kolkata,Wholesale,12,12000,144000,325,Cancelled,Net Banking
101463,2025-07-03,2025-07-10,Router,Networking,Global Supply,Bangalore WH,Chennai,Retail,16,3500,56000,1242,Delivered,UPI
101464,2025-03-27,2025-03-31,Desktop,Electronics,Global Supply,Delhi WH,Hyderabad,Wholesale,3,45000,135000,1662,Delivered,UPI
101465,2025-03-17,2025-03-21,Printer,Office Supplies,Global Supply,Mumbai WH,Hyderabad,Wholesale,17,15000,255000,2241,Delivered,Cash
101466,2025-10-31,2025-11-04,Scanner,Office Supplies,Global Supply,Chennai WH,Lucknow,Retail,7,12000,84000,2249,Delayed,Cash
101467,2025-04-06,2025-04-08,Desktop,Electronics,Prime Distributors,Chennai WH,Chennai,Retail,10,45000,450000,888,Delivered,UPI
101468,2025-04-08,2025-04-15,SSD,Storage,Global Supply,Chennai WH,Hyderabad,Wholesale,1,5500,5500,1936,Delivered,Credit Card
101469,2025-04-22,2025-04-23,Monitor,Electronics,Tech World,Bangalore WH,Delhi,Wholesale,8,12000,96000,1017,Delivered,Net Banking
101470,2025-06-18,2025-06-21,Keyboard,Accessories,Global Supply,Bangalore WH,Chennai,Wholesale,15,900,13500,2386,Delivered,Credit Card
101471,2025-07-25,2025-07-26,Printer,Office Supplies,Global Supply,Hyderabad WH,Lucknow,Retail,18,15000,270000,1391,Delivered,Debit Card
101472,2025-05-19,2025-05-23,Scanner,Office Supplies,ABC Suppliers,Chennai WH,Chennai,Retail,18,12000,216000,1330,Delivered,Debit Card
101473,2025-07-03,2025-07-10,Desktop,Electronics,XYZ Traders,Hyderabad WH,Pune,Wholesale,10,45000,450000,2276,In Transit,Net Banking
101474,2025-01-10,2025-01-13,Laptop,Electronics,Tech World,Delhi WH,Lucknow,Retail,20,55000,1100000,1979,Delivered,UPI
101475,2025-11-28,2025-12-04,Desktop,Electronics,Tech World,Hyderabad WH,Ahmedabad,Wholesale,9,45000,405000,2221,Delivered,UPI
101476,2025-10-01,2025-10-03,Mouse,Accessories,Prime Distributors,Mumbai WH,Bangalore,Retail,15,700,10500,822,Delivered,Cash
101477,2025-04-09,2025-04-11,Laptop,Electronics,Global Supply,Chennai WH,Chennai,Wholesale,20,55000,1100000,1365,Delivered,Cash
101478,2025-12-11,2025-12-15,Webcam,Accessories,Prime Distributors,Delhi WH,Kolkata,Wholesale,3,2500,7500,1250,In Transit,Net Banking
101479,2025-12-22,2025-12-25,Printer,Office Supplies,Global Supply,Delhi WH,Ahmedabad,Retail,12,15000,180000,278,Delivered,UPI
101480,2025-04-14,2025-04-18,Desktop,Electronics,XYZ Traders,Delhi WH,Hyderabad,Wholesale,12,45000,540000,2728,Delivered,Net Banking
101481,2025-01-19,2025-01-21,Office Desk,Furniture,Tech World,Bangalore WH,Ahmedabad,Retail,14,15000,210000,823,Delivered,UPI
101482,2025-06-28,2025-07-04,Webcam,Accessories,XYZ Traders,Mumbai WH,Mumbai,Wholesale,10,2500,25000,2757,Delivered,Credit Card
101483,2025-10-02,2025-10-06,Desktop,Electronics,Global Supply,Delhi WH,Lucknow,Retail,15,45000,675000,2789,Delivered,UPI
101484,2025-12-12,2025-12-15,Laptop,Electronics,Global Supply,Bangalore WH,Bangalore,Wholesale,14,55000,770000,1287,Delivered,Cash
101485,2025-02-13,2025-02-18,Office Desk,Furniture,Global Supply,Hyderabad WH,Lucknow,Retail,15,15000,225000,2100,Delivered,Net Banking
101486,2025-10-21,2025-10-28,Office Desk,Furniture,ABC Suppliers,Mumbai WH,Mumbai,Retail,11,15000,165000,1127,Delivered,Net Banking
101487,2025-05-25,2025-06-01,Keyboard,Accessories,XYZ Traders,Bangalore WH,Mumbai,Retail,6,900,5400,2135,In Transit,Credit Card
101488,2025-02-25,2025-03-02,Router,Networking,XYZ Traders,Chennai WH,Ahmedabad,Wholesale,17,3500,59500,2398,Delivered,Debit Card
101489,2025-07-31,2025-08-07,SSD,Storage,Tech World,Bangalore WH,Kolkata,Wholesale,19,5500,104500,206,Delivered,Debit Card
101490,2025-04-11,2025-04-14,Router,Networking,Prime Distributors,Chennai WH,Delhi,Retail,4,3500,14000,945,Delivered,Credit Card
101491,2025-01-27,2025-01-31,Hard Disk,Storage,ABC Suppliers,Bangalore WH,Chennai,Retail,6,4200,25200,2796,Delivered,Net Banking
101492,2025-03-16,2025-03-22,Monitor,Electronics,Global Supply,Delhi WH,Delhi,Wholesale,18,12000,216000,1719,In Transit,UPI
101493,2025-10-03,2025-10-04,Office Desk,Furniture,Global Supply,Delhi WH,Bangalore,Wholesale,1,15000,15000,1276,Delivered,Net Banking
101494,2025-06-01,2025-06-02,Printer,Office Supplies,Global Supply,Hyderabad WH,Mumbai,Retail,10,15000,150000,2845,Cancelled,UPI
101495,2025-11-13,2025-11-15,Webcam,Accessories,Global Supply,Bangalore WH,Bangalore,Wholesale,10,2500,25000,2700,Delivered,Cash
101496,2025-08-30,2025-09-01,Printer,Office Supplies,Global Supply,Mumbai WH,Lucknow,Retail,6,15000,90000,1964,Delivered,Credit Card
101497,2025-03-21,2025-03-22,Printer,Office Supplies,ABC Suppliers,Chennai WH,Delhi,Retail,16,15000,240000,1619,Delivered,Cash
101498,2025-06-04,2025-06-10,Printer,Office Supplies,Prime Distributors,Mumbai WH,Ahmedabad,Wholesale,3,15000,45000,2384,Delivered,Debit Card
101499,2025-09-02,2025-09-07,Monitor,Electronics,ABC Suppliers,Mumbai WH,Jaipur,Retail,8,12000,96000,2226,Delivered,Net Banking
101500,2025-05-18,2025-05-22,Printer,Office Supplies,Tech World,Bangalore WH,Ahmedabad,Retail,5,15000,75000,2926,Delivered,Cash
101501,2025-05-17,2025-05-20,SSD,Storage,ABC Suppliers,Delhi WH,Delhi,Retail,15,5500,82500,306,Delivered,Net Banking
101502,2025-06-13,2025-06-18,Router,Networking,Tech World,Bangalore WH,Chennai,Retail,14,3500,49000,2153,Delivered,UPI
101503,2025-12-27,2026-01-03,Laptop,Electronics,XYZ Traders,Delhi WH,Ahmedabad,Wholesale,3,55000,165000,2001,Delivered,Credit Card
101504,2025-04-08,2025-04-10,SSD,Storage,Prime Distributors,Bangalore WH,Lucknow,Retail,3,5500,16500,523,Cancelled,Credit Card
101505,2025-02-28,2025-03-04,Printer,Office Supplies,Global Supply,Hyderabad WH,Ahmedabad,Wholesale,10,15000,150000,2131,Delivered,UPI
101506,2025-04-13,2025-04-18,Projector,Electronics,XYZ Traders,Delhi WH,Lucknow,Retail,9,40000,360000,454,Delivered,Credit Card
101507,2025-09-17,2025-09-22,Laptop,Electronics,XYZ Traders,Hyderabad WH,Bangalore,Wholesale,12,55000,660000,307,Delivered,Debit Card
101508,2025-09-30,2025-10-06,Switch,Networking,Tech World,Chennai WH,Ahmedabad,Retail,12,6000,72000,2005,Delivered,Debit Card
101509,2025-10-07,2025-10-11,Office Chair,Furniture,Global Supply,Delhi WH,Ahmedabad,Wholesale,14,8500,119000,2273,Delivered,UPI
101510,2025-06-11,2025-06-12,Printer,Office Supplies,ABC Suppliers,Mumbai WH,Bangalore,Wholesale,5,15000,75000,545,Delivered,Credit Card
101511,2025-11-13,2025-11-19,Hard Disk,Storage,Global Supply,Hyderabad WH,Hyderabad,Retail,17,4200,71400,2087,Delivered,Debit Card
101512,2025-09-05,2025-09-07,Keyboard,Accessories,Global Supply,Delhi WH,Delhi,Wholesale,8,900,7200,2335,Delivered,UPI
101513,2025-08-06,2025-08-11,Webcam,Accessories,Prime Distributors,Bangalore WH,Bangalore,Wholesale,9,2500,22500,2571,Delivered,Net Banking
101514,2025-07-02,2025-07-03,Printer,Office Supplies,XYZ Traders,Delhi WH,Delhi,Retail,19,15000,285000,469,Delivered,Cash
101515,2025-08-13,2025-08-18,Laptop,Electronics,Prime Distributors,Bangalore WH,Delhi,Wholesale,8,55000,440000,1722,In Transit,Cash
101516,2025-03-18,2025-03-22,Router,Networking,Global Supply,Delhi WH,Pune,Wholesale,11,3500,38500,2719,Delivered,Credit Card
101517,2025-12-11,2025-12-16,Switch,Networking,Prime Distributors,Hyderabad WH,Mumbai,Wholesale,14,6000,84000,366,Delivered,Cash
101518,2025-07-24,2025-07-26,Printer,Office Supplies,ABC Suppliers,Bangalore WH,Chennai,Wholesale,15,15000,225000,535,Delivered,Credit Card
101519,2025-09-19,2025-09-21,Projector,Electronics,Tech World,Hyderabad WH,Delhi,Wholesale,19,40000,760000,274,In Transit,Cash
101520,2025-04-30,2025-05-02,Projector,Electronics,Prime Distributors,Delhi WH,Hyderabad,Wholesale,6,40000,240000,2551,Delivered,Net Banking
101521,2025-07-29,2025-08-02,Switch,Networking,Prime Distributors,Mumbai WH,Pune,Wholesale,11,6000,66000,825,Delayed,Debit Card
101522,2025-12-24,2025-12-31,Mouse,Accessories,ABC Suppliers,Chennai WH,Lucknow,Wholesale,11,700,7700,607,Delayed,Debit Card
101523,2025-07-31,2025-08-05,Mouse,Accessories,XYZ Traders,Bangalore WH,Kolkata,Wholesale,13,700,9100,1945,Delivered,UPI
101524,2025-01-30,2025-02-04,Hard Disk,Storage,XYZ Traders,Chennai WH,Mumbai,Wholesale,12,4200,50400,2232,Delivered,Credit Card
101525,2025-02-18,2025-02-22,Office Desk,Furniture,Tech World,Mumbai WH,Mumbai,Wholesale,8,15000,120000,2778,Delivered,UPI
101526,2025-06-27,2025-06-29,Keyboard,Accessories,Tech World,Bangalore WH,Bangalore,Retail,9,900,8100,1492,Delivered,Debit Card
101527,2025-04-03,2025-04-10,Office Chair,Furniture,Tech World,Delhi WH,Ahmedabad,Retail,15,8500,127500,2940,Delayed,Cash
101528,2025-04-03,2025-04-10,SSD,Storage,XYZ Traders,Delhi WH,Kolkata,Wholesale,2,5500,11000,1598,Cancelled,UPI
101529,2025-12-17,2025-12-23,Scanner,Office Supplies,Prime Distributors,Hyderabad WH,Kolkata,Retail,2,12000,24000,1992,Delivered,Cash
101530,2025-08-15,2025-08-17,Desktop,Electronics,Prime Distributors,Hyderabad WH,Lucknow,Retail,4,45000,180000,2392,Delivered,Cash
101531,2025-02-16,2025-02-19,Laptop,Electronics,ABC Suppliers,Hyderabad WH,Chennai,Wholesale,3,55000,165000,774,Delivered,UPI
101532,2025-06-12,2025-06-16,Keyboard,Accessories,Prime Distributors,Delhi WH,Bangalore,Retail,2,900,1800,630,Delivered,UPI
101533,2025-07-30,2025-08-05,Monitor,Electronics,Prime Distributors,Delhi WH,Bangalore,Wholesale,13,12000,156000,2093,Cancelled,Cash
101534,2025-06-04,2025-06-06,Printer,Office Supplies,Tech World,Bangalore WH,Kolkata,Wholesale,4,15000,60000,1834,Delivered,UPI
101535,2025-05-25,2025-05-31,Printer,Office Supplies,XYZ Traders,Mumbai WH,Lucknow,Retail,12,15000,180000,2631,Delayed,UPI
101536,2025-05-22,2025-05-26,Desktop,Electronics,Prime Distributors,Delhi WH,Ahmedabad,Wholesale,19,45000,855000,2428,Delivered,Credit Card
101537,2025-02-23,2025-02-28,Mouse,Accessories,Global Supply,Bangalore WH,Mumbai,Retail,19,700,13300,1098,Delivered,UPI
101538,2025-12-29,2025-12-31,Projector,Electronics,Tech World,Bangalore WH,Jaipur,Retail,1,40000,40000,2631,Delivered,Debit Card
101539,2025-06-23,2025-06-26,Hard Disk,Storage,Tech World,Mumbai WH,Pune,Retail,14,4200,58800,673,Delayed,Cash
101540,2025-05-24,2025-05-27,Webcam,Accessories,XYZ Traders,Mumbai WH,Kolkata,Wholesale,12,2500,30000,2871,Delivered,Net Banking
101541,2025-09-29,2025-10-04,Webcam,Accessories,Tech World,Chennai WH,Hyderabad,Wholesale,3,2500,7500,267,In Transit,Credit Card
101542,2025-10-08,2025-10-15,Scanner,Office Supplies,XYZ Traders,Mumbai WH,Mumbai,Retail,9,12000,108000,2574,Delivered,Debit Card
101543,2025-06-11,2025-06-18,Mouse,Accessories,ABC Suppliers,Bangalore WH,Mumbai,Wholesale,20,700,14000,2564,Cancelled,Debit Card
101544,2025-05-15,2025-05-21,Webcam,Accessories,Prime Distributors,Delhi WH,Jaipur,Wholesale,6,2500,15000,2369,Delayed,Cash
101545,2025-03-29,2025-04-03,Webcam,Accessories,Global Supply,Bangalore WH,Delhi,Wholesale,18,2500,45000,1753,Delivered,Cash
101546,2025-06-12,2025-06-17,Keyboard,Accessories,Prime Distributors,Hyderabad WH,Ahmedabad,Wholesale,2,900,1800,467,In Transit,Net Banking
101547,2025-06-20,2025-06-26,Hard Disk,Storage,Prime Distributors,Mumbai WH,Pune,Wholesale,11,4200,46200,1204,Delivered,UPI
101548,2025-09-08,2025-09-13,Monitor,Electronics,Tech World,Chennai WH,Chennai,Retail,20,12000,240000,2350,Delivered,Debit Card
101549,2025-03-16,2025-03-23,Office Desk,Furniture,Global Supply,Delhi WH,Delhi,Wholesale,4,15000,60000,2787,Delivered,Net Banking
101550,2025-06-21,2025-06-24,Laptop,Electronics,Tech World,Delhi WH,Pune,Retail,5,55000,275000,1862,Delivered,UPI
101551,2025-01-07,2025-01-08,Router,Networking,ABC Suppliers,Bangalore WH,Delhi,Wholesale,16,3500,56000,1612,Delivered,Cash
101552,2025-05-15,2025-05-16,Monitor,Electronics,Tech World,Mumbai WH,Delhi,Retail,3,12000,36000,586,Delivered,UPI
101553,2025-05-22,2025-05-28,Desktop,Electronics,XYZ Traders,Chennai WH,Lucknow,Retail,3,45000,135000,698,Delivered,Net Banking
101554,2025-11-25,2025-11-27,Switch,Networking,Tech World,Delhi WH,Mumbai,Wholesale,14,6000,84000,898,Delayed,UPI
101555,2025-06-14,2025-06-17,Webcam,Accessories,Global Supply,Mumbai WH,Mumbai,Wholesale,17,2500,42500,1851,Delivered,Credit Card
101556,2025-10-23,2025-10-27,Monitor,Electronics,XYZ Traders,Chennai WH,Ahmedabad,Retail,4,12000,48000,1330,Delivered,Cash
101557,2025-01-22,2025-01-26,Hard Disk,Storage,Prime Distributors,Chennai WH,Mumbai,Wholesale,6,4200,25200,1564,Delivered,Credit Card
101558,2025-07-23,2025-07-30,Mouse,Accessories,Tech World,Chennai WH,Delhi,Wholesale,8,700,5600,2396,Delayed,UPI
101559,2025-11-14,2025-11-20,Scanner,Office Supplies,XYZ Traders,Hyderabad WH,Delhi,Wholesale,17,12000,204000,2509,Cancelled,Net Banking
101560,2025-01-01,2025-01-08,Scanner,Office Supplies,Global Supply,Bangalore WH,Chennai,Retail,16,12000,192000,474,In Transit,Debit Card
101561,2025-05-28,2025-06-02,Laptop,Electronics,Global Supply,Chennai WH,Pune,Wholesale,5,55000,275000,738,Delivered,Debit Card
101562,2025-03-16,2025-03-17,Hard Disk,Storage,XYZ Traders,Chennai WH,Delhi,Wholesale,4,4200,16800,768,Delivered,Net Banking
101563,2025-10-28,2025-11-02,Webcam,Accessories,XYZ Traders,Mumbai WH,Delhi,Wholesale,7,2500,17500,1914,In Transit,Cash
101564,2025-01-13,2025-01-19,Mouse,Accessories,Prime Distributors,Mumbai WH,Mumbai,Retail,2,700,1400,2762,In Transit,Debit Card
101565,2025-08-23,2025-08-25,Office Chair,Furniture,Global Supply,Chennai WH,Kolkata,Retail,4,8500,34000,514,Delivered,UPI
101566,2025-06-02,2025-06-03,Webcam,Accessories,Prime Distributors,Chennai WH,Pune,Wholesale,7,2500,17500,296,Delivered,Cash
101567,2025-12-13,2025-12-17,Mouse,Accessories,XYZ Traders,Delhi WH,Jaipur,Wholesale,10,700,7000,2225,Delivered,Debit Card
101568,2025-01-10,2025-01-12,Laptop,Electronics,Prime Distributors,Mumbai WH,Hyderabad,Retail,12,55000,660000,222,In Transit,Net Banking
101569,2025-11-19,2025-11-21,Laptop,Electronics,XYZ Traders,Delhi WH,Lucknow,Retail,7,55000,385000,2518,In Transit,Net Banking
101570,2025-02-22,2025-02-25,Webcam,Accessories,Global Supply,Mumbai WH,Hyderabad,Retail,7,2500,17500,1633,Delayed,Cash
101571,2025-02-05,2025-02-06,Office Chair,Furniture,Tech World,Mumbai WH,Jaipur,Retail,11,8500,93500,910,Delivered,Credit Card
101572,2025-10-23,2025-10-26,Projector,Electronics,Tech World,Chennai WH,Ahmedabad,Wholesale,17,40000,680000,2422,Delivered,Net Banking
101573,2025-08-22,2025-08-23,SSD,Storage,XYZ Traders,Chennai WH,Pune,Retail,6,5500,33000,688,Cancelled,Credit Card
101574,2025-02-07,2025-02-14,Monitor,Electronics,Global Supply,Bangalore WH,Lucknow,Wholesale,16,12000,192000,1040,Delivered,Debit Card
101575,2025-03-29,2025-04-04,Monitor,Electronics,ABC Suppliers,Chennai WH,Chennai,Wholesale,16,12000,192000,706,Delivered,Debit Card
101576,2025-11-19,2025-11-26,Keyboard,Accessories,XYZ Traders,Mumbai WH,Lucknow,Retail,7,900,6300,1709,Delivered,Debit Card
101577,2025-04-13,2025-04-16,Laptop,Electronics,Tech World,Mumbai WH,Chennai,Retail,8,55000,440000,1027,Delayed,Credit Card
101578,2025-05-27,2025-06-02,Desktop,Electronics,Tech World,Hyderabad WH,Pune,Retail,1,45000,45000,771,In Transit,Net Banking
101579,2025-07-23,2025-07-30,SSD,Storage,XYZ Traders,Bangalore WH,Delhi,Wholesale,14,5500,77000,800,Delivered,Debit Card
101580,2025-12-05,2025-12-08,Mouse,Accessories,Prime Distributors,Chennai WH,Bangalore,Retail,19,700,13300,1394,Delivered,Net Banking
101581,2025-10-25,2025-10-27,Hard Disk,Storage,Tech World,Bangalore WH,Jaipur,Retail,14,4200,58800,533,Delivered,Credit Card
101582,2025-10-22,2025-10-26,Router,Networking,ABC Suppliers,Mumbai WH,Mumbai,Wholesale,4,3500,14000,1692,Delayed,Debit Card
101583,2025-02-06,2025-02-10,Hard Disk,Storage,Prime Distributors,Mumbai WH,Jaipur,Retail,11,4200,46200,2600,Delayed,Net Banking
101584,2025-01-08,2025-01-14,Printer,Office Supplies,XYZ Traders,Bangalore WH,Mumbai,Wholesale,6,15000,90000,1096,Delayed,UPI
101585,2025-09-19,2025-09-23,Monitor,Electronics,Prime Distributors,Hyderabad WH,Pune,Wholesale,2,12000,24000,1532,Delivered,UPI
101586,2025-04-29,2025-04-30,Printer,Office Supplies,XYZ Traders,Hyderabad WH,Pune,Retail,14,15000,210000,1079,Delivered,UPI
101587,2025-01-28,2025-01-29,Scanner,Office Supplies,Tech World,Chennai WH,Hyderabad,Wholesale,11,12000,132000,2392,Delivered,Net Banking
101588,2025-10-21,2025-10-28,Router,Networking,Prime Distributors,Mumbai WH,Delhi,Wholesale,18,3500,63000,1465,Delivered,Cash
101589,2025-04-29,2025-05-05,Office Desk,Furniture,Tech World,Mumbai WH,Pune,Wholesale,19,15000,285000,1966,In Transit,Net Banking
101590,2025-04-08,2025-04-12,Scanner,Office Supplies,XYZ Traders,Delhi WH,Delhi,Retail,12,12000,144000,514,Delayed,Net Banking
101591,2025-06-10,2025-06-15,Keyboard,Accessories,Tech World,Chennai WH,Chennai,Retail,20,900,18000,1257,Delivered,Credit Card
101592,2025-07-30,2025-08-01,Keyboard,Accessories,ABC Suppliers,Bangalore WH,Hyderabad,Wholesale,1,900,900,2697,Delivered,UPI
101593,2025-08-26,2025-09-02,Mouse,Accessories,Global Supply,Mumbai WH,Ahmedabad,Wholesale,8,700,5600,2197,Delivered,UPI
101594,2025-04-20,2025-04-27,Office Chair,Furniture,Global Supply,Hyderabad WH,Mumbai,Retail,5,8500,42500,246,In Transit,Cash
101595,2025-05-05,2025-05-10,Hard Disk,Storage,Tech World,Delhi WH,Jaipur,Retail,13,4200,54600,2829,Delayed,Debit Card
101596,2025-11-03,2025-11-05,Mouse,Accessories,ABC Suppliers,Hyderabad WH,Hyderabad,Retail,20,700,14000,2025,In Transit,Credit Card
101597,2025-10-14,2025-10-21,Office Desk,Furniture,Global Supply,Mumbai WH,Hyderabad,Wholesale,13,15000,195000,1858,Delivered,Cash
101598,2025-10-05,2025-10-08,Scanner,Office Supplies,XYZ Traders,Delhi WH,Hyderabad,Wholesale,14,12000,168000,1152,Delivered,Cash
101599,2025-11-05,2025-11-12,Mouse,Accessories,ABC Suppliers,Mumbai WH,Hyderabad,Retail,20,700,14000,575,In Transit,Debit Card
101600,2025-08-15,2025-08-17,Webcam,Accessories,ABC Suppliers,Bangalore WH,Chennai,Wholesale,9,2500,22500,2723,Delayed,Credit Card
101601,2025-08-22,2025-08-29,Webcam,Accessories,XYZ Traders,Mumbai WH,Kolkata,Retail,5,2500,12500,1032,Delivered,Credit Card
101602,2025-09-26,2025-09-27,SSD,Storage,Tech World,Bangalore WH,Hyderabad,Retail,8,5500,44000,1535,Cancelled,Net Banking
101603,2025-04-29,2025-05-04,SSD,Storage,Global Supply,Chennai WH,Pune,Retail,6,5500,33000,2724,Delivered,UPI
101604,2025-03-15,2025-03-20,Laptop,Electronics,Global Supply,Chennai WH,Delhi,Retail,13,55000,715000,277,In Transit,Cash
101605,2025-04-09,2025-04-13,Printer,Office Supplies,Tech World,Mumbai WH,Kolkata,Wholesale,20,15000,300000,1857,Delivered,Net Banking
101606,2025-10-13,2025-10-14,Office Chair,Furniture,XYZ Traders,Mumbai WH,Chennai,Retail,15,8500,127500,2453,Delivered,Net Banking
101607,2025-04-22,2025-04-29,Webcam,Accessories,ABC Suppliers,Hyderabad WH,Jaipur,Wholesale,5,2500,12500,2508,Delivered,Cash
101608,2025-01-21,2025-01-22,SSD,Storage,Tech World,Bangalore WH,Bangalore,Retail,8,5500,44000,569,Delivered,Net Banking
101609,2025-10-09,2025-10-15,Scanner,Office Supplies,ABC Suppliers,Bangalore WH,Jaipur,Retail,11,12000,132000,1762,Delivered,Net Banking
101610,2025-04-12,2025-04-17,Office Chair,Furniture,Prime Distributors,Bangalore WH,Pune,Wholesale,12,8500,102000,1148,Delivered,Debit Card
101611,2025-10-17,2025-10-23,Webcam,Accessories,Tech World,Hyderabad WH,Pune,Retail,15,2500,37500,434,Delivered,UPI
101612,2025-05-05,2025-05-10,Office Chair,Furniture,Tech World,Hyderabad WH,Pune,Wholesale,1,8500,8500,2524,Delivered,Debit Card
101613,2025-12-05,2025-12-08,Projector,Electronics,Global Supply,Bangalore WH,Pune,Wholesale,19,40000,760000,2703,Delivered,Cash
101614,2025-12-10,2025-12-17,Printer,Office Supplies,Tech World,Chennai WH,Jaipur,Retail,13,15000,195000,1481,Delivered,UPI
101615,2025-11-16,2025-11-20,Keyboard,Accessories,Prime Distributors,Bangalore WH,Delhi,Retail,9,900,8100,1733,Delivered,Debit Card
101616,2025-02-02,2025-02-09,Office Chair,Furniture,Prime Distributors,Delhi WH,Mumbai,Retail,3,8500,25500,2649,Delivered,Cash
101617,2025-09-26,2025-10-02,Mouse,Accessories,Global Supply,Bangalore WH,Delhi,Wholesale,9,700,6300,428,In Transit,Debit Card
101618,2025-12-18,2025-12-19,Webcam,Accessories,Tech World,Hyderabad WH,Bangalore,Wholesale,7,2500,17500,2168,Delivered,Cash
101619,2025-09-05,2025-09-10,Keyboard,Accessories,Tech World,Bangalore WH,Kolkata,Retail,14,900,12600,313,Delivered,Debit Card
101620,2025-07-06,2025-07-07,Monitor,Electronics,XYZ Traders,Delhi WH,Jaipur,Wholesale,3,12000,36000,1848,Delivered,UPI
101621,2025-12-09,2025-12-11,Switch,Networking,Tech World,Mumbai WH,Hyderabad,Wholesale,2,6000,12000,391,Delayed,Net Banking
101622,2025-04-15,2025-04-20,Scanner,Office Supplies,Prime Distributors,Delhi WH,Delhi,Retail,1,12000,12000,1063,Delivered,Net Banking
101623,2025-06-30,2025-07-04,Scanner,Office Supplies,ABC Suppliers,Delhi WH,Lucknow,Wholesale,1,12000,12000,1651,Delayed,Debit Card
101624,2025-09-13,2025-09-19,Mouse,Accessories,XYZ Traders,Bangalore WH,Delhi,Wholesale,1,700,700,1865,Delivered,Net Banking
101625,2025-01-02,2025-01-06,Laptop,Electronics,Tech World,Hyderabad WH,Mumbai,Wholesale,18,55000,990000,2539,Delivered,Debit Card
101626,2025-05-09,2025-05-16,Desktop,Electronics,XYZ Traders,Hyderabad WH,Ahmedabad,Retail,18,45000,810000,1849,Delivered,UPI
101627,2025-12-11,2025-12-17,Office Chair,Furniture,XYZ Traders,Bangalore WH,Ahmedabad,Wholesale,18,8500,153000,237,Delivered,Net Banking
101628,2025-08-12,2025-08-19,Printer,Office Supplies,Tech World,Mumbai WH,Jaipur,Wholesale,4,15000,60000,1363,Delivered,Cash
101629,2025-07-15,2025-07-17,Office Desk,Furniture,Tech World,Bangalore WH,Lucknow,Wholesale,5,15000,75000,345,Delivered,Net Banking
101630,2025-09-18,2025-09-19,Scanner,Office Supplies,Global Supply,Chennai WH,Chennai,Wholesale,9,12000,108000,1393,Delivered,Credit Card
101631,2025-06-02,2025-06-06,Mouse,Accessories,Global Supply,Bangalore WH,Chennai,Retail,12,700,8400,2779,Delivered,Credit Card
101632,2025-09-02,2025-09-06,Projector,Electronics,Global Supply,Chennai WH,Kolkata,Retail,1,40000,40000,2275,Delivered,Debit Card
101633,2025-09-05,2025-09-09,Keyboard,Accessories,XYZ Traders,Mumbai WH,Pune,Wholesale,12,900,10800,2600,Delivered,UPI
101634,2025-02-14,2025-02-16,Scanner,Office Supplies,Prime Distributors,Bangalore WH,Kolkata,Wholesale,12,12000,144000,1761,Delivered,Credit Card
101635,2025-07-11,2025-07-13,Laptop,Electronics,XYZ Traders,Chennai WH,Mumbai,Retail,5,55000,275000,1578,Delivered,Net Banking
101636,2025-01-27,2025-01-28,Keyboard,Accessories,Prime Distributors,Delhi WH,Pune,Retail,6,900,5400,1346,Delivered,Debit Card
101637,2025-06-21,2025-06-27,Router,Networking,XYZ Traders,Delhi WH,Mumbai,Retail,20,3500,70000,2896,Delivered,Net Banking
101638,2025-07-15,2025-07-18,Office Desk,Furniture,Tech World,Delhi WH,Chennai,Retail,7,15000,105000,1442,Delivered,Net Banking
101639,2025-10-10,2025-10-17,SSD,Storage,ABC Suppliers,Bangalore WH,Jaipur,Wholesale,16,5500,88000,2835,Delivered,Debit Card
101640,2025-07-29,2025-08-04,Scanner,Office Supplies,Prime Distributors,Delhi WH,Jaipur,Retail,15,12000,180000,2841,Delivered,Debit Card
101641,2025-12-11,2025-12-16,Office Chair,Furniture,Prime Distributors,Mumbai WH,Pune,Retail,11,8500,93500,1935,Delayed,UPI
101642,2025-06-01,2025-06-02,Laptop,Electronics,Tech World,Mumbai WH,Jaipur,Retail,20,55000,1100000,1989,Delivered,Cash
101643,2025-03-21,2025-03-22,Monitor,Electronics,XYZ Traders,Chennai WH,Hyderabad,Retail,6,12000,72000,2487,Delivered,Cash
101644,2025-07-22,2025-07-29,Printer,Office Supplies,Tech World,Chennai WH,Delhi,Retail,7,15000,105000,1895,Cancelled,Net Banking
101645,2025-07-05,2025-07-08,Scanner,Office Supplies,Tech World,Bangalore WH,Pune,Wholesale,15,12000,180000,838,Delivered,Net Banking
101646,2025-10-06,2025-10-08,Office Chair,Furniture,ABC Suppliers,Delhi WH,Delhi,Wholesale,15,8500,127500,725,Delivered,Net Banking
101647,2025-11-24,2025-12-01,Mouse,Accessories,XYZ Traders,Bangalore WH,Hyderabad,Retail,4,700,2800,2755,Delivered,Cash
101648,2025-11-24,2025-11-30,Switch,Networking,ABC Suppliers,Mumbai WH,Pune,Wholesale,9,6000,54000,1654,Delivered,Debit Card
101649,2025-05-04,2025-05-08,Monitor,Electronics,Tech World,Bangalore WH,Ahmedabad,Retail,14,12000,168000,2501,In Transit,Net Banking
101650,2025-11-17,2025-11-19,Mouse,Accessories,Global Supply,Bangalore WH,Jaipur,Retail,13,700,9100,2435,Delivered,UPI
101651,2025-09-23,2025-09-27,Printer,Office Supplies,Prime Distributors,Bangalore WH,Lucknow,Retail,7,15000,105000,1482,Delivered,Net Banking
101652,2025-05-12,2025-05-15,Keyboard,Accessories,XYZ Traders,Mumbai WH,Bangalore,Retail,6,900,5400,2004,Delivered,Credit Card
101653,2025-01-25,2025-02-01,Laptop,Electronics,Prime Distributors,Chennai WH,Chennai,Wholesale,10,55000,550000,1400,Delivered,Cash
101654,2025-05-24,2025-05-26,Switch,Networking,Global Supply,Chennai WH,Chennai,Retail,15,6000,90000,2641,Delivered,UPI
101655,2025-03-10,2025-03-11,Hard Disk,Storage,Global Supply,Delhi WH,Kolkata,Wholesale,3,4200,12600,1266,Delivered,UPI
101656,2025-10-28,2025-10-31,Keyboard,Accessories,XYZ Traders,Chennai WH,Pune,Wholesale,4,900,3600,228,Delivered,Net Banking
101657,2025-05-13,2025-05-14,Scanner,Office Supplies,Global Supply,Chennai WH,Pune,Retail,9,12000,108000,462,Cancelled,UPI
101658,2025-02-25,2025-03-03,Router,Networking,Global Supply,Bangalore WH,Kolkata,Retail,9,3500,31500,2629,Delivered,Net Banking
101659,2025-01-04,2025-01-10,Hard Disk,Storage,ABC Suppliers,Chennai WH,Kolkata,Retail,20,4200,84000,1709,Delivered,UPI
101660,2025-08-14,2025-08-20,Router,Networking,XYZ Traders,Delhi WH,Kolkata,Wholesale,19,3500,66500,2372,In Transit,Credit Card
101661,2025-04-15,2025-04-18,Router,Networking,XYZ Traders,Mumbai WH,Pune,Retail,8,3500,28000,2019,Delivered,Debit Card
101662,2025-06-05,2025-06-12,Office Chair,Furniture,Global Supply,Hyderabad WH,Chennai,Wholesale,20,8500,170000,2797,Delivered,Debit Card
101663,2025-07-25,2025-07-31,Router,Networking,Prime Distributors,Chennai WH,Kolkata,Wholesale,14,3500,49000,2907,Delivered,UPI
101664,2025-01-04,2025-01-06,Office Chair,Furniture,XYZ Traders,Mumbai WH,Bangalore,Retail,11,8500,93500,647,In Transit,Credit Card
101665,2025-09-14,2025-09-20,Projector,Electronics,ABC Suppliers,Chennai WH,Pune,Wholesale,1,40000,40000,1519,Delivered,UPI
101666,2025-03-03,2025-03-08,Printer,Office Supplies,ABC Suppliers,Hyderabad WH,Pune,Wholesale,10,15000,150000,1006,Delayed,Debit Card
101667,2025-12-09,2025-12-14,Monitor,Electronics,Prime Distributors,Bangalore WH,Lucknow,Retail,11,12000,132000,2849,Delivered,Debit Card
101668,2025-12-07,2025-12-12,Monitor,Electronics,Global Supply,Delhi WH,Mumbai,Wholesale,14,12000,168000,1552,Delayed,Cash
101669,2025-03-14,2025-03-21,Webcam,Accessories,ABC Suppliers,Delhi WH,Lucknow,Retail,12,2500,30000,1862,Delivered,Debit Card
101670,2025-01-23,2025-01-26,Office Chair,Furniture,XYZ Traders,Mumbai WH,Delhi,Wholesale,8,8500,68000,854,Delivered,Cash
101671,2025-03-19,2025-03-25,Scanner,Office Supplies,ABC Suppliers,Mumbai WH,Ahmedabad,Wholesale,11,12000,132000,873,Delayed,Net Banking
101672,2025-06-13,2025-06-18,Projector,Electronics,ABC Suppliers,Delhi WH,Hyderabad,Wholesale,20,40000,800000,2331,Delivered,Debit Card
101673,2025-05-14,2025-05-21,Router,Networking,Prime Distributors,Mumbai WH,Kolkata,Retail,1,3500,3500,2109,Delivered,Net Banking
101674,2025-10-26,2025-10-30,Printer,Office Supplies,XYZ Traders,Mumbai WH,Pune,Retail,14,15000,210000,2775,Delivered,Net Banking
101675,2025-01-21,2025-01-28,Projector,Electronics,Global Supply,Delhi WH,Pune,Retail,12,40000,480000,2567,Cancelled,Cash
101676,2025-07-03,2025-07-10,Projector,Electronics,Global Supply,Chennai WH,Bangalore,Retail,5,40000,200000,2587,Delivered,Debit Card
101677,2025-03-13,2025-03-20,Mouse,Accessories,XYZ Traders,Delhi WH,Hyderabad,Retail,9,700,6300,1263,Delayed,UPI
101678,2025-05-17,2025-05-21,Printer,Office Supplies,Prime Distributors,Chennai WH,Kolkata,Wholesale,2,15000,30000,1065,Delivered,Debit Card
101679,2025-11-19,2025-11-24,Office Chair,Furniture,Global Supply,Hyderabad WH,Bangalore,Wholesale,16,8500,136000,588,In Transit,Credit Card
101680,2025-10-05,2025-10-09,Router,Networking,Global Supply,Delhi WH,Bangalore,Wholesale,18,3500,63000,1660,Cancelled,Cash
101681,2025-06-27,2025-07-03,Office Desk,Furniture,Global Supply,Bangalore WH,Mumbai,Retail,1,15000,15000,1956,Delivered,Net Banking
101682,2025-02-05,2025-02-12,Monitor,Electronics,ABC Suppliers,Bangalore WH,Hyderabad,Wholesale,9,12000,108000,2051,In Transit,UPI
101683,2025-09-24,2025-09-27,Webcam,Accessories,XYZ Traders,Delhi WH,Bangalore,Retail,6,2500,15000,1449,Delivered,Net Banking
101684,2025-10-03,2025-10-09,Projector,Electronics,Tech World,Mumbai WH,Chennai,Retail,6,40000,240000,1526,Delivered,Net Banking
101685,2025-05-02,2025-05-08,Scanner,Office Supplies,XYZ Traders,Hyderabad WH,Chennai,Wholesale,18,12000,216000,2738,Delivered,Debit Card
101686,2025-06-20,2025-06-24,Scanner,Office Supplies,Tech World,Hyderabad WH,Chennai,Wholesale,2,12000,24000,2230,Delivered,Debit Card
101687,2025-09-24,2025-09-25,Webcam,Accessories,Tech World,Hyderabad WH,Bangalore,Retail,18,2500,45000,1636,Delivered,Net Banking
101688,2025-02-17,2025-02-23,Projector,Electronics,ABC Suppliers,Bangalore WH,Kolkata,Retail,9,40000,360000,2664,Cancelled,Debit Card
101689,2025-01-22,2025-01-26,Laptop,Electronics,Prime Distributors,Mumbai WH,Kolkata,Retail,6,55000,330000,621,Delivered,Cash
101690,2025-06-03,2025-06-07,Hard Disk,Storage,Prime Distributors,Delhi WH,Mumbai,Retail,18,4200,75600,586,Cancelled,Credit Card
101691,2025-10-12,2025-10-14,Desktop,Electronics,Prime Distributors,Mumbai WH,Jaipur,Retail,9,45000,405000,2983,Delivered,Debit Card
101692,2025-11-10,2025-11-12,Router,Networking,ABC Suppliers,Mumbai WH,Chennai,Wholesale,10,3500,35000,1714,Delivered,Net Banking
101693,2025-11-23,2025-11-24,Keyboard,Accessories,Tech World,Hyderabad WH,Mumbai,Retail,11,900,9900,976,Cancelled,Credit Card
101694,2025-03-07,2025-03-13,Hard Disk,Storage,Prime Distributors,Hyderabad WH,Hyderabad,Retail,18,4200,75600,2549,Delivered,Credit Card
101695,2025-11-07,2025-11-13,Desktop,Electronics,ABC Suppliers,Mumbai WH,Hyderabad,Retail,10,45000,450000,2555,Delivered,Cash
101696,2025-08-03,2025-08-09,Printer,Office Supplies,ABC Suppliers,Chennai WH,Pune,Retail,18,15000,270000,1407,Delivered,Cash
101697,2025-01-17,2025-01-19,Laptop,Electronics,Global Supply,Chennai WH,Delhi,Retail,10,55000,550000,2397,Delivered,Cash
101698,2025-01-22,2025-01-29,Scanner,Office Supplies,Prime Distributors,Bangalore WH,Hyderabad,Retail,17,12000,204000,822,Delivered,Credit Card
101699,2025-05-11,2025-05-14,Monitor,Electronics,Prime Distributors,Bangalore WH,Mumbai,Wholesale,2,12000,24000,2528,Delivered,Debit Card
101700,2025-07-30,2025-08-03,Hard Disk,Storage,ABC Suppliers,Hyderabad WH,Mumbai,Wholesale,19,4200,79800,2033,In Transit,Debit Card
101701,2025-08-29,2025-09-05,Keyboard,Accessories,Global Supply,Chennai WH,Delhi,Wholesale,13,900,11700,230,Delivered,Cash
101702,2025-05-07,2025-05-11,Monitor,Electronics,Tech World,Bangalore WH,Bangalore,Retail,17,12000,204000,1598,In Transit,Cash
101703,2025-11-17,2025-11-21,Desktop,Electronics,Prime Distributors,Mumbai WH,Hyderabad,Retail,2,45000,90000,2392,Delivered,Credit Card
101704,2025-08-01,2025-08-03,SSD,Storage,Tech World,Mumbai WH,Kolkata,Retail,1,5500,5500,272,Delayed,Debit Card
101705,2025-08-30,2025-09-01,Switch,Networking,Global Supply,Delhi WH,Jaipur,Retail,8,6000,48000,259,Delivered,Net Banking
101706,2025-01-29,2025-02-04,Projector,Electronics,XYZ Traders,Chennai WH,Jaipur,Retail,1,40000,40000,399,Delivered,Net Banking
101707,2025-11-11,2025-11-12,Scanner,Office Supplies,Tech World,Bangalore WH,Mumbai,Retail,15,12000,180000,397,Delivered,Net Banking
101708,2025-07-24,2025-07-25,Router,Networking,Prime Distributors,Hyderabad WH,Jaipur,Wholesale,13,3500,45500,2440,Delivered,Credit Card
101709,2025-02-03,2025-02-07,Keyboard,Accessories,ABC Suppliers,Bangalore WH,Bangalore,Wholesale,15,900,13500,643,Delivered,Net Banking
101710,2025-12-18,2025-12-21,Office Desk,Furniture,Tech World,Delhi WH,Pune,Retail,16,15000,240000,1857,Delivered,Cash
101711,2025-03-29,2025-04-01,Switch,Networking,XYZ Traders,Hyderabad WH,Pune,Retail,2,6000,12000,2959,Cancelled,UPI
101712,2025-10-15,2025-10-17,Office Chair,Furniture,XYZ Traders,Hyderabad WH,Mumbai,Retail,13,8500,110500,2139,Delivered,UPI
101713,2025-09-11,2025-09-17,Printer,Office Supplies,Prime Distributors,Chennai WH,Lucknow,Retail,10,15000,150000,1599,Delivered,Net Banking
101714,2025-05-31,2025-06-06,Desktop,Electronics,Tech World,Hyderabad WH,Kolkata,Retail,3,45000,135000,291,Delivered,Net Banking
101715,2025-12-17,2025-12-18,Printer,Office Supplies,Tech World,Bangalore WH,Pune,Wholesale,11,15000,165000,2147,Delivered,UPI
101716,2025-08-03,2025-08-09,Hard Disk,Storage,Global Supply,Bangalore WH,Bangalore,Retail,1,4200,4200,2863,Delivered,Cash
101717,2025-10-05,2025-10-09,Monitor,Electronics,XYZ Traders,Chennai WH,Lucknow,Wholesale,3,12000,36000,1225,Delivered,Net Banking
101718,2025-11-07,2025-11-14,Scanner,Office Supplies,Global Supply,Bangalore WH,Chennai,Retail,11,12000,132000,2122,Delayed,Credit Card
101719,2025-09-02,2025-09-07,SSD,Storage,ABC Suppliers,Bangalore WH,Hyderabad,Retail,17,5500,93500,204,Delivered,Credit Card
101720,2025-06-23,2025-06-29,Laptop,Electronics,Prime Distributors,Chennai WH,Jaipur,Wholesale,8,55000,440000,811,Delivered,Net Banking
101721,2025-10-24,2025-10-27,Scanner,Office Supplies,Tech World,Bangalore WH,Mumbai,Retail,18,12000,216000,1049,Delivered,UPI
101722,2025-04-23,2025-04-27,Laptop,Electronics,Tech World,Hyderabad WH,Hyderabad,Wholesale,7,55000,385000,1649,Delivered,Cash
101723,2025-05-13,2025-05-16,Webcam,Accessories,Prime Distributors,Mumbai WH,Kolkata,Retail,3,2500,7500,1169,Delivered,UPI
101724,2025-10-06,2025-10-13,Switch,Networking,Prime Distributors,Bangalore WH,Kolkata,Wholesale,7,6000,42000,2061,Delivered,Debit Card
101725,2025-11-11,2025-11-12,Desktop,Electronics,Global Supply,Chennai WH,Chennai,Retail,15,45000,675000,1673,Delivered,Cash
101726,2025-10-05,2025-10-08,Keyboard,Accessories,Tech World,Mumbai WH,Pune,Wholesale,16,900,14400,1922,Delivered,Cash
101727,2025-06-04,2025-06-11,Laptop,Electronics,ABC Suppliers,Hyderabad WH,Ahmedabad,Wholesale,9,55000,495000,2178,Delayed,Net Banking
101728,2025-12-17,2025-12-21,Office Chair,Furniture,Global Supply,Mumbai WH,Mumbai,Retail,16,8500,136000,2138,Delayed,Debit Card
101729,2025-07-25,2025-07-30,Keyboard,Accessories,Prime Distributors,Bangalore WH,Delhi,Retail,10,900,9000,1277,Delivered,Credit Card
101730,2025-01-05,2025-01-06,Monitor,Electronics,XYZ Traders,Chennai WH,Ahmedabad,Retail,4,12000,48000,1921,Delivered,Debit Card
101731,2025-06-06,2025-06-11,Office Chair,Furniture,XYZ Traders,Bangalore WH,Hyderabad,Wholesale,17,8500,144500,740,In Transit,UPI
101732,2025-05-31,2025-06-04,Monitor,Electronics,ABC Suppliers,Hyderabad WH,Hyderabad,Retail,14,12000,168000,2485,Delivered,Debit Card
101733,2025-08-26,2025-09-01,Webcam,Accessories,Tech World,Hyderabad WH,Lucknow,Wholesale,12,2500,30000,2261,Delivered,Credit Card
101734,2025-09-01,2025-09-06,Switch,Networking,ABC Suppliers,Chennai WH,Mumbai,Wholesale,10,6000,60000,1025,Delayed,Cash
101735,2025-05-14,2025-05-20,Hard Disk,Storage,Global Supply,Bangalore WH,Hyderabad,Wholesale,8,4200,33600,890,Delivered,UPI
101736,2025-05-22,2025-05-29,Router,Networking,ABC Suppliers,Hyderabad WH,Ahmedabad,Retail,9,3500,31500,351,In Transit,Credit Card
101737,2025-01-19,2025-01-25,Office Chair,Furniture,XYZ Traders,Bangalore WH,Lucknow,Wholesale,6,8500,51000,1836,In Transit,UPI
101738,2025-03-18,2025-03-19,Monitor,Electronics,ABC Suppliers,Bangalore WH,Delhi,Retail,10,12000,120000,302,Delivered,Credit Card
101739,2025-03-14,2025-03-15,Laptop,Electronics,Prime Distributors,Hyderabad WH,Bangalore,Wholesale,14,55000,770000,1811,In Transit,Credit Card
101740,2025-09-12,2025-09-17,Desktop,Electronics,Tech World,Hyderabad WH,Bangalore,Retail,16,45000,720000,1304,Delivered,Net Banking
101741,2025-09-15,2025-09-21,Office Desk,Furniture,Prime Distributors,Bangalore WH,Kolkata,Retail,14,15000,210000,1267,Delivered,Credit Card
101742,2025-02-09,2025-02-14,Mouse,Accessories,Global Supply,Chennai WH,Delhi,Wholesale,10,700,7000,382,Delivered,UPI
101743,2025-12-27,2026-01-01,Mouse,Accessories,XYZ Traders,Bangalore WH,Jaipur,Wholesale,9,700,6300,2531,Delayed,Credit Card
101744,2025-11-29,2025-12-01,Hard Disk,Storage,XYZ Traders,Chennai WH,Ahmedabad,Wholesale,1,4200,4200,1154,Delivered,UPI
101745,2025-07-06,2025-07-10,Projector,Electronics,Global Supply,Mumbai WH,Chennai,Retail,10,40000,400000,348,Cancelled,Net Banking
101746,2025-03-08,2025-03-10,Router,Networking,ABC Suppliers,Bangalore WH,Lucknow,Retail,17,3500,59500,358,Cancelled,Cash
101747,2025-11-16,2025-11-19,Scanner,Office Supplies,Tech World,Delhi WH,Ahmedabad,Retail,3,12000,36000,1355,Delivered,UPI
101748,2025-05-06,2025-05-09,Router,Networking,Tech World,Hyderabad WH,Bangalore,Wholesale,20,3500,70000,2342,Delivered,Cash
101749,2025-07-23,2025-07-25,Printer,Office Supplies,Prime Distributors,Chennai WH,Jaipur,Wholesale,6,15000,90000,2087,In Transit,Credit Card
101750,2025-05-22,2025-05-23,Hard Disk,Storage,ABC Suppliers,Bangalore WH,Pune,Retail,2,4200,8400,517,Delivered,Debit Card
101751,2025-05-20,2025-05-27,SSD,Storage,XYZ Traders,Hyderabad WH,Kolkata,Wholesale,17,5500,93500,2261,In Transit,Cash
101752,2025-12-21,2025-12-27,Laptop,Electronics,XYZ Traders,Delhi WH,Jaipur,Retail,15,55000,825000,1795,Delivered,Net Banking
101753,2025-08-15,2025-08-20,Router,Networking,ABC Suppliers,Chennai WH,Delhi,Retail,11,3500,38500,1828,Delivered,UPI
101754,2025-11-04,2025-11-09,Office Chair,Furniture,Tech World,Chennai WH,Pune,Retail,6,8500,51000,2457,Delivered,Credit Card
101755,2025-12-22,2025-12-27,Laptop,Electronics,Prime Distributors,Chennai WH,Kolkata,Retail,13,55000,715000,1810,Delivered,Debit Card
101756,2025-07-27,2025-08-03,Keyboard,Accessories,Global Supply,Bangalore WH,Ahmedabad,Retail,9,900,8100,1058,Delivered,Credit Card
101757,2025-10-16,2025-10-21,Mouse,Accessories,ABC Suppliers,Chennai WH,Lucknow,Retail,9,700,6300,600,Delayed,Cash
101758,2025-06-28,2025-07-05,Printer,Office Supplies,Global Supply,Bangalore WH,Delhi,Wholesale,16,15000,240000,1415,Delivered,Debit Card
101759,2025-08-01,2025-08-08,Scanner,Office Supplies,Tech World,Mumbai WH,Hyderabad,Wholesale,9,12000,108000,1885,Cancelled,Net Banking
101760,2025-01-01,2025-01-04,Hard Disk,Storage,XYZ Traders,Hyderabad WH,Pune,Wholesale,6,4200,25200,1718,In Transit,Credit Card
101761,2025-12-05,2025-12-11,Scanner,Office Supplies,Tech World,Hyderabad WH,Lucknow,Retail,16,12000,192000,1261,In Transit,Cash
101762,2025-06-13,2025-06-15,Projector,Electronics,Prime Distributors,Mumbai WH,Bangalore,Wholesale,4,40000,160000,2952,In Transit,Cash
101763,2025-03-27,2025-04-01,Office Desk,Furniture,Global Supply,Delhi WH,Pune,Wholesale,10,15000,150000,801,In Transit,Credit Card
101764,2025-01-03,2025-01-10,Desktop,Electronics,XYZ Traders,Delhi WH,Kolkata,Retail,19,45000,855000,1946,Delivered,Debit Card
101765,2025-05-08,2025-05-11,Mouse,Accessories,Tech World,Bangalore WH,Ahmedabad,Wholesale,13,700,9100,2442,Delivered,Cash
101766,2025-11-20,2025-11-24,Scanner,Office Supplies,ABC Suppliers,Mumbai WH,Delhi,Retail,13,12000,156000,1906,Delivered,UPI
101767,2025-10-17,2025-10-24,Office Desk,Furniture,Global Supply,Delhi WH,Kolkata,Wholesale,12,15000,180000,289,Delivered,UPI
101768,2025-10-31,2025-11-01,Mouse,Accessories,Tech World,Delhi WH,Ahmedabad,Wholesale,6,700,4200,2623,Delivered,Net Banking
101769,2025-11-29,2025-12-05,Scanner,Office Supplies,Global Supply,Chennai WH,Kolkata,Retail,13,12000,156000,1255,Delivered,Debit Card
101770,2025-01-27,2025-02-02,Monitor,Electronics,XYZ Traders,Delhi WH,Hyderabad,Wholesale,2,12000,24000,335,Delivered,Debit Card
101771,2025-04-08,2025-04-12,Printer,Office Supplies,Global Supply,Hyderabad WH,Lucknow,Wholesale,7,15000,105000,781,Delayed,Net Banking
101772,2025-06-13,2025-06-17,Office Desk,Furniture,XYZ Traders,Chennai WH,Hyderabad,Wholesale,7,15000,105000,2885,Delivered,Cash
101773,2025-03-11,2025-03-18,Monitor,Electronics,Prime Distributors,Bangalore WH,Hyderabad,Wholesale,20,12000,240000,1398,Cancelled,Net Banking
101774,2025-08-11,2025-08-15,Laptop,Electronics,XYZ Traders,Hyderabad WH,Bangalore,Wholesale,15,55000,825000,2120,Delivered,Cash
101775,2025-12-16,2025-12-23,Keyboard,Accessories,Prime Distributors,Chennai WH,Mumbai,Wholesale,14,900,12600,2935,Delivered,Debit Card
101776,2025-03-04,2025-03-05,Keyboard,Accessories,Prime Distributors,Mumbai WH,Bangalore,Wholesale,10,900,9000,2248,Delivered,Debit Card
101777,2025-02-07,2025-02-09,Router,Networking,XYZ Traders,Bangalore WH,Pune,Retail,9,3500,31500,1465,In Transit,Credit Card
101778,2025-08-11,2025-08-14,Laptop,Electronics,Global Supply,Chennai WH,Kolkata,Retail,20,55000,1100000,2631,Delivered,Debit Card
101779,2025-01-05,2025-01-07,Printer,Office Supplies,XYZ Traders,Bangalore WH,Pune,Retail,18,15000,270000,2392,In Transit,Credit Card
101780,2025-02-12,2025-02-19,Office Desk,Furniture,XYZ Traders,Mumbai WH,Mumbai,Wholesale,4,15000,60000,2170,Delivered,UPI
101781,2025-12-29,2026-01-03,Office Chair,Furniture,Prime Distributors,Mumbai WH,Kolkata,Retail,16,8500,136000,525,Delivered,Cash
101782,2025-01-29,2025-02-05,Switch,Networking,Prime Distributors,Chennai WH,Delhi,Wholesale,14,6000,84000,500,Delivered,Net Banking
101783,2025-12-03,2025-12-10,Desktop,Electronics,Prime Distributors,Delhi WH,Kolkata,Retail,13,45000,585000,862,Delayed,Debit Card
101784,2025-05-08,2025-05-15,Router,Networking,XYZ Traders,Bangalore WH,Mumbai,Wholesale,19,3500,66500,2353,Delivered,Net Banking
101785,2025-05-15,2025-05-21,Router,Networking,Prime Distributors,Chennai WH,Chennai,Wholesale,13,3500,45500,734,Delivered,Cash
101786,2025-03-12,2025-03-14,Laptop,Electronics,Global Supply,Hyderabad WH,Ahmedabad,Retail,3,55000,165000,323,Delivered,Cash
101787,2025-02-21,2025-02-27,Office Desk,Furniture,Tech World,Mumbai WH,Lucknow,Retail,3,15000,45000,1085,Delayed,UPI
101788,2025-01-26,2025-01-29,Scanner,Office Supplies,Prime Distributors,Chennai WH,Jaipur,Retail,4,12000,48000,1930,Cancelled,Cash
101789,2025-05-15,2025-05-19,Printer,Office Supplies,Tech World,Hyderabad WH,Delhi,Retail,17,15000,255000,2474,Delivered,UPI
101790,2025-04-20,2025-04-24,Desktop,Electronics,Global Supply,Mumbai WH,Pune,Retail,11,45000,495000,2405,Delivered,Net Banking
101791,2025-09-21,2025-09-22,Switch,Networking,Global Supply,Hyderabad WH,Pune,Retail,10,6000,60000,2638,Delivered,Debit Card
101792,2025-08-01,2025-08-04,Office Chair,Furniture,XYZ Traders,Chennai WH,Mumbai,Retail,1,8500,8500,569,In Transit,UPI
101793,2025-04-26,2025-05-03,Monitor,Electronics,XYZ Traders,Hyderabad WH,Hyderabad,Wholesale,4,12000,48000,885,Delivered,Debit Card
101794,2025-12-18,2025-12-25,Projector,Electronics,Prime Distributors,Mumbai WH,Lucknow,Retail,15,40000,600000,296,Delivered,Credit Card
101795,2025-04-15,2025-04-19,Scanner,Office Supplies,XYZ Traders,Delhi WH,Pune,Wholesale,20,12000,240000,2941,Cancelled,Credit Card
101796,2025-07-17,2025-07-19,Webcam,Accessories,ABC Suppliers,Mumbai WH,Chennai,Wholesale,11,2500,27500,2113,Delivered,Credit Card
101797,2025-06-23,2025-06-24,Keyboard,Accessories,XYZ Traders,Chennai WH,Chennai,Wholesale,20,900,18000,2602,In Transit,Cash
101798,2025-02-25,2025-03-03,Router,Networking,Prime Distributors,Mumbai WH,Bangalore,Wholesale,18,3500,63000,986,Delivered,Cash
101799,2025-10-17,2025-10-19,Projector,Electronics,XYZ Traders,Bangalore WH,Hyderabad,Wholesale,4,40000,160000,352,Delivered,Net Banking
101800,2025-06-06,2025-06-07,SSD,Storage,Global Supply,Bangalore WH,Lucknow,Wholesale,5,5500,27500,786,In Transit,Credit Card
101801,2025-03-19,2025-03-24,Scanner,Office Supplies,XYZ Traders,Delhi WH,Hyderabad,Wholesale,7,12000,84000,637,Delivered,Credit Card
101802,2025-08-04,2025-08-08,Router,Networking,Prime Distributors,Mumbai WH,Chennai,Wholesale,19,3500,66500,1073,Delivered,Net Banking
101803,2025-05-20,2025-05-22,Mouse,Accessories,Global Supply,Chennai WH,Bangalore,Retail,9,700,6300,1637,In Transit,Credit Card
101804,2025-03-14,2025-03-17,SSD,Storage,Global Supply,Hyderabad WH,Delhi,Retail,1,5500,5500,2947,Cancelled,Net Banking
101805,2025-11-07,2025-11-08,Desktop,Electronics,Prime Distributors,Hyderabad WH,Jaipur,Retail,16,45000,720000,1019,Delivered,Credit Card
101806,2025-06-23,2025-06-30,Projector,Electronics,Tech World,Chennai WH,Bangalore,Retail,9,40000,360000,1127,Delivered,Credit Card
101807,2025-04-17,2025-04-22,Office Desk,Furniture,Prime Distributors,Hyderabad WH,Bangalore,Retail,17,15000,255000,278,Delivered,Credit Card
101808,2025-04-07,2025-04-10,Office Chair,Furniture,ABC Suppliers,Chennai WH,Lucknow,Wholesale,9,8500,76500,1108,Delivered,Net Banking
101809,2025-10-02,2025-10-09,Printer,Office Supplies,ABC Suppliers,Chennai WH,Bangalore,Retail,4,15000,60000,813,Delivered,UPI
101810,2025-04-22,2025-04-26,Desktop,Electronics,Prime Distributors,Chennai WH,Delhi,Retail,2,45000,90000,1216,Delivered,UPI
101811,2025-05-27,2025-05-31,Scanner,Office Supplies,ABC Suppliers,Hyderabad WH,Lucknow,Wholesale,20,12000,240000,1426,Delivered,Net Banking
101812,2025-04-25,2025-05-02,Switch,Networking,Prime Distributors,Delhi WH,Kolkata,Wholesale,12,6000,72000,2062,In Transit,Credit Card
101813,2025-11-04,2025-11-10,Router,Networking,ABC Suppliers,Hyderabad WH,Delhi,Retail,4,3500,14000,2594,Delivered,UPI
101814,2025-03-13,2025-03-19,Laptop,Electronics,ABC Suppliers,Hyderabad WH,Pune,Retail,4,55000,220000,1217,In Transit,Debit Card
101815,2025-07-25,2025-07-28,Desktop,Electronics,XYZ Traders,Bangalore WH,Lucknow,Retail,7,45000,315000,1760,Delivered,Cash
101816,2025-01-08,2025-01-09,Switch,Networking,Global Supply,Mumbai WH,Hyderabad,Retail,3,6000,18000,1798,In Transit,Debit Card
101817,2025-12-16,2025-12-21,Projector,Electronics,Prime Distributors,Mumbai WH,Lucknow,Wholesale,3,40000,120000,996,Delivered,Cash
101818,2025-08-10,2025-08-11,Webcam,Accessories,Prime Distributors,Bangalore WH,Mumbai,Retail,11,2500,27500,1598,Delayed,UPI
101819,2025-09-06,2025-09-10,Laptop,Electronics,Global Supply,Chennai WH,Bangalore,Retail,4,55000,220000,2467,Delivered,Net Banking
101820,2025-09-08,2025-09-09,Mouse,Accessories,Global Supply,Chennai WH,Bangalore,Wholesale,15,700,10500,656,In Transit,Debit Card
101821,2025-05-06,2025-05-12,Hard Disk,Storage,Tech World,Bangalore WH,Jaipur,Retail,15,4200,63000,2905,Delayed,Cash
101822,2025-10-13,2025-10-16,Office Chair,Furniture,Global Supply,Hyderabad WH,Lucknow,Retail,11,8500,93500,539,Delivered,Net Banking
101823,2025-06-01,2025-06-07,Switch,Networking,Prime Distributors,Delhi WH,Hyderabad,Retail,18,6000,108000,280,Delayed,Net Banking
101824,2025-07-23,2025-07-28,Router,Networking,Tech World,Chennai WH,Hyderabad,Retail,14,3500,49000,1944,Delivered,Debit Card
101825,2025-04-04,2025-04-11,Switch,Networking,Global Supply,Chennai WH,Kolkata,Retail,8,6000,48000,651,In Transit,UPI
101826,2025-06-24,2025-06-30,Hard Disk,Storage,Global Supply,Hyderabad WH,Lucknow,Retail,18,4200,75600,1427,Delivered,Debit Card
101827,2025-06-30,2025-07-02,Scanner,Office Supplies,ABC Suppliers,Delhi WH,Chennai,Wholesale,11,12000,132000,536,Delivered,Debit Card
101828,2025-12-11,2025-12-16,Switch,Networking,Prime Distributors,Chennai WH,Kolkata,Retail,9,6000,54000,981,In Transit,Credit Card
101829,2025-10-28,2025-10-31,Printer,Office Supplies,Tech World,Delhi WH,Jaipur,Wholesale,12,15000,180000,1237,Delivered,Debit Card
101830,2025-12-13,2025-12-18,Projector,Electronics,Prime Distributors,Chennai WH,Hyderabad,Retail,17,40000,680000,2561,Delivered,Debit Card
101831,2025-07-09,2025-07-13,Router,Networking,Global Supply,Mumbai WH,Ahmedabad,Wholesale,10,3500,35000,2230,Delayed,Debit Card
101832,2025-12-27,2026-01-02,Router,Networking,Global Supply,Hyderabad WH,Kolkata,Wholesale,14,3500,49000,1114,In Transit,UPI
101833,2025-08-25,2025-08-26,Keyboard,Accessories,ABC Suppliers,Mumbai WH,Kolkata,Retail,11,900,9900,2315,Delayed,Net Banking
101834,2025-09-02,2025-09-06,Office Chair,Furniture,XYZ Traders,Chennai WH,Kolkata,Wholesale,19,8500,161500,936,Delivered,Credit Card
101835,2025-10-21,2025-10-25,Scanner,Office Supplies,Prime Distributors,Chennai WH,Bangalore,Retail,6,12000,72000,2193,Delayed,Debit Card
101836,2025-01-17,2025-01-20,Router,Networking,ABC Suppliers,Mumbai WH,Kolkata,Wholesale,17,3500,59500,2041,Delivered,UPI
101837,2025-04-05,2025-04-11,Mouse,Accessories,ABC Suppliers,Mumbai WH,Pune,Retail,9,700,6300,2242,Delayed,Net Banking
101838,2025-03-12,2025-03-17,SSD,Storage,XYZ Traders,Delhi WH,Jaipur,Wholesale,19,5500,104500,2133,Delivered,Debit Card
101839,2025-12-05,2025-12-06,Router,Networking,Prime Distributors,Hyderabad WH,Mumbai,Wholesale,7,3500,24500,1685,Delivered,Net Banking
101840,2025-08-17,2025-08-19,Projector,Electronics,Prime Distributors,Bangalore WH,Ahmedabad,Wholesale,7,40000,280000,722,Delivered,UPI
101841,2025-06-27,2025-07-02,SSD,Storage,XYZ Traders,Mumbai WH,Mumbai,Retail,15,5500,82500,202,Delayed,Debit Card
101842,2025-12-04,2025-12-10,Laptop,Electronics,ABC Suppliers,Delhi WH,Bangalore,Retail,7,55000,385000,442,Delivered,UPI
101843,2025-04-15,2025-04-22,Router,Networking,ABC Suppliers,Chennai WH,Jaipur,Wholesale,8,3500,28000,2812,Delivered,UPI
101844,2025-07-06,2025-07-12,Switch,Networking,Global Supply,Delhi WH,Mumbai,Wholesale,15,6000,90000,2940,Delivered,Cash
101845,2025-02-03,2025-02-04,Scanner,Office Supplies,Prime Distributors,Chennai WH,Bangalore,Retail,6,12000,72000,1478,Delivered,UPI
101846,2025-05-27,2025-05-30,Mouse,Accessories,XYZ Traders,Mumbai WH,Bangalore,Wholesale,10,700,7000,1040,Delivered,Cash
101847,2025-04-11,2025-04-13,Desktop,Electronics,ABC Suppliers,Mumbai WH,Hyderabad,Retail,16,45000,720000,1708,Delivered,Net Banking
101848,2025-03-14,2025-03-19,Monitor,Electronics,Prime Distributors,Mumbai WH,Chennai,Retail,16,12000,192000,2726,Delivered,Credit Card
101849,2025-07-16,2025-07-20,Scanner,Office Supplies,XYZ Traders,Chennai WH,Delhi,Retail,6,12000,72000,520,In Transit,Net Banking
101850,2025-04-06,2025-04-10,Router,Networking,Prime Distributors,Bangalore WH,Kolkata,Wholesale,20,3500,70000,1144,Delivered,Cash
101851,2025-05-02,2025-05-05,Switch,Networking,ABC Suppliers,Hyderabad WH,Kolkata,Wholesale,10,6000,60000,316,Delivered,Cash
101852,2025-12-05,2025-12-12,Webcam,Accessories,Prime Distributors,Hyderabad WH,Bangalore,Retail,12,2500,30000,2671,Delivered,Net Banking
101853,2025-05-13,2025-05-16,Router,Networking,Global Supply,Chennai WH,Pune,Retail,2,3500,7000,2216,Delayed,Credit Card
101854,2025-04-26,2025-04-27,Printer,Office Supplies,XYZ Traders,Bangalore WH,Bangalore,Retail,10,15000,150000,2921,Delivered,Cash
101855,2025-06-21,2025-06-25,Printer,Office Supplies,Tech World,Delhi WH,Delhi,Retail,14,15000,210000,2987,In Transit,UPI
101856,2025-08-07,2025-08-13,SSD,Storage,Prime Distributors,Mumbai WH,Kolkata,Retail,10,5500,55000,1540,Delayed,Cash
101857,2025-01-01,2025-01-07,Office Chair,Furniture,Prime Distributors,Chennai WH,Kolkata,Retail,6,8500,51000,913,Delivered,Net Banking
101858,2025-12-07,2025-12-12,Monitor,Electronics,Prime Distributors,Hyderabad WH,Pune,Retail,4,12000,48000,2900,Delivered,UPI
101859,2025-09-13,2025-09-18,Laptop,Electronics,Tech World,Delhi WH,Chennai,Wholesale,1,55000,55000,1012,In Transit,Debit Card
101860,2025-02-24,2025-03-03,Projector,Electronics,ABC Suppliers,Delhi WH,Ahmedabad,Wholesale,20,40000,800000,291,Delivered,Credit Card
101861,2025-10-24,2025-10-27,Hard Disk,Storage,Prime Distributors,Hyderabad WH,Lucknow,Wholesale,11,4200,46200,2931,Delivered,Cash
101862,2025-09-07,2025-09-13,Webcam,Accessories,Prime Distributors,Bangalore WH,Hyderabad,Retail,5,2500,12500,1299,Delivered,UPI
101863,2025-10-24,2025-10-26,Desktop,Electronics,XYZ Traders,Delhi WH,Pune,Retail,1,45000,45000,1712,Delayed,Net Banking
101864,2025-07-02,2025-07-04,Printer,Office Supplies,Tech World,Mumbai WH,Bangalore,Wholesale,3,15000,45000,1293,Delayed,Credit Card
101865,2025-05-15,2025-05-17,Office Chair,Furniture,XYZ Traders,Bangalore WH,Jaipur,Wholesale,13,8500,110500,2589,In Transit,Cash
101866,2025-01-12,2025-01-19,Webcam,Accessories,XYZ Traders,Chennai WH,Delhi,Retail,19,2500,47500,2542,Delayed,UPI
101867,2025-09-28,2025-10-01,Monitor,Electronics,XYZ Traders,Hyderabad WH,Hyderabad,Wholesale,4,12000,48000,1841,In Transit,Cash
101868,2025-07-22,2025-07-24,Desktop,Electronics,Global Supply,Hyderabad WH,Bangalore,Wholesale,19,45000,855000,1707,Delivered,Debit Card
101869,2025-05-15,2025-05-18,Laptop,Electronics,XYZ Traders,Bangalore WH,Kolkata,Wholesale,6,55000,330000,2166,Delivered,UPI
101870,2025-01-17,2025-01-21,Mouse,Accessories,Tech World,Chennai WH,Lucknow,Retail,5,700,3500,2689,Cancelled,Credit Card
101871,2025-06-03,2025-06-04,Monitor,Electronics,Global Supply,Chennai WH,Mumbai,Wholesale,14,12000,168000,1922,Delivered,Debit Card
101872,2025-04-06,2025-04-08,SSD,Storage,ABC Suppliers,Mumbai WH,Kolkata,Wholesale,5,5500,27500,2323,Delivered,Credit Card
101873,2025-08-17,2025-08-21,Webcam,Accessories,Prime Distributors,Mumbai WH,Pune,Wholesale,16,2500,40000,1534,Delivered,UPI
101874,2025-01-20,2025-01-26,SSD,Storage,Tech World,Delhi WH,Hyderabad,Retail,7,5500,38500,1184,Delivered,Net Banking
101875,2025-03-15,2025-03-18,Office Desk,Furniture,Global Supply,Chennai WH,Mumbai,Wholesale,17,15000,255000,636,Delivered,Credit Card
101876,2025-02-15,2025-02-21,Office Desk,Furniture,Tech World,Mumbai WH,Pune,Retail,9,15000,135000,2870,Delivered,Credit Card
101877,2025-12-26,2025-12-31,Office Desk,Furniture,ABC Suppliers,Hyderabad WH,Bangalore,Retail,13,15000,195000,602,Delivered,Credit Card
101878,2025-07-22,2025-07-29,Office Desk,Furniture,Prime Distributors,Mumbai WH,Ahmedabad,Retail,8,15000,120000,906,Delivered,Cash
101879,2025-09-05,2025-09-07,Router,Networking,Global Supply,Chennai WH,Lucknow,Wholesale,16,3500,56000,2141,Delayed,UPI
101880,2025-04-25,2025-04-26,Webcam,Accessories,XYZ Traders,Mumbai WH,Hyderabad,Wholesale,14,2500,35000,2241,Delivered,UPI
101881,2025-03-03,2025-03-10,Office Chair,Furniture,Global Supply,Bangalore WH,Hyderabad,Wholesale,14,8500,119000,1923,In Transit,UPI
101882,2025-05-07,2025-05-08,Laptop,Electronics,Tech World,Mumbai WH,Hyderabad,Wholesale,15,55000,825000,2558,Delivered,Cash
101883,2025-08-15,2025-08-20,Office Desk,Furniture,XYZ Traders,Delhi WH,Jaipur,Wholesale,2,15000,30000,1977,Delivered,Debit Card
101884,2025-07-26,2025-07-30,Monitor,Electronics,Global Supply,Delhi WH,Delhi,Wholesale,19,12000,228000,698,Cancelled,Debit Card
101885,2025-04-14,2025-04-16,Switch,Networking,Tech World,Hyderabad WH,Jaipur,Wholesale,16,6000,96000,1701,Delivered,Debit Card
101886,2025-12-27,2025-12-28,Laptop,Electronics,ABC Suppliers,Chennai WH,Delhi,Retail,10,55000,550000,2953,Delivered,Net Banking
101887,2025-09-14,2025-09-16,Scanner,Office Supplies,Tech World,Bangalore WH,Jaipur,Wholesale,19,12000,228000,2843,Delivered,Net Banking
101888,2025-10-13,2025-10-20,Desktop,Electronics,Prime Distributors,Hyderabad WH,Bangalore,Wholesale,11,45000,495000,416,Delayed,Net Banking
101889,2025-01-02,2025-01-07,Switch,Networking,Global Supply,Hyderabad WH,Ahmedabad,Retail,20,6000,120000,1141,Cancelled,Debit Card
101890,2025-11-05,2025-11-06,Printer,Office Supplies,Tech World,Mumbai WH,Hyderabad,Wholesale,20,15000,300000,2668,In Transit,Debit Card
101891,2025-01-11,2025-01-14,Desktop,Electronics,Tech World,Delhi WH,Mumbai,Retail,12,45000,540000,1473,Delivered,Debit Card
101892,2025-05-12,2025-05-16,Scanner,Office Supplies,ABC Suppliers,Bangalore WH,Mumbai,Retail,9,12000,108000,1582,Delayed,Cash
101893,2025-09-18,2025-09-21,Office Chair,Furniture,XYZ Traders,Chennai WH,Chennai,Retail,11,8500,93500,1304,Delivered,Credit Card
101894,2025-10-14,2025-10-20,Office Chair,Furniture,Prime Distributors,Delhi WH,Hyderabad,Wholesale,15,8500,127500,1290,Delivered,Net Banking
101895,2025-04-24,2025-04-28,Laptop,Electronics,Prime Distributors,Delhi WH,Kolkata,Retail,10,55000,550000,2621,In Transit,Cash
101896,2025-08-21,2025-08-22,Webcam,Accessories,XYZ Traders,Delhi WH,Mumbai,Retail,2,2500,5000,885,Delivered,Net Banking
101897,2025-10-22,2025-10-29,Desktop,Electronics,XYZ Traders,Delhi WH,Jaipur,Retail,5,45000,225000,1254,In Transit,Net Banking
101898,2025-05-31,2025-06-04,Printer,Office Supplies,ABC Suppliers,Hyderabad WH,Bangalore,Wholesale,3,15000,45000,2323,Delivered,Net Banking
101899,2025-09-19,2025-09-24,SSD,Storage,Global Supply,Hyderabad WH,Jaipur,Retail,14,5500,77000,2913,Delivered,Debit Card
101900,2025-03-12,2025-03-18,Desktop,Electronics,Global Supply,Hyderabad WH,Ahmedabad,Wholesale,11,45000,495000,1107,Delivered,Cash
101901,2025-09-10,2025-09-13,Router,Networking,XYZ Traders,Chennai WH,Jaipur,Retail,18,3500,63000,1022,Delivered,Net Banking
101902,2025-07-25,2025-07-26,Desktop,Electronics,Tech World,Delhi WH,Jaipur,Retail,19,45000,855000,2433,Delivered,Credit Card
101903,2025-06-17,2025-06-23,Switch,Networking,XYZ Traders,Chennai WH,Bangalore,Retail,7,6000,42000,1326,Delivered,Cash
101904,2025-01-23,2025-01-27,Router,Networking,ABC Suppliers,Mumbai WH,Lucknow,Wholesale,9,3500,31500,402,In Transit,Credit Card
101905,2025-02-02,2025-02-03,Desktop,Electronics,ABC Suppliers,Bangalore WH,Bangalore,Retail,9,45000,405000,1215,In Transit,Debit Card
101906,2025-02-20,2025-02-24,Projector,Electronics,XYZ Traders,Delhi WH,Kolkata,Retail,8,40000,320000,2206,Delivered,Net Banking
101907,2025-09-17,2025-09-22,Keyboard,Accessories,Global Supply,Bangalore WH,Jaipur,Retail,6,900,5400,2847,Delivered,Credit Card
101908,2025-02-10,2025-02-14,Office Chair,Furniture,Tech World,Hyderabad WH,Delhi,Wholesale,12,8500,102000,1715,Delayed,UPI
101909,2025-12-14,2025-12-15,Mouse,Accessories,ABC Suppliers,Hyderabad WH,Kolkata,Retail,4,700,2800,1632,Delivered,UPI
101910,2025-02-11,2025-02-13,Desktop,Electronics,Tech World,Delhi WH,Pune,Wholesale,4,45000,180000,2071,Delivered,Net Banking
101911,2025-11-28,2025-12-02,Desktop,Electronics,Prime Distributors,Chennai WH,Delhi,Wholesale,3,45000,135000,1417,Delivered,UPI
101912,2025-02-10,2025-02-17,Printer,Office Supplies,Global Supply,Chennai WH,Kolkata,Retail,17,15000,255000,2205,Delivered,Credit Card
101913,2025-12-11,2025-12-18,Router,Networking,Tech World,Mumbai WH,Mumbai,Retail,6,3500,21000,1763,In Transit,Credit Card
101914,2025-06-29,2025-07-05,Projector,Electronics,Global Supply,Delhi WH,Chennai,Wholesale,5,40000,200000,1517,Delivered,Cash
101915,2025-10-29,2025-11-02,Scanner,Office Supplies,XYZ Traders,Delhi WH,Hyderabad,Wholesale,4,12000,48000,2514,Delivered,Cash
101916,2025-06-28,2025-07-05,Office Desk,Furniture,Prime Distributors,Bangalore WH,Mumbai,Retail,15,15000,225000,988,Delayed,Cash
101917,2025-04-21,2025-04-28,Laptop,Electronics,Global Supply,Mumbai WH,Kolkata,Wholesale,4,55000,220000,1752,Delivered,Net Banking
101918,2025-04-13,2025-04-14,Switch,Networking,Tech World,Hyderabad WH,Bangalore,Wholesale,9,6000,54000,2545,Delivered,Cash
101919,2025-04-10,2025-04-15,Printer,Office Supplies,ABC Suppliers,Delhi WH,Ahmedabad,Wholesale,18,15000,270000,1916,Delayed,UPI
101920,2025-11-10,2025-11-11,Switch,Networking,ABC Suppliers,Hyderabad WH,Lucknow,Retail,13,6000,78000,1752,Cancelled,Credit Card
101921,2025-08-06,2025-08-08,Office Chair,Furniture,Tech World,Hyderabad WH,Chennai,Retail,19,8500,161500,2051,Delivered,UPI
101922,2025-05-05,2025-05-07,Desktop,Electronics,XYZ Traders,Bangalore WH,Chennai,Wholesale,1,45000,45000,846,Delivered,Credit Card
101923,2025-12-08,2025-12-09,Mouse,Accessories,ABC Suppliers,Mumbai WH,Kolkata,Wholesale,20,700,14000,1375,Delivered,Credit Card
101924,2025-03-18,2025-03-22,Keyboard,Accessories,XYZ Traders,Bangalore WH,Delhi,Retail,4,900,3600,1932,In Transit,Credit Card
101925,2025-06-04,2025-06-11,Hard Disk,Storage,Global Supply,Bangalore WH,Kolkata,Wholesale,6,4200,25200,1443,In Transit,Net Banking
101926,2025-08-27,2025-08-31,Scanner,Office Supplies,ABC Suppliers,Delhi WH,Chennai,Retail,3,12000,36000,1966,Delivered,UPI
101927,2025-05-12,2025-05-13,Projector,Electronics,Global Supply,Hyderabad WH,Delhi,Wholesale,2,40000,80000,2588,Delivered,UPI
101928,2025-07-02,2025-07-04,Mouse,Accessories,Global Supply,Chennai WH,Jaipur,Retail,19,700,13300,1985,Delivered,Net Banking
101929,2025-10-09,2025-10-14,Desktop,Electronics,XYZ Traders,Bangalore WH,Jaipur,Wholesale,6,45000,270000,1740,Delivered,Cash
101930,2025-01-07,2025-01-11,Laptop,Electronics,ABC Suppliers,Hyderabad WH,Mumbai,Wholesale,20,55000,1100000,1124,Delivered,UPI
101931,2025-11-21,2025-11-27,Office Desk,Furniture,XYZ Traders,Hyderabad WH,Bangalore,Retail,10,15000,150000,2777,Delayed,Net Banking
101932,2025-08-13,2025-08-20,SSD,Storage,XYZ Traders,Delhi WH,Bangalore,Wholesale,10,5500,55000,2463,Delayed,Debit Card
101933,2025-06-05,2025-06-10,Desktop,Electronics,Tech World,Bangalore WH,Mumbai,Wholesale,9,45000,405000,2659,Delivered,UPI
101934,2025-07-05,2025-07-09,Hard Disk,Storage,Prime Distributors,Delhi WH,Pune,Retail,18,4200,75600,2334,Delivered,Net Banking
101935,2025-12-21,2025-12-28,Office Chair,Furniture,Global Supply,Mumbai WH,Chennai,Wholesale,12,8500,102000,1481,In Transit,UPI
101936,2025-08-10,2025-08-11,Printer,Office Supplies,XYZ Traders,Hyderabad WH,Ahmedabad,Retail,17,15000,255000,2780,Delivered,Debit Card
101937,2025-02-18,2025-02-23,Switch,Networking,Tech World,Hyderabad WH,Hyderabad,Wholesale,7,6000,42000,1209,Delivered,Cash
101938,2025-02-05,2025-02-09,Office Desk,Furniture,Prime Distributors,Mumbai WH,Hyderabad,Retail,2,15000,30000,291,Delivered,UPI
101939,2025-02-24,2025-02-27,Monitor,Electronics,Prime Distributors,Hyderabad WH,Pune,Retail,7,12000,84000,394,Delivered,UPI
101940,2025-05-12,2025-05-16,Webcam,Accessories,XYZ Traders,Bangalore WH,Pune,Retail,9,2500,22500,2132,Delivered,Debit Card
101941,2025-07-05,2025-07-09,Router,Networking,Prime Distributors,Mumbai WH,Mumbai,Retail,5,3500,17500,2318,Delivered,Debit Card
101942,2025-11-05,2025-11-10,Hard Disk,Storage,Prime Distributors,Bangalore WH,Lucknow,Wholesale,10,4200,42000,1685,Delivered,Net Banking
101943,2025-02-22,2025-02-27,Switch,Networking,Prime Distributors,Hyderabad WH,Ahmedabad,Retail,4,6000,24000,2976,Delivered,Cash
101944,2025-09-23,2025-09-26,Switch,Networking,Global Supply,Mumbai WH,Lucknow,Retail,5,6000,30000,469,Cancelled,Credit Card
101945,2025-05-29,2025-05-31,Keyboard,Accessories,ABC Suppliers,Bangalore WH,Pune,Retail,2,900,1800,771,Delivered,Credit Card
101946,2025-07-31,2025-08-02,Office Chair,Furniture,Global Supply,Chennai WH,Ahmedabad,Wholesale,7,8500,59500,1354,Delivered,Cash
101947,2025-04-23,2025-04-26,Office Chair,Furniture,ABC Suppliers,Bangalore WH,Kolkata,Retail,6,8500,51000,333,Delivered,Net Banking
101948,2025-11-18,2025-11-23,Desktop,Electronics,XYZ Traders,Mumbai WH,Bangalore,Retail,18,45000,810000,2209,In Transit,Cash
101949,2025-06-11,2025-06-12,Router,Networking,XYZ Traders,Delhi WH,Kolkata,Wholesale,11,3500,38500,2720,Delivered,Cash
101950,2025-04-23,2025-04-26,Router,Networking,Prime Distributors,Hyderabad WH,Ahmedabad,Wholesale,18,3500,63000,2763,Delivered,UPI
101951,2025-08-25,2025-08-26,Scanner,Office Supplies,ABC Suppliers,Hyderabad WH,Delhi,Wholesale,20,12000,240000,1402,Delivered,UPI
101952,2025-01-07,2025-01-12,Mouse,Accessories,ABC Suppliers,Chennai WH,Delhi,Wholesale,8,700,5600,2573,Delivered,UPI
101953,2025-12-24,2025-12-25,Office Desk,Furniture,Prime Distributors,Bangalore WH,Kolkata,Wholesale,3,15000,45000,1303,Delivered,Debit Card
101954,2025-06-19,2025-06-25,Projector,Electronics,XYZ Traders,Mumbai WH,Pune,Wholesale,4,40000,160000,360,Delivered,Debit Card
101955,2025-10-28,2025-11-01,Desktop,Electronics,ABC Suppliers,Bangalore WH,Lucknow,Retail,17,45000,765000,1897,Delivered,Debit Card
101956,2025-03-30,2025-04-04,Office Desk,Furniture,Tech World,Mumbai WH,Delhi,Retail,14,15000,210000,814,Delivered,Credit Card
101957,2025-07-27,2025-08-02,Hard Disk,Storage,Global Supply,Delhi WH,Mumbai,Retail,3,4200,12600,2549,Delivered,Cash
101958,2025-02-13,2025-02-18,Mouse,Accessories,XYZ Traders,Mumbai WH,Jaipur,Retail,16,700,11200,964,Delivered,Debit Card
101959,2025-12-28,2026-01-01,Office Desk,Furniture,Prime Distributors,Delhi WH,Bangalore,Wholesale,4,15000,60000,1716,Cancelled,Credit Card
101960,2025-08-14,2025-08-17,Mouse,Accessories,Global Supply,Bangalore WH,Kolkata,Retail,6,700,4200,2688,Delivered,Net Banking
101961,2025-05-31,2025-06-04,Hard Disk,Storage,XYZ Traders,Delhi WH,Mumbai,Retail,5,4200,21000,2262,Delayed,UPI
101962,2025-08-01,2025-08-06,Router,Networking,Prime Distributors,Mumbai WH,Chennai,Retail,9,3500,31500,2512,Delivered,Credit Card
101963,2025-12-03,2025-12-05,Monitor,Electronics,Tech World,Mumbai WH,Chennai,Wholesale,4,12000,48000,1953,Delayed,Cash
101964,2025-10-24,2025-10-27,Printer,Office Supplies,Global Supply,Bangalore WH,Mumbai,Wholesale,7,15000,105000,830,Delivered,Net Banking
101965,2025-08-29,2025-09-02,Laptop,Electronics,ABC Suppliers,Chennai WH,Jaipur,Wholesale,16,55000,880000,841,Delivered,Credit Card
101966,2025-02-04,2025-02-05,Webcam,Accessories,Global Supply,Mumbai WH,Lucknow,Wholesale,12,2500,30000,1308,Delivered,Credit Card
101967,2025-09-26,2025-10-02,Monitor,Electronics,ABC Suppliers,Mumbai WH,Bangalore,Retail,11,12000,132000,2704,In Transit,UPI
101968,2025-10-01,2025-10-06,Hard Disk,Storage,ABC Suppliers,Chennai WH,Delhi,Retail,3,4200,12600,2604,Delivered,UPI
101969,2025-12-15,2025-12-22,Switch,Networking,Global Supply,Mumbai WH,Jaipur,Wholesale,9,6000,54000,1843,Delivered,UPI
101970,2025-08-17,2025-08-23,Projector,Electronics,Prime Distributors,Hyderabad WH,Delhi,Wholesale,16,40000,640000,626,Delivered,UPI
101971,2025-11-02,2025-11-05,Monitor,Electronics,ABC Suppliers,Hyderabad WH,Delhi,Wholesale,9,12000,108000,2888,Delivered,Debit Card
101972,2025-10-08,2025-10-10,SSD,Storage,Global Supply,Delhi WH,Mumbai,Wholesale,4,5500,22000,760,Delivered,Net Banking
101973,2025-11-13,2025-11-15,Scanner,Office Supplies,Prime Distributors,Mumbai WH,Lucknow,Wholesale,10,12000,120000,2545,Delivered,Net Banking
101974,2025-02-16,2025-02-17,Scanner,Office Supplies,Prime Distributors,Delhi WH,Delhi,Retail,17,12000,204000,1630,Delayed,Net Banking
101975,2025-01-07,2025-01-08,Mouse,Accessories,Prime Distributors,Delhi WH,Pune,Retail,7,700,4900,1401,Delivered,Net Banking
101976,2025-02-16,2025-02-20,Office Chair,Furniture,XYZ Traders,Mumbai WH,Lucknow,Wholesale,9,8500,76500,1641,Delivered,Credit Card
101977,2025-05-30,2025-06-03,Laptop,Electronics,XYZ Traders,Hyderabad WH,Hyderabad,Retail,5,55000,275000,554,Delivered,Debit Card
101978,2025-11-22,2025-11-26,Desktop,Electronics,Tech World,Chennai WH,Bangalore,Wholesale,15,45000,675000,2295,Delivered,Debit Card
101979,2025-04-28,2025-04-29,Router,Networking,ABC Suppliers,Mumbai WH,Pune,Retail,20,3500,70000,2721,Delivered,Credit Card
101980,2025-02-25,2025-03-04,Keyboard,Accessories,ABC Suppliers,Mumbai WH,Kolkata,Retail,5,900,4500,556,Delivered,Net Banking
101981,2025-01-10,2025-01-14,SSD,Storage,XYZ Traders,Mumbai WH,Lucknow,Wholesale,14,5500,77000,2313,Delivered,UPI
101982,2025-02-13,2025-02-15,Office Chair,Furniture,Global Supply,Mumbai WH,Lucknow,Wholesale,2,8500,17000,2127,Delivered,UPI
101983,2025-05-15,2025-05-21,Switch,Networking,XYZ Traders,Hyderabad WH,Ahmedabad,Retail,18,6000,108000,278,Delayed,UPI
101984,2025-01-01,2025-01-05,Switch,Networking,Tech World,Bangalore WH,Delhi,Retail,9,6000,54000,1544,Delayed,UPI
101985,2025-11-27,2025-12-03,Monitor,Electronics,ABC Suppliers,Chennai WH,Hyderabad,Wholesale,13,12000,156000,1577,Cancelled,Debit Card
101986,2025-03-09,2025-03-11,Office Desk,Furniture,ABC Suppliers,Chennai WH,Delhi,Wholesale,14,15000,210000,593,In Transit,Credit Card
101987,2025-11-16,2025-11-19,Desktop,Electronics,Global Supply,Delhi WH,Hyderabad,Wholesale,10,45000,450000,582,Delayed,Credit Card
101988,2025-04-19,2025-04-25,Office Desk,Furniture,Prime Distributors,Mumbai WH,Chennai,Retail,20,15000,300000,850,In Transit,Credit Card
101989,2025-09-14,2025-09-16,Scanner,Office Supplies,Prime Distributors,Hyderabad WH,Ahmedabad,Retail,10,12000,120000,2038,Delayed,UPI
101990,2025-08-18,2025-08-25,Switch,Networking,Prime Distributors,Delhi WH,Hyderabad,Wholesale,14,6000,84000,446,Delivered,Credit Card
101991,2025-05-11,2025-05-15,Office Desk,Furniture,Prime Distributors,Bangalore WH,Jaipur,Retail,16,15000,240000,2932,Delivered,Net Banking
101992,2025-09-07,2025-09-10,Keyboard,Accessories,Prime Distributors,Delhi WH,Chennai,Retail,4,900,3600,2427,Delivered,UPI
101993,2025-04-13,2025-04-16,Office Chair,Furniture,Prime Distributors,Bangalore WH,Bangalore,Wholesale,10,8500,85000,1358,Delayed,Cash
101994,2025-05-10,2025-05-17,Switch,Networking,ABC Suppliers,Delhi WH,Ahmedabad,Wholesale,12,6000,72000,2996,Delivered,Credit Card
101995,2025-10-01,2025-10-02,Scanner,Office Supplies,Prime Distributors,Mumbai WH,Ahmedabad,Retail,15,12000,180000,1707,Delayed,Net Banking
101996,2025-12-22,2025-12-26,Desktop,Electronics,Prime Distributors,Chennai WH,Bangalore,Retail,15,45000,675000,1399,Delivered,Net Banking
101997,2025-06-24,2025-06-25,SSD,Storage,ABC Suppliers,Chennai WH,Jaipur,Wholesale,10,5500,55000,2596,Cancelled,UPI
101998,2025-12-16,2025-12-22,Projector,Electronics,ABC Suppliers,Chennai WH,Jaipur,Wholesale,2,40000,80000,2314,Delivered,Debit Card
101999,2025-02-17,2025-02-22,Keyboard,Accessories,Global Supply,Chennai WH,Chennai,Wholesale,1,900,900,742,Delivered,Debit Card
102000,2025-05-02,2025-05-09,SSD,Storage,Global Supply,Hyderabad WH,Ahmedabad,Wholesale,17,5500,93500,889,Delayed,UPI
102001,2025-08-02,2025-08-05,Laptop,Electronics,XYZ Traders,Bangalore WH,Pune,Retail,19,55000,1045000,2699,Delayed,Credit Card
102002,2025-01-15,2025-01-17,Router,Networking,Prime Distributors,Mumbai WH,Chennai,Wholesale,19,3500,66500,474,Delayed,Debit Card
102003,2025-06-03,2025-06-08,Router,Networking,Tech World,Hyderabad WH,Hyderabad,Retail,14,3500,49000,2506,In Transit,UPI
102004,2025-01-09,2025-01-10,Hard Disk,Storage,Global Supply,Chennai WH,Bangalore,Wholesale,9,4200,37800,1075,Cancelled,Debit Card
102005,2025-05-13,2025-05-20,Router,Networking,Prime Distributors,Hyderabad WH,Jaipur,Wholesale,14,3500,49000,1975,Delivered,UPI
102006,2025-02-01,2025-02-05,Switch,Networking,Global Supply,Mumbai WH,Pune,Wholesale,19,6000,114000,2240,Delivered,Cash
102007,2025-02-26,2025-03-05,Webcam,Accessories,Tech World,Chennai WH,Jaipur,Retail,4,2500,10000,1725,Delayed,Net Banking
102008,2025-03-26,2025-03-27,Monitor,Electronics,Tech World,Hyderabad WH,Ahmedabad,Retail,17,12000,204000,625,Cancelled,Cash
102009,2025-07-12,2025-07-13,Projector,Electronics,Prime Distributors,Delhi WH,Pune,Wholesale,6,40000,240000,2015,In Transit,Net Banking
102010,2025-12-13,2025-12-20,Webcam,Accessories,Global Supply,Chennai WH,Chennai,Retail,17,2500,42500,1427,Cancelled,UPI
102011,2025-02-22,2025-02-23,SSD,Storage,Tech World,Chennai WH,Jaipur,Wholesale,14,5500,77000,1717,In Transit,Debit Card
102012,2025-04-04,2025-04-05,Laptop,Electronics,Global Supply,Delhi WH,Ahmedabad,Retail,4,55000,220000,2073,Delivered,Net Banking
102013,2025-09-17,2025-09-23,Webcam,Accessories,XYZ Traders,Delhi WH,Ahmedabad,Retail,2,2500,5000,1639,Delayed,Cash
102014,2025-08-07,2025-08-08,Monitor,Electronics,XYZ Traders,Hyderabad WH,Jaipur,Wholesale,15,12000,180000,812,Delayed,Debit Card
102015,2025-10-21,2025-10-28,Laptop,Electronics,ABC Suppliers,Hyderabad WH,Lucknow,Retail,2,55000,110000,1156,Delivered,Credit Card
102016,2025-04-08,2025-04-14,Office Chair,Furniture,ABC Suppliers,Chennai WH,Mumbai,Retail,12,8500,102000,1418,Delivered,UPI
102017,2025-07-30,2025-07-31,Keyboard,Accessories,Tech World,Bangalore WH,Pune,Retail,6,900,5400,931,Delivered,Cash
102018,2025-09-19,2025-09-23,Keyboard,Accessories,Tech World,Delhi WH,Delhi,Wholesale,1,900,900,2963,In Transit,Cash
102019,2025-12-01,2025-12-07,Office Desk,Furniture,Global Supply,Delhi WH,Chennai,Wholesale,15,15000,225000,496,Delivered,UPI
102020,2025-07-13,2025-07-20,Desktop,Electronics,ABC Suppliers,Mumbai WH,Lucknow,Wholesale,1,45000,45000,1179,Delivered,UPI
102021,2025-08-31,2025-09-02,Printer,Office Supplies,Prime Distributors,Delhi WH,Jaipur,Retail,10,15000,150000,2268,Cancelled,UPI
102022,2025-04-07,2025-04-11,Printer,Office Supplies,Prime Distributors,Bangalore WH,Pune,Retail,20,15000,300000,1663,Delayed,Debit Card
102023,2025-10-13,2025-10-16,Laptop,Electronics,XYZ Traders,Chennai WH,Bangalore,Retail,10,55000,550000,2949,Delayed,Net Banking
102024,2025-07-24,2025-07-28,Router,Networking,ABC Suppliers,Bangalore WH,Hyderabad,Wholesale,16,3500,56000,2154,Delivered,Net Banking
102025,2025-12-15,2025-12-21,Hard Disk,Storage,Tech World,Bangalore WH,Pune,Wholesale,17,4200,71400,2609,Delivered,Credit Card
102026,2025-12-06,2025-12-07,Office Chair,Furniture,Tech World,Mumbai WH,Bangalore,Wholesale,17,8500,144500,1585,Delivered,Cash
102027,2025-11-15,2025-11-19,Office Desk,Furniture,Global Supply,Bangalore WH,Pune,Wholesale,15,15000,225000,931,In Transit,Cash
102028,2025-11-18,2025-11-25,Desktop,Electronics,Global Supply,Mumbai WH,Kolkata,Retail,16,45000,720000,2184,In Transit,Net Banking
102029,2025-04-17,2025-04-18,Monitor,Electronics,ABC Suppliers,Mumbai WH,Lucknow,Wholesale,7,12000,84000,1373,In Transit,UPI
102030,2025-09-12,2025-09-17,SSD,Storage,XYZ Traders,Delhi WH,Jaipur,Retail,9,5500,49500,1482,Delivered,Cash
102031,2025-05-17,2025-05-20,Router,Networking,XYZ Traders,Bangalore WH,Pune,Retail,5,3500,17500,537,In Transit,Net Banking
102032,2025-05-21,2025-05-28,Printer,Office Supplies,Prime Distributors,Bangalore WH,Pune,Retail,9,15000,135000,2252,Delivered,Debit Card
102033,2025-01-24,2025-01-31,Printer,Office Supplies,ABC Suppliers,Mumbai WH,Bangalore,Wholesale,9,15000,135000,2144,In Transit,Cash
102034,2025-08-12,2025-08-16,Monitor,Electronics,ABC Suppliers,Chennai WH,Kolkata,Retail,8,12000,96000,1000,Delivered,Credit Card
102035,2025-07-23,2025-07-28,Router,Networking,XYZ Traders,Delhi WH,Lucknow,Retail,17,3500,59500,538,Delivered,Debit Card
102036,2025-11-26,2025-11-30,Desktop,Electronics,Global Supply,Hyderabad WH,Mumbai,Retail,2,45000,90000,912,Delivered,Net Banking
102037,2025-08-19,2025-08-23,Printer,Office Supplies,XYZ Traders,Hyderabad WH,Kolkata,Retail,5,15000,75000,2390,Delivered,Net Banking
102038,2025-08-26,2025-09-01,SSD,Storage,Global Supply,Hyderabad WH,Mumbai,Wholesale,10,5500,55000,750,In Transit,Debit Card
102039,2025-10-31,2025-11-06,Office Desk,Furniture,ABC Suppliers,Delhi WH,Pune,Retail,13,15000,195000,1237,Cancelled,Debit Card
102040,2025-08-07,2025-08-10,Router,Networking,XYZ Traders,Bangalore WH,Pune,Wholesale,16,3500,56000,2776,Delivered,Net Banking
102041,2025-09-26,2025-09-28,Mouse,Accessories,Prime Distributors,Chennai WH,Jaipur,Retail,16,700,11200,1140,Delivered,Credit Card
102042,2025-06-19,2025-06-22,Keyboard,Accessories,Global Supply,Chennai WH,Ahmedabad,Retail,8,900,7200,2194,Cancelled,Net Banking
102043,2025-01-28,2025-01-29,Desktop,Electronics,Prime Distributors,Hyderabad WH,Bangalore,Retail,13,45000,585000,356,Delivered,Credit Card
102044,2025-11-28,2025-12-05,Mouse,Accessories,XYZ Traders,Mumbai WH,Chennai,Wholesale,9,700,6300,2637,Delivered,Credit Card
102045,2025-07-04,2025-07-06,Printer,Office Supplies,ABC Suppliers,Mumbai WH,Chennai,Retail,14,15000,210000,1443,Delivered,UPI
102046,2025-07-31,2025-08-02,Webcam,Accessories,XYZ Traders,Bangalore WH,Ahmedabad,Retail,2,2500,5000,1172,In Transit,UPI
102047,2025-03-22,2025-03-29,Desktop,Electronics,Prime Distributors,Bangalore WH,Ahmedabad,Wholesale,18,45000,810000,1186,Delivered,Credit Card
102048,2025-02-09,2025-02-16,Switch,Networking,Global Supply,Bangalore WH,Hyderabad,Wholesale,6,6000,36000,662,Delivered,Net Banking
102049,2025-03-31,2025-04-01,Webcam,Accessories,ABC Suppliers,Hyderabad WH,Pune,Wholesale,13,2500,32500,2973,Delivered,UPI
102050,2025-11-15,2025-11-22,Office Chair,Furniture,Global Supply,Delhi WH,Hyderabad,Retail,16,8500,136000,2275,Delivered,UPI
102051,2025-04-13,2025-04-16,SSD,Storage,Tech World,Chennai WH,Lucknow,Retail,4,5500,22000,1828,Cancelled,Credit Card
102052,2025-04-05,2025-04-07,Mouse,Accessories,Tech World,Bangalore WH,Delhi,Wholesale,8,700,5600,2605,Delivered,Net Banking
102053,2025-03-26,2025-03-28,SSD,Storage,ABC Suppliers,Mumbai WH,Chennai,Wholesale,9,5500,49500,243,In Transit,UPI
102054,2025-10-06,2025-10-11,Hard Disk,Storage,Global Supply,Hyderabad WH,Chennai,Retail,18,4200,75600,261,In Transit,Cash
102055,2025-11-16,2025-11-20,Laptop,Electronics,Prime Distributors,Bangalore WH,Jaipur,Wholesale,2,55000,110000,2131,In Transit,Net Banking
102056,2025-06-06,2025-06-10,Printer,Office Supplies,XYZ Traders,Delhi WH,Chennai,Wholesale,12,15000,180000,2710,Delayed,Cash
102057,2025-09-14,2025-09-19,Mouse,Accessories,Prime Distributors,Delhi WH,Lucknow,Wholesale,16,700,11200,2655,Delivered,Net Banking
102058,2025-10-25,2025-10-31,Scanner,Office Supplies,ABC Suppliers,Mumbai WH,Hyderabad,Retail,13,12000,156000,2183,In Transit,UPI
102059,2025-10-21,2025-10-25,Router,Networking,XYZ Traders,Bangalore WH,Chennai,Wholesale,14,3500,49000,1238,Delivered,Credit Card
102060,2025-12-24,2025-12-31,Mouse,Accessories,Prime Distributors,Mumbai WH,Ahmedabad,Wholesale,20,700,14000,1682,Delivered,Cash
102061,2025-12-25,2025-12-27,Desktop,Electronics,ABC Suppliers,Chennai WH,Mumbai,Wholesale,12,45000,540000,1394,Delivered,Cash
102062,2025-02-24,2025-03-03,SSD,Storage,XYZ Traders,Chennai WH,Delhi,Retail,6,5500,33000,1995,Delivered,Debit Card
102063,2025-05-22,2025-05-26,Switch,Networking,Global Supply,Mumbai WH,Ahmedabad,Wholesale,18,6000,108000,2297,In Transit,Cash
102064,2025-01-24,2025-01-31,Keyboard,Accessories,XYZ Traders,Mumbai WH,Delhi,Retail,9,900,8100,405,Delayed,Cash
102065,2025-07-30,2025-08-04,Switch,Networking,Global Supply,Mumbai WH,Jaipur,Retail,13,6000,78000,1746,Delivered,Net Banking
102066,2025-07-31,2025-08-01,Router,Networking,Prime Distributors,Delhi WH,Mumbai,Retail,16,3500,56000,2442,Delivered,Debit Card
102067,2025-03-30,2025-03-31,Hard Disk,Storage,Global Supply,Chennai WH,Delhi,Retail,19,4200,79800,611,Delivered,Cash
102068,2025-09-22,2025-09-25,SSD,Storage,Tech World,Chennai WH,Kolkata,Retail,6,5500,33000,524,Delivered,Cash
102069,2025-08-02,2025-08-05,Printer,Office Supplies,Tech World,Bangalore WH,Pune,Retail,20,15000,300000,2305,Delivered,Credit Card
102070,2025-12-05,2025-12-12,Hard Disk,Storage,Global Supply,Hyderabad WH,Bangalore,Retail,13,4200,54600,1203,Delivered,Credit Card
102071,2025-04-15,2025-04-20,Scanner,Office Supplies,Prime Distributors,Bangalore WH,Jaipur,Retail,11,12000,132000,2908,Delayed,Debit Card
102072,2025-05-10,2025-05-12,Desktop,Electronics,Tech World,Chennai WH,Delhi,Retail,13,45000,585000,1484,In Transit,Net Banking
102073,2025-05-05,2025-05-11,Office Chair,Furniture,ABC Suppliers,Mumbai WH,Ahmedabad,Retail,17,8500,144500,2204,Delivered,Net Banking
102074,2025-01-27,2025-01-30,SSD,Storage,ABC Suppliers,Hyderabad WH,Delhi,Wholesale,10,5500,55000,333,Delivered,Net Banking
102075,2025-02-14,2025-02-15,Keyboard,Accessories,XYZ Traders,Delhi WH,Chennai,Retail,11,900,9900,1535,Delivered,Debit Card
102076,2025-09-16,2025-09-21,Desktop,Electronics,Prime Distributors,Chennai WH,Delhi,Retail,1,45000,45000,1268,Delivered,Credit Card
102077,2025-08-11,2025-08-18,Projector,Electronics,ABC Suppliers,Hyderabad WH,Hyderabad,Retail,5,40000,200000,503,Delivered,Credit Card
102078,2025-11-29,2025-12-01,Mouse,Accessories,ABC Suppliers,Mumbai WH,Lucknow,Wholesale,18,700,12600,504,Delivered,Credit Card
102079,2025-01-02,2025-01-08,Scanner,Office Supplies,ABC Suppliers,Delhi WH,Kolkata,Retail,12,12000,144000,370,In Transit,UPI
102080,2025-02-25,2025-03-04,Office Chair,Furniture,Prime Distributors,Chennai WH,Ahmedabad,Retail,12,8500,102000,401,Delivered,Credit Card
102081,2025-03-11,2025-03-18,Webcam,Accessories,XYZ Traders,Chennai WH,Kolkata,Retail,4,2500,10000,1177,Delayed,Net Banking
102082,2025-03-20,2025-03-24,Keyboard,Accessories,Tech World,Delhi WH,Mumbai,Wholesale,7,900,6300,919,In Transit,Net Banking
102083,2025-12-26,2025-12-29,Office Desk,Furniture,Tech World,Chennai WH,Ahmedabad,Retail,7,15000,105000,2236,Delivered,Cash
102084,2025-12-08,2025-12-13,Monitor,Electronics,XYZ Traders,Hyderabad WH,Bangalore,Retail,15,12000,180000,1471,Delivered,UPI
102085,2025-02-09,2025-02-16,Switch,Networking,Prime Distributors,Hyderabad WH,Ahmedabad,Retail,13,6000,78000,2805,Delayed,Cash
102086,2025-10-16,2025-10-18,Office Chair,Furniture,Tech World,Mumbai WH,Delhi,Wholesale,11,8500,93500,981,Delivered,Credit Card
102087,2025-10-04,2025-10-06,Desktop,Electronics,Global Supply,Bangalore WH,Kolkata,Wholesale,11,45000,495000,1113,Cancelled,Credit Card
102088,2025-05-11,2025-05-13,Router,Networking,Global Supply,Mumbai WH,Jaipur,Retail,14,3500,49000,237,Delivered,UPI
102089,2025-06-14,2025-06-17,Office Desk,Furniture,ABC Suppliers,Mumbai WH,Chennai,Wholesale,3,15000,45000,1190,In Transit,Debit Card
102090,2025-06-21,2025-06-27,SSD,Storage,XYZ Traders,Bangalore WH,Kolkata,Retail,6,5500,33000,2073,Delivered,Cash
102091,2025-07-09,2025-07-11,Monitor,Electronics,Global Supply,Bangalore WH,Pune,Wholesale,17,12000,204000,2988,Delivered,UPI
102092,2025-10-30,2025-11-05,Mouse,Accessories,Tech World,Delhi WH,Chennai,Retail,5,700,3500,2286,Delivered,Cash
102093,2025-05-28,2025-06-04,Webcam,Accessories,Prime Distributors,Chennai WH,Delhi,Wholesale,7,2500,17500,299,Delivered,Net Banking
102094,2025-12-20,2025-12-26,SSD,Storage,Prime Distributors,Bangalore WH,Bangalore,Wholesale,12,5500,66000,1211,Delivered,UPI
102095,2025-10-24,2025-10-25,Printer,Office Supplies,Prime Distributors,Chennai WH,Ahmedabad,Retail,19,15000,285000,1522,In Transit,Cash
102096,2025-08-13,2025-08-18,Keyboard,Accessories,Tech World,Chennai WH,Kolkata,Wholesale,17,900,15300,1841,Delivered,Net Banking
102097,2025-10-13,2025-10-19,Webcam,Accessories,XYZ Traders,Chennai WH,Ahmedabad,Retail,11,2500,27500,2971,Delivered,Credit Card
102098,2025-08-31,2025-09-05,Printer,Office Supplies,Global Supply,Delhi WH,Lucknow,Wholesale,5,15000,75000,2025,Delivered,Debit Card
102099,2025-07-31,2025-08-06,Laptop,Electronics,Prime Distributors,Bangalore WH,Lucknow,Wholesale,1,55000,55000,1401,Delivered,Credit Card
102100,2025-08-16,2025-08-23,Hard Disk,Storage,ABC Suppliers,Mumbai WH,Kolkata,Retail,3,4200,12600,780,Delivered,Credit Card
102101,2025-12-11,2025-12-18,Office Chair,Furniture,ABC Suppliers,Mumbai WH,Kolkata,Retail,3,8500,25500,1378,Delivered,Net Banking
102102,2025-02-23,2025-02-28,Office Chair,Furniture,Tech World,Chennai WH,Kolkata,Retail,6,8500,51000,2564,Delivered,UPI
102103,2025-11-18,2025-11-23,Router,Networking,Global Supply,Bangalore WH,Jaipur,Wholesale,11,3500,38500,2876,Delivered,Credit Card
102104,2025-07-21,2025-07-28,SSD,Storage,ABC Suppliers,Hyderabad WH,Delhi,Retail,2,5500,11000,2030,In Transit,Credit Card
102105,2025-04-28,2025-05-02,Mouse,Accessories,Global Supply,Mumbai WH,Lucknow,Retail,6,700,4200,1607,Delivered,Cash
102106,2025-01-01,2025-01-06,Switch,Networking,Tech World,Bangalore WH,Bangalore,Retail,10,6000,60000,630,Delivered,Credit Card
102107,2025-12-24,2025-12-27,Webcam,Accessories,Global Supply,Mumbai WH,Ahmedabad,Retail,4,2500,10000,849,Delivered,Credit Card
102108,2025-09-04,2025-09-11,Switch,Networking,Global Supply,Delhi WH,Ahmedabad,Retail,14,6000,84000,605,Delivered,Net Banking
102109,2025-03-01,2025-03-02,Office Desk,Furniture,Prime Distributors,Mumbai WH,Delhi,Wholesale,11,15000,165000,1194,Delivered,UPI
102110,2025-03-03,2025-03-04,Printer,Office Supplies,Global Supply,Chennai WH,Chennai,Retail,19,15000,285000,2641,Delivered,Debit Card
102111,2025-08-06,2025-08-12,Mouse,Accessories,XYZ Traders,Mumbai WH,Mumbai,Retail,8,700,5600,767,In Transit,Net Banking
102112,2025-11-23,2025-11-28,Mouse,Accessories,XYZ Traders,Mumbai WH,Ahmedabad,Retail,13,700,9100,1690,Delivered,Net Banking
102113,2025-07-14,2025-07-17,Printer,Office Supplies,XYZ Traders,Chennai WH,Delhi,Retail,4,15000,60000,2919,In Transit,Credit Card
102114,2025-04-11,2025-04-15,Webcam,Accessories,Prime Distributors,Chennai WH,Ahmedabad,Wholesale,7,2500,17500,462,Delivered,Cash
102115,2025-11-11,2025-11-14,Router,Networking,Tech World,Mumbai WH,Jaipur,Retail,9,3500,31500,1401,Delivered,Net Banking
102116,2025-06-08,2025-06-10,Monitor,Electronics,Tech World,Hyderabad WH,Jaipur,Wholesale,6,12000,72000,2406,In Transit,UPI
102117,2025-03-12,2025-03-14,Office Chair,Furniture,Tech World,Delhi WH,Bangalore,Wholesale,1,8500,8500,698,Delivered,UPI
102118,2025-03-03,2025-03-06,Scanner,Office Supplies,Global Supply,Hyderabad WH,Hyderabad,Retail,15,12000,180000,999,Delivered,Cash
102119,2025-05-18,2025-05-19,Desktop,Electronics,Global Supply,Chennai WH,Bangalore,Wholesale,1,45000,45000,754,Delivered,Cash
102120,2025-03-11,2025-03-13,SSD,Storage,Tech World,Delhi WH,Delhi,Retail,8,5500,44000,1739,Delivered,Cash
102121,2025-08-02,2025-08-06,Scanner,Office Supplies,Global Supply,Hyderabad WH,Chennai,Wholesale,6,12000,72000,2564,Delivered,Debit Card
102122,2025-10-27,2025-11-03,Office Desk,Furniture,Global Supply,Bangalore WH,Mumbai,Retail,1,15000,15000,621,In Transit,Net Banking
102123,2025-04-13,2025-04-15,Monitor,Electronics,XYZ Traders,Mumbai WH,Lucknow,Wholesale,15,12000,180000,686,In Transit,Net Banking
102124,2025-04-30,2025-05-02,Scanner,Office Supplies,ABC Suppliers,Delhi WH,Delhi,Wholesale,18,12000,216000,427,Delayed,Net Banking
102125,2025-01-09,2025-01-13,Office Desk,Furniture,Prime Distributors,Chennai WH,Pune,Wholesale,18,15000,270000,358,Delivered,Net Banking
102126,2025-02-28,2025-03-02,Monitor,Electronics,XYZ Traders,Delhi WH,Kolkata,Wholesale,14,12000,168000,657,Delivered,Credit Card
102127,2025-12-25,2025-12-26,Keyboard,Accessories,Prime Distributors,Bangalore WH,Chennai,Wholesale,18,900,16200,2908,Delivered,Net Banking
102128,2025-04-14,2025-04-17,Office Chair,Furniture,Tech World,Bangalore WH,Jaipur,Wholesale,15,8500,127500,577,Delivered,Net Banking
102129,2025-05-02,2025-05-06,Office Chair,Furniture,Global Supply,Bangalore WH,Mumbai,Wholesale,19,8500,161500,2919,Cancelled,Credit Card
102130,2025-05-07,2025-05-12,Mouse,Accessories,Prime Distributors,Hyderabad WH,Mumbai,Wholesale,9,700,6300,210,Delayed,Cash
102131,2025-08-02,2025-08-09,Switch,Networking,XYZ Traders,Chennai WH,Chennai,Wholesale,4,6000,24000,782,Delivered,Cash
102132,2025-11-17,2025-11-24,Office Desk,Furniture,ABC Suppliers,Hyderabad WH,Delhi,Retail,19,15000,285000,2603,In Transit,Credit Card
102133,2025-07-02,2025-07-06,Router,Networking,Tech World,Delhi WH,Chennai,Retail,4,3500,14000,526,Delivered,Credit Card
102134,2025-10-16,2025-10-18,Office Desk,Furniture,Tech World,Chennai WH,Ahmedabad,Retail,14,15000,210000,793,Delivered,Cash
102135,2025-12-30,2026-01-03,Projector,Electronics,ABC Suppliers,Hyderabad WH,Ahmedabad,Retail,18,40000,720000,2296,Delivered,Net Banking
102136,2025-12-16,2025-12-20,Scanner,Office Supplies,Global Supply,Hyderabad WH,Jaipur,Wholesale,19,12000,228000,589,Delivered,Debit Card
102137,2025-04-20,2025-04-27,Desktop,Electronics,XYZ Traders,Hyderabad WH,Delhi,Wholesale,11,45000,495000,606,Delivered,Credit Card
102138,2025-10-30,2025-11-05,Projector,Electronics,Prime Distributors,Delhi WH,Bangalore,Retail,18,40000,720000,744,Delivered,Credit Card
102139,2025-12-15,2025-12-22,Scanner,Office Supplies,Global Supply,Delhi WH,Bangalore,Wholesale,1,12000,12000,1193,Delivered,UPI
102140,2025-07-11,2025-07-17,SSD,Storage,Global Supply,Mumbai WH,Mumbai,Wholesale,20,5500,110000,288,Delivered,UPI
102141,2025-01-03,2025-01-07,Webcam,Accessories,ABC Suppliers,Chennai WH,Pune,Retail,12,2500,30000,2518,Delivered,Credit Card
102142,2025-04-03,2025-04-09,Office Desk,Furniture,Prime Distributors,Mumbai WH,Mumbai,Wholesale,9,15000,135000,698,Delivered,Net Banking
102143,2025-07-12,2025-07-15,Keyboard,Accessories,Global Supply,Chennai WH,Jaipur,Retail,1,900,900,2157,Cancelled,Cash
102144,2025-03-15,2025-03-19,Scanner,Office Supplies,Global Supply,Delhi WH,Kolkata,Wholesale,16,12000,192000,1757,Delivered,Cash
102145,2025-07-22,2025-07-26,Hard Disk,Storage,ABC Suppliers,Hyderabad WH,Ahmedabad,Retail,8,4200,33600,1699,Delivered,UPI
102146,2025-06-15,2025-06-20,Webcam,Accessories,Global Supply,Hyderabad WH,Mumbai,Retail,6,2500,15000,766,Cancelled,Net Banking
102147,2025-01-27,2025-01-30,Laptop,Electronics,XYZ Traders,Bangalore WH,Chennai,Wholesale,14,55000,770000,2445,In Transit,Cash
102148,2025-09-30,2025-10-02,Printer,Office Supplies,Prime Distributors,Bangalore WH,Hyderabad,Retail,19,15000,285000,2377,Delivered,Cash
102149,2025-10-01,2025-10-04,Router,Networking,Global Supply,Bangalore WH,Lucknow,Retail,19,3500,66500,1414,Delivered,UPI
102150,2025-10-18,2025-10-19,Scanner,Office Supplies,XYZ Traders,Delhi WH,Bangalore,Wholesale,3,12000,36000,859,Delivered,Credit Card
102151,2025-02-01,2025-02-05,Desktop,Electronics,Prime Distributors,Bangalore WH,Pune,Wholesale,3,45000,135000,554,Delivered,Net Banking
102152,2025-06-26,2025-07-01,Switch,Networking,ABC Suppliers,Delhi WH,Lucknow,Retail,1,6000,6000,2369,In Transit,Cash
102153,2025-09-07,2025-09-14,Mouse,Accessories,Tech World,Chennai WH,Chennai,Wholesale,20,700,14000,1230,Delivered,Credit Card
102154,2025-08-17,2025-08-24,Desktop,Electronics,Tech World,Mumbai WH,Bangalore,Wholesale,2,45000,90000,409,Cancelled,Cash
102155,2025-09-20,2025-09-21,Laptop,Electronics,ABC Suppliers,Mumbai WH,Kolkata,Wholesale,17,55000,935000,505,Delivered,UPI
102156,2025-04-23,2025-04-27,Projector,Electronics,XYZ Traders,Hyderabad WH,Chennai,Retail,17,40000,680000,813,Delivered,UPI
102157,2025-08-24,2025-08-27,Monitor,Electronics,Global Supply,Mumbai WH,Kolkata,Retail,18,12000,216000,2031,Delivered,UPI
102158,2025-02-26,2025-03-01,Hard Disk,Storage,Global Supply,Chennai WH,Ahmedabad,Wholesale,10,4200,42000,2406,In Transit,Net Banking
102159,2025-08-12,2025-08-19,Laptop,Electronics,Tech World,Delhi WH,Ahmedabad,Retail,12,55000,660000,1883,In Transit,UPI
102160,2025-02-04,2025-02-11,Office Desk,Furniture,XYZ Traders,Mumbai WH,Bangalore,Wholesale,2,15000,30000,2147,Delayed,Cash
102161,2025-05-22,2025-05-24,Printer,Office Supplies,Tech World,Bangalore WH,Hyderabad,Retail,9,15000,135000,589,Delivered,Cash
102162,2025-06-24,2025-06-25,Printer,Office Supplies,Tech World,Chennai WH,Mumbai,Wholesale,8,15000,120000,1607,Delayed,Credit Card
102163,2025-08-31,2025-09-05,Monitor,Electronics,XYZ Traders,Delhi WH,Lucknow,Retail,7,12000,84000,2100,In Transit,Debit Card
102164,2025-08-04,2025-08-06,Laptop,Electronics,XYZ Traders,Hyderabad WH,Chennai,Wholesale,19,55000,1045000,1495,Delivered,Debit Card
102165,2025-09-09,2025-09-13,Office Chair,Furniture,Tech World,Mumbai WH,Lucknow,Wholesale,17,8500,144500,1174,Delayed,UPI
102166,2025-02-21,2025-02-23,Router,Networking,ABC Suppliers,Delhi WH,Jaipur,Retail,5,3500,17500,2588,Delivered,Credit Card
102167,2025-06-22,2025-06-27,SSD,Storage,XYZ Traders,Hyderabad WH,Ahmedabad,Retail,12,5500,66000,2373,Delivered,Net Banking
102168,2025-07-09,2025-07-13,Webcam,Accessories,Tech World,Bangalore WH,Hyderabad,Wholesale,10,2500,25000,1535,Delivered,Credit Card
102169,2025-09-26,2025-09-29,Desktop,Electronics,Tech World,Chennai WH,Kolkata,Wholesale,18,45000,810000,2743,Delayed,Debit Card
102170,2025-03-01,2025-03-03,Desktop,Electronics,Global Supply,Chennai WH,Mumbai,Retail,14,45000,630000,1625,In Transit,Debit Card
102171,2025-03-29,2025-04-01,Printer,Office Supplies,XYZ Traders,Chennai WH,Bangalore,Wholesale,10,15000,150000,801,In Transit,Debit Card
102172,2025-12-28,2026-01-02,Printer,Office Supplies,ABC Suppliers,Delhi WH,Ahmedabad,Wholesale,18,15000,270000,1723,Delivered,Debit Card
102173,2025-03-06,2025-03-12,Router,Networking,XYZ Traders,Delhi WH,Lucknow,Wholesale,19,3500,66500,596,Delivered,Debit Card
102174,2025-08-04,2025-08-08,Mouse,Accessories,ABC Suppliers,Delhi WH,Hyderabad,Retail,10,700,7000,2963,Cancelled,Net Banking
102175,2025-12-27,2025-12-31,Desktop,Electronics,Prime Distributors,Bangalore WH,Hyderabad,Retail,9,45000,405000,1641,Delayed,Net Banking
102176,2025-10-18,2025-10-23,Mouse,Accessories,Prime Distributors,Chennai WH,Chennai,Retail,16,700,11200,1204,In Transit,Credit Card
102177,2025-04-26,2025-04-29,Hard Disk,Storage,XYZ Traders,Chennai WH,Kolkata,Retail,20,4200,84000,2137,Delivered,Debit Card
102178,2025-03-12,2025-03-14,Projector,Electronics,Global Supply,Delhi WH,Hyderabad,Retail,10,40000,400000,2153,Delivered,Debit Card
102179,2025-02-23,2025-02-26,Monitor,Electronics,ABC Suppliers,Bangalore WH,Delhi,Retail,17,12000,204000,1766,Delayed,UPI
102180,2025-02-09,2025-02-11,Printer,Office Supplies,Global Supply,Chennai WH,Lucknow,Retail,11,15000,165000,440,Delivered,UPI
102181,2025-11-03,2025-11-10,Desktop,Electronics,Global Supply,Bangalore WH,Ahmedabad,Retail,10,45000,450000,2689,Delivered,Net Banking
102182,2025-04-26,2025-04-30,Webcam,Accessories,ABC Suppliers,Hyderabad WH,Ahmedabad,Wholesale,12,2500,30000,2799,Delivered,Cash
102183,2025-07-21,2025-07-24,Webcam,Accessories,ABC Suppliers,Mumbai WH,Lucknow,Retail,13,2500,32500,1291,Delivered,Debit Card
102184,2025-01-25,2025-01-30,Router,Networking,ABC Suppliers,Delhi WH,Jaipur,Wholesale,7,3500,24500,2942,Delivered,Cash
102185,2025-05-25,2025-05-30,Desktop,Electronics,Global Supply,Chennai WH,Hyderabad,Retail,13,45000,585000,1345,In Transit,Cash
102186,2025-12-15,2025-12-19,Mouse,Accessories,Prime Distributors,Chennai WH,Kolkata,Retail,10,700,7000,755,Delivered,UPI
102187,2025-09-22,2025-09-24,Keyboard,Accessories,Global Supply,Hyderabad WH,Bangalore,Wholesale,20,900,18000,2106,In Transit,Credit Card
102188,2025-01-22,2025-01-26,Keyboard,Accessories,Prime Distributors,Bangalore WH,Delhi,Wholesale,15,900,13500,412,Delayed,UPI
102189,2025-07-15,2025-07-21,Printer,Office Supplies,ABC Suppliers,Chennai WH,Kolkata,Retail,17,15000,255000,256,In Transit,Debit Card
102190,2025-05-26,2025-05-29,Hard Disk,Storage,Global Supply,Bangalore WH,Kolkata,Retail,20,4200,84000,791,In Transit,Cash
102191,2025-04-23,2025-04-26,Mouse,Accessories,XYZ Traders,Hyderabad WH,Kolkata,Wholesale,20,700,14000,1753,In Transit,Debit Card
102192,2025-01-23,2025-01-30,SSD,Storage,Tech World,Delhi WH,Pune,Wholesale,2,5500,11000,328,Delivered,Credit Card
102193,2025-12-24,2025-12-29,Monitor,Electronics,Prime Distributors,Mumbai WH,Chennai,Wholesale,20,12000,240000,1462,Delivered,Net Banking
102194,2025-05-28,2025-05-29,Office Desk,Furniture,ABC Suppliers,Hyderabad WH,Mumbai,Retail,5,15000,75000,2274,Delivered,UPI
102195,2025-07-25,2025-07-31,Keyboard,Accessories,Prime Distributors,Chennai WH,Chennai,Wholesale,19,900,17100,2110,Delivered,Cash
102196,2025-12-17,2025-12-20,SSD,Storage,Tech World,Delhi WH,Hyderabad,Wholesale,15,5500,82500,1687,Delivered,Net Banking
102197,2025-10-20,2025-10-25,Laptop,Electronics,XYZ Traders,Mumbai WH,Kolkata,Wholesale,11,55000,605000,2521,Delivered,UPI
102198,2025-06-28,2025-07-04,Office Desk,Furniture,Global Supply,Bangalore WH,Mumbai,Wholesale,18,15000,270000,758,Delivered,UPI
102199,2025-09-03,2025-09-04,Projector,Electronics,Tech World,Delhi WH,Ahmedabad,Retail,20,40000,800000,266,In Transit,Debit Card
102200,2025-10-31,2025-11-07,Monitor,Electronics,XYZ Traders,Bangalore WH,Chennai,Retail,11,12000,132000,1560,In Transit,Credit Card
102201,2025-12-09,2025-12-15,Office Desk,Furniture,Prime Distributors,Hyderabad WH,Pune,Wholesale,8,15000,120000,1844,Delivered,UPI
102202,2025-12-31,2026-01-05,Projector,Electronics,ABC Suppliers,Chennai WH,Pune,Wholesale,4,40000,160000,277,Delivered,UPI
102203,2025-02-13,2025-02-15,Printer,Office Supplies,Global Supply,Bangalore WH,Mumbai,Wholesale,12,15000,180000,927,Delivered,UPI
102204,2025-11-10,2025-11-16,Router,Networking,Tech World,Bangalore WH,Kolkata,Retail,18,3500,63000,516,Delivered,Cash
102205,2025-11-17,2025-11-24,Office Desk,Furniture,ABC Suppliers,Bangalore WH,Jaipur,Retail,1,15000,15000,613,In Transit,UPI
102206,2025-03-12,2025-03-17,Scanner,Office Supplies,Prime Distributors,Chennai WH,Lucknow,Wholesale,4,12000,48000,985,Delayed,Credit Card
102207,2025-03-15,2025-03-18,Projector,Electronics,Global Supply,Chennai WH,Ahmedabad,Wholesale,20,40000,800000,556,Delivered,Net Banking
102208,2025-07-15,2025-07-21,SSD,Storage,Global Supply,Hyderabad WH,Kolkata,Wholesale,3,5500,16500,1964,Delivered,Debit Card
102209,2025-01-02,2025-01-05,Office Desk,Furniture,Prime Distributors,Hyderabad WH,Jaipur,Retail,18,15000,270000,2055,Delivered,Cash
102210,2025-07-21,2025-07-28,Mouse,Accessories,Prime Distributors,Hyderabad WH,Jaipur,Wholesale,18,700,12600,1517,Delayed,Net Banking
102211,2025-08-09,2025-08-11,Hard Disk,Storage,XYZ Traders,Bangalore WH,Bangalore,Retail,10,4200,42000,2300,Delivered,Debit Card
102212,2025-10-05,2025-10-06,Office Desk,Furniture,Tech World,Bangalore WH,Mumbai,Retail,2,15000,30000,1576,Delivered,UPI
102213,2025-06-28,2025-07-04,Scanner,Office Supplies,Global Supply,Mumbai WH,Lucknow,Retail,20,12000,240000,980,Delivered,Net Banking
102214,2025-07-24,2025-07-27,Desktop,Electronics,XYZ Traders,Hyderabad WH,Jaipur,Retail,1,45000,45000,1354,Delivered,Credit Card
102215,2025-04-08,2025-04-11,Desktop,Electronics,XYZ Traders,Mumbai WH,Kolkata,Wholesale,2,45000,90000,1685,In Transit,Cash
102216,2025-04-14,2025-04-20,Router,Networking,Prime Distributors,Mumbai WH,Lucknow,Wholesale,3,3500,10500,1701,Cancelled,Cash
102217,2025-02-02,2025-02-06,Router,Networking,Tech World,Bangalore WH,Delhi,Retail,15,3500,52500,1721,Delivered,UPI
102218,2025-07-09,2025-07-13,Desktop,Electronics,Tech World,Chennai WH,Delhi,Retail,16,45000,720000,1140,Delivered,Net Banking
102219,2025-12-11,2025-12-14,Office Desk,Furniture,ABC Suppliers,Chennai WH,Bangalore,Wholesale,1,15000,15000,2341,Delivered,Net Banking
102220,2025-02-04,2025-02-09,Projector,Electronics,Prime Distributors,Chennai WH,Kolkata,Wholesale,10,40000,400000,1524,Delivered,UPI
102221,2025-11-25,2025-11-26,Router,Networking,XYZ Traders,Delhi WH,Mumbai,Wholesale,10,3500,35000,506,Delivered,Net Banking
102222,2025-12-09,2025-12-13,Monitor,Electronics,Global Supply,Hyderabad WH,Lucknow,Retail,12,12000,144000,1741,Delivered,Cash
102223,2025-03-07,2025-03-13,Projector,Electronics,Global Supply,Mumbai WH,Bangalore,Retail,10,40000,400000,1109,Delayed,Net Banking
102224,2025-10-07,2025-10-09,Monitor,Electronics,Global Supply,Hyderabad WH,Chennai,Wholesale,12,12000,144000,2897,Delivered,Cash
102225,2025-03-11,2025-03-15,Router,Networking,XYZ Traders,Chennai WH,Chennai,Wholesale,15,3500,52500,1406,Delivered,Credit Card
102226,2025-10-27,2025-10-31,Hard Disk,Storage,Prime Distributors,Mumbai WH,Hyderabad,Wholesale,17,4200,71400,512,In Transit,Debit Card
102227,2025-07-08,2025-07-10,Switch,Networking,Tech World,Mumbai WH,Jaipur,Retail,14,6000,84000,2255,Delayed,UPI
102228,2025-10-08,2025-10-14,Projector,Electronics,Tech World,Delhi WH,Ahmedabad,Wholesale,10,40000,400000,713,Delayed,UPI
102229,2025-11-02,2025-11-07,Router,Networking,ABC Suppliers,Delhi WH,Mumbai,Wholesale,18,3500,63000,200,Delivered,Net Banking
102230,2025-08-23,2025-08-26,Router,Networking,Global Supply,Mumbai WH,Jaipur,Wholesale,19,3500,66500,254,In Transit,Cash
102231,2025-10-23,2025-10-25,Projector,Electronics,XYZ Traders,Mumbai WH,Delhi,Retail,6,40000,240000,2783,Cancelled,UPI
102232,2025-02-02,2025-02-05,Hard Disk,Storage,Global Supply,Hyderabad WH,Lucknow,Retail,2,4200,8400,1532,Cancelled,Cash
102233,2025-08-14,2025-08-18,SSD,Storage,Prime Distributors,Bangalore WH,Mumbai,Retail,19,5500,104500,1812,Delivered,Net Banking
102234,2025-11-15,2025-11-17,Laptop,Electronics,ABC Suppliers,Delhi WH,Kolkata,Retail,12,55000,660000,596,Delivered,Net Banking
102235,2025-12-24,2025-12-25,Webcam,Accessories,ABC Suppliers,Delhi WH,Ahmedabad,Wholesale,15,2500,37500,1176,Delivered,Net Banking
102236,2025-03-30,2025-03-31,Router,Networking,XYZ Traders,Delhi WH,Pune,Wholesale,8,3500,28000,578,Delivered,Debit Card
102237,2025-11-14,2025-11-19,Desktop,Electronics,ABC Suppliers,Delhi WH,Ahmedabad,Retail,6,45000,270000,1288,Delayed,Credit Card
102238,2025-11-16,2025-11-23,Scanner,Office Supplies,XYZ Traders,Chennai WH,Ahmedabad,Wholesale,20,12000,240000,2255,In Transit,Cash
102239,2025-07-20,2025-07-23,Router,Networking,Prime Distributors,Hyderabad WH,Chennai,Retail,3,3500,10500,811,In Transit,Net Banking
102240,2025-11-20,2025-11-24,Office Desk,Furniture,ABC Suppliers,Delhi WH,Lucknow,Wholesale,3,15000,45000,1137,Delivered,Cash
102241,2025-08-02,2025-08-03,SSD,Storage,Tech World,Bangalore WH,Chennai,Retail,17,5500,93500,213,Delivered,UPI
102242,2025-06-23,2025-06-27,Printer,Office Supplies,XYZ Traders,Mumbai WH,Delhi,Wholesale,11,15000,165000,282,Delivered,UPI
102243,2025-01-15,2025-01-18,Scanner,Office Supplies,Tech World,Bangalore WH,Pune,Wholesale,3,12000,36000,1661,Delivered,UPI
102244,2025-12-02,2025-12-03,Mouse,Accessories,Prime Distributors,Bangalore WH,Hyderabad,Wholesale,7,700,4900,2059,In Transit,Net Banking
102245,2025-10-15,2025-10-16,Router,Networking,Tech World,Hyderabad WH,Hyderabad,Retail,8,3500,28000,307,In Transit,Net Banking
102246,2025-05-18,2025-05-23,Scanner,Office Supplies,ABC Suppliers,Chennai WH,Ahmedabad,Retail,8,12000,96000,2916,Delivered,Cash
102247,2025-02-03,2025-02-04,Hard Disk,Storage,XYZ Traders,Bangalore WH,Lucknow,Retail,18,4200,75600,2427,Delivered,Credit Card
102248,2025-12-25,2025-12-26,Printer,Office Supplies,Tech World,Bangalore WH,Hyderabad,Wholesale,3,15000,45000,1632,Delivered,Credit Card
102249,2025-05-29,2025-06-02,Scanner,Office Supplies,XYZ Traders,Chennai WH,Chennai,Wholesale,2,12000,24000,2833,Delayed,UPI
102250,2025-12-31,2026-01-03,Router,Networking,Prime Distributors,Chennai WH,Ahmedabad,Retail,2,3500,7000,1027,Delayed,Cash
102251,2025-05-20,2025-05-22,Printer,Office Supplies,XYZ Traders,Mumbai WH,Lucknow,Retail,11,15000,165000,1047,Delivered,Cash
102252,2025-03-27,2025-03-30,Laptop,Electronics,ABC Suppliers,Chennai WH,Jaipur,Retail,11,55000,605000,2420,Delivered,Debit Card
102253,2025-11-25,2025-11-27,Hard Disk,Storage,Prime Distributors,Hyderabad WH,Pune,Wholesale,8,4200,33600,2375,Delivered,Net Banking
102254,2025-01-02,2025-01-09,Projector,Electronics,ABC Suppliers,Hyderabad WH,Pune,Retail,7,40000,280000,903,Delivered,UPI
102255,2025-01-10,2025-01-11,Router,Networking,ABC Suppliers,Bangalore WH,Lucknow,Retail,1,3500,3500,2582,In Transit,Debit Card
102256,2025-12-28,2025-12-30,Laptop,Electronics,ABC Suppliers,Delhi WH,Kolkata,Retail,6,55000,330000,2767,Delivered,Net Banking
102257,2025-02-15,2025-02-21,Printer,Office Supplies,Prime Distributors,Delhi WH,Ahmedabad,Retail,20,15000,300000,2837,Delivered,Net Banking
102258,2025-08-03,2025-08-07,Office Chair,Furniture,Global Supply,Hyderabad WH,Pune,Retail,14,8500,119000,443,Delivered,Debit Card
102259,2025-03-27,2025-03-31,Router,Networking,Global Supply,Hyderabad WH,Jaipur,Retail,11,3500,38500,1751,Delivered,Net Banking
102260,2025-10-26,2025-10-28,Switch,Networking,Prime Distributors,Mumbai WH,Chennai,Wholesale,2,6000,12000,2284,In Transit,Net Banking
102261,2025-07-22,2025-07-23,Desktop,Electronics,XYZ Traders,Hyderabad WH,Pune,Retail,20,45000,900000,1230,Delivered,Credit Card
102262,2025-03-20,2025-03-22,Router,Networking,XYZ Traders,Chennai WH,Jaipur,Retail,18,3500,63000,2184,Delivered,Debit Card
102263,2025-10-19,2025-10-20,Hard Disk,Storage,Prime Distributors,Mumbai WH,Pune,Retail,6,4200,25200,501,Delivered,Cash
102264,2025-07-04,2025-07-05,Keyboard,Accessories,Prime Distributors,Bangalore WH,Lucknow,Wholesale,4,900,3600,848,Delivered,UPI
102265,2025-08-25,2025-09-01,Office Chair,Furniture,Tech World,Chennai WH,Pune,Retail,10,8500,85000,2060,Delayed,UPI
102266,2025-10-29,2025-11-04,Printer,Office Supplies,Prime Distributors,Hyderabad WH,Chennai,Retail,8,15000,120000,2897,Delivered,Net Banking
102267,2025-10-05,2025-10-11,SSD,Storage,Global Supply,Mumbai WH,Chennai,Wholesale,2,5500,11000,1045,In Transit,Net Banking
102268,2025-12-07,2025-12-12,Projector,Electronics,ABC Suppliers,Hyderabad WH,Lucknow,Wholesale,15,40000,600000,852,In Transit,Credit Card
102269,2025-04-14,2025-04-20,Laptop,Electronics,Prime Distributors,Chennai WH,Pune,Retail,8,55000,440000,1862,In Transit,UPI
102270,2025-06-26,2025-06-30,SSD,Storage,Tech World,Mumbai WH,Pune,Wholesale,3,5500,16500,1569,Delivered,Credit Card
102271,2025-08-15,2025-08-21,Office Desk,Furniture,XYZ Traders,Bangalore WH,Kolkata,Retail,12,15000,180000,2551,Delivered,Debit Card
102272,2025-07-23,2025-07-26,Projector,Electronics,ABC Suppliers,Bangalore WH,Bangalore,Retail,13,40000,520000,2041,Delivered,Cash
102273,2025-04-08,2025-04-12,Desktop,Electronics,ABC Suppliers,Mumbai WH,Mumbai,Retail,2,45000,90000,1096,Delivered,Net Banking
102274,2025-11-27,2025-12-04,Projector,Electronics,XYZ Traders,Bangalore WH,Kolkata,Wholesale,7,40000,280000,1671,Delivered,Net Banking
102275,2025-05-21,2025-05-24,Mouse,Accessories,ABC Suppliers,Delhi WH,Jaipur,Wholesale,17,700,11900,417,Delivered,Cash
102276,2025-07-22,2025-07-25,Laptop,Electronics,Tech World,Chennai WH,Lucknow,Retail,20,55000,1100000,2366,Delivered,Net Banking
102277,2025-03-11,2025-03-14,Webcam,Accessories,ABC Suppliers,Bangalore WH,Hyderabad,Retail,7,2500,17500,566,In Transit,Debit Card
102278,2025-09-08,2025-09-14,Printer,Office Supplies,Tech World,Bangalore WH,Mumbai,Retail,16,15000,240000,444,Delivered,Net Banking
102279,2025-10-14,2025-10-21,Switch,Networking,Tech World,Mumbai WH,Jaipur,Wholesale,10,6000,60000,2142,Delivered,Credit Card
102280,2025-09-20,2025-09-23,Printer,Office Supplies,Prime Distributors,Hyderabad WH,Kolkata,Retail,14,15000,210000,1859,Delayed,Credit Card
102281,2025-06-25,2025-07-01,Mouse,Accessories,XYZ Traders,Bangalore WH,Hyderabad,Wholesale,3,700,2100,2629,Delivered,Cash
102282,2025-12-18,2025-12-24,Mouse,Accessories,XYZ Traders,Chennai WH,Ahmedabad,Wholesale,4,700,2800,2773,Delivered,Debit Card
102283,2025-10-04,2025-10-08,Printer,Office Supplies,Prime Distributors,Delhi WH,Mumbai,Wholesale,14,15000,210000,1630,Delivered,Debit Card
102284,2025-03-08,2025-03-14,Office Chair,Furniture,Global Supply,Chennai WH,Ahmedabad,Wholesale,13,8500,110500,1174,In Transit,UPI
102285,2025-03-26,2025-03-29,Switch,Networking,ABC Suppliers,Mumbai WH,Hyderabad,Wholesale,2,6000,12000,538,Delivered,Cash
102286,2025-07-22,2025-07-27,SSD,Storage,Tech World,Delhi WH,Pune,Wholesale,1,5500,5500,722,Delivered,Cash
102287,2025-12-13,2025-12-15,Desktop,Electronics,Global Supply,Delhi WH,Jaipur,Retail,19,45000,855000,488,Delivered,Net Banking
102288,2025-03-31,2025-04-02,Desktop,Electronics,Prime Distributors,Mumbai WH,Bangalore,Retail,17,45000,765000,1568,In Transit,Debit Card
102289,2025-11-30,2025-12-03,Mouse,Accessories,Global Supply,Delhi WH,Kolkata,Wholesale,9,700,6300,367,Delivered,Debit Card
102290,2025-10-20,2025-10-25,SSD,Storage,XYZ Traders,Mumbai WH,Kolkata,Retail,11,5500,60500,2474,Delivered,UPI
102291,2025-01-25,2025-01-26,Webcam,Accessories,Prime Distributors,Hyderabad WH,Mumbai,Retail,4,2500,10000,1196,Delivered,Credit Card
102292,2025-09-09,2025-09-14,Webcam,Accessories,ABC Suppliers,Mumbai WH,Bangalore,Retail,16,2500,40000,867,Delivered,Cash
102293,2025-05-12,2025-05-14,SSD,Storage,Prime Distributors,Bangalore WH,Pune,Wholesale,5,5500,27500,2705,Delivered,Credit Card
102294,2025-12-04,2025-12-07,Webcam,Accessories,Tech World,Hyderabad WH,Pune,Retail,20,2500,50000,1405,Delivered,Debit Card
102295,2025-04-29,2025-04-30,Office Chair,Furniture,Global Supply,Hyderabad WH,Kolkata,Retail,18,8500,153000,498,Delivered,Credit Card
102296,2025-10-30,2025-10-31,Monitor,Electronics,Global Supply,Mumbai WH,Ahmedabad,Wholesale,11,12000,132000,287,Delivered,Net Banking
102297,2025-01-07,2025-01-10,Office Desk,Furniture,XYZ Traders,Delhi WH,Jaipur,Wholesale,20,15000,300000,1978,Delivered,Net Banking
102298,2025-11-22,2025-11-29,Office Desk,Furniture,Global Supply,Delhi WH,Chennai,Wholesale,12,15000,180000,587,In Transit,Net Banking
102299,2025-03-30,2025-04-05,Hard Disk,Storage,ABC Suppliers,Mumbai WH,Lucknow,Retail,3,4200,12600,2233,In Transit,Net Banking
102300,2025-06-03,2025-06-09,Hard Disk,Storage,Global Supply,Chennai WH,Kolkata,Wholesale,9,4200,37800,1447,Delivered,Net Banking
102301,2025-06-28,2025-07-01,Desktop,Electronics,ABC Suppliers,Chennai WH,Chennai,Wholesale,17,45000,765000,1980,Delayed,Credit Card
102302,2025-04-12,2025-04-14,Hard Disk,Storage,ABC Suppliers,Hyderabad WH,Hyderabad,Retail,18,4200,75600,1822,Delivered,Cash
102303,2025-06-05,2025-06-10,Scanner,Office Supplies,Global Supply,Mumbai WH,Delhi,Retail,17,12000,204000,751,Delayed,Credit Card
102304,2025-12-01,2025-12-08,Keyboard,Accessories,Prime Distributors,Hyderabad WH,Ahmedabad,Wholesale,13,900,11700,1307,Delivered,UPI
102305,2025-01-13,2025-01-20,Printer,Office Supplies,XYZ Traders,Mumbai WH,Pune,Wholesale,14,15000,210000,1074,In Transit,Cash
102306,2025-12-10,2025-12-11,Printer,Office Supplies,Tech World,Bangalore WH,Ahmedabad,Retail,10,15000,150000,2304,In Transit,Net Banking
102307,2025-11-30,2025-12-07,Office Desk,Furniture,Tech World,Chennai WH,Jaipur,Wholesale,5,15000,75000,438,Delivered,Cash
102308,2025-11-08,2025-11-10,Desktop,Electronics,ABC Suppliers,Mumbai WH,Delhi,Retail,17,45000,765000,2149,In Transit,Debit Card
102309,2025-10-27,2025-10-28,Webcam,Accessories,ABC Suppliers,Mumbai WH,Jaipur,Wholesale,5,2500,12500,249,Delivered,UPI
102310,2025-10-03,2025-10-04,Webcam,Accessories,Prime Distributors,Mumbai WH,Pune,Retail,20,2500,50000,1792,Delivered,Credit Card
102311,2025-11-19,2025-11-26,SSD,Storage,Tech World,Chennai WH,Pune,Retail,2,5500,11000,735,In Transit,Cash
102312,2025-01-15,2025-01-18,Router,Networking,Tech World,Chennai WH,Bangalore,Wholesale,12,3500,42000,2484,In Transit,Credit Card
102313,2025-05-28,2025-06-01,Printer,Office Supplies,Global Supply,Bangalore WH,Mumbai,Retail,1,15000,15000,1658,Delivered,UPI
102314,2025-08-10,2025-08-15,Switch,Networking,XYZ Traders,Hyderabad WH,Chennai,Retail,12,6000,72000,1407,Delivered,Credit Card
102315,2025-05-14,2025-05-20,Projector,Electronics,ABC Suppliers,Delhi WH,Jaipur,Wholesale,3,40000,120000,1745,In Transit,UPI
102316,2025-08-07,2025-08-09,Hard Disk,Storage,XYZ Traders,Chennai WH,Chennai,Wholesale,15,4200,63000,219,Delayed,Cash
102317,2025-05-12,2025-05-13,Router,Networking,Global Supply,Chennai WH,Kolkata,Wholesale,12,3500,42000,2399,Delayed,Net Banking
102318,2025-01-18,2025-01-19,Projector,Electronics,Global Supply,Mumbai WH,Delhi,Retail,17,40000,680000,1484,Delayed,Credit Card
102319,2025-06-28,2025-07-01,Monitor,Electronics,XYZ Traders,Bangalore WH,Lucknow,Retail,5,12000,60000,2357,Delivered,Net Banking
102320,2025-12-08,2025-12-14,Switch,Networking,Prime Distributors,Hyderabad WH,Delhi,Retail,7,6000,42000,403,Delivered,Net Banking
102321,2025-03-24,2025-03-25,Projector,Electronics,Global Supply,Chennai WH,Jaipur,Retail,5,40000,200000,2469,Delivered,UPI
102322,2025-04-10,2025-04-11,Mouse,Accessories,Global Supply,Hyderabad WH,Delhi,Retail,10,700,7000,823,In Transit,Net Banking
102323,2025-05-23,2025-05-28,Mouse,Accessories,Prime Distributors,Mumbai WH,Hyderabad,Retail,2,700,1400,2453,Delayed,UPI
102324,2025-10-15,2025-10-17,Projector,Electronics,ABC Suppliers,Mumbai WH,Delhi,Wholesale,3,40000,120000,718,Delayed,Debit Card
102325,2025-02-26,2025-03-03,Hard Disk,Storage,Global Supply,Chennai WH,Jaipur,Wholesale,1,4200,4200,2772,Delivered,UPI
102326,2025-05-07,2025-05-14,SSD,Storage,XYZ Traders,Mumbai WH,Chennai,Retail,12,5500,66000,380,Delivered,Debit Card
102327,2025-03-19,2025-03-26,Hard Disk,Storage,XYZ Traders,Bangalore WH,Pune,Retail,4,4200,16800,201,Delayed,Credit Card
102328,2025-09-10,2025-09-16,Switch,Networking,Tech World,Mumbai WH,Lucknow,Retail,3,6000,18000,2518,Delivered,Credit Card
102329,2025-10-28,2025-11-04,Scanner,Office Supplies,XYZ Traders,Delhi WH,Bangalore,Wholesale,17,12000,204000,449,Delivered,Credit Card
102330,2025-02-13,2025-02-15,Office Desk,Furniture,ABC Suppliers,Hyderabad WH,Chennai,Wholesale,6,15000,90000,2572,Delayed,Credit Card
102331,2025-03-20,2025-03-23,Hard Disk,Storage,Global Supply,Hyderabad WH,Lucknow,Wholesale,16,4200,67200,2447,Delivered,Net Banking
102332,2025-06-02,2025-06-03,Office Chair,Furniture,XYZ Traders,Delhi WH,Kolkata,Wholesale,2,8500,17000,2455,Delayed,UPI
102333,2025-06-26,2025-06-30,Mouse,Accessories,Prime Distributors,Bangalore WH,Bangalore,Wholesale,17,700,11900,1046,Delivered,UPI
102334,2025-03-28,2025-04-03,SSD,Storage,Prime Distributors,Bangalore WH,Chennai,Retail,6,5500,33000,1986,Delivered,Debit Card
102335,2025-01-18,2025-01-23,Webcam,Accessories,Global Supply,Delhi WH,Jaipur,Wholesale,20,2500,50000,1001,Delivered,Debit Card
102336,2025-11-02,2025-11-04,Projector,Electronics,Prime Distributors,Mumbai WH,Kolkata,Retail,9,40000,360000,244,Delivered,Net Banking
102337,2025-09-03,2025-09-10,Projector,Electronics,ABC Suppliers,Bangalore WH,Bangalore,Retail,10,40000,400000,452,Delivered,Debit Card
102338,2025-12-11,2025-12-15,Hard Disk,Storage,Prime Distributors,Chennai WH,Bangalore,Wholesale,15,4200,63000,1928,Delivered,Credit Card
102339,2025-08-15,2025-08-20,Printer,Office Supplies,Tech World,Mumbai WH,Mumbai,Wholesale,19,15000,285000,2626,Delivered,Credit Card
102340,2025-07-18,2025-07-22,Keyboard,Accessories,Global Supply,Delhi WH,Pune,Retail,14,900,12600,456,In Transit,Debit Card
102341,2025-10-10,2025-10-17,Router,Networking,Global Supply,Hyderabad WH,Delhi,Wholesale,16,3500,56000,689,In Transit,Credit Card
102342,2025-04-24,2025-04-27,Webcam,Accessories,Global Supply,Bangalore WH,Ahmedabad,Wholesale,1,2500,2500,1282,Delivered,Cash
102343,2025-06-03,2025-06-10,Laptop,Electronics,Global Supply,Hyderabad WH,Chennai,Retail,2,55000,110000,1709,Delivered,Net Banking
102344,2025-02-22,2025-02-23,SSD,Storage,Tech World,Chennai WH,Chennai,Wholesale,20,5500,110000,2484,Delivered,Cash
102345,2025-10-27,2025-10-31,Desktop,Electronics,ABC Suppliers,Hyderabad WH,Delhi,Retail,8,45000,360000,267,Delivered,Net Banking
102346,2025-01-08,2025-01-12,Keyboard,Accessories,Tech World,Bangalore WH,Jaipur,Wholesale,11,900,9900,2471,Delayed,Debit Card
102347,2025-11-04,2025-11-05,Printer,Office Supplies,Global Supply,Delhi WH,Ahmedabad,Wholesale,14,15000,210000,781,Delivered,Credit Card
102348,2025-10-05,2025-10-11,Printer,Office Supplies,Global Supply,Chennai WH,Mumbai,Wholesale,6,15000,90000,311,In Transit,Debit Card
102349,2025-01-31,2025-02-06,Monitor,Electronics,XYZ Traders,Chennai WH,Delhi,Retail,13,12000,156000,933,Delivered,Net Banking
102350,2025-08-04,2025-08-06,Desktop,Electronics,Tech World,Bangalore WH,Ahmedabad,Wholesale,11,45000,495000,2006,Delivered,Debit Card
102351,2025-04-11,2025-04-15,Projector,Electronics,XYZ Traders,Delhi WH,Chennai,Wholesale,10,40000,400000,2160,Delivered,Cash
102352,2025-04-12,2025-04-14,Keyboard,Accessories,ABC Suppliers,Hyderabad WH,Chennai,Retail,18,900,16200,203,Delivered,UPI
102353,2025-12-03,2025-12-09,Projector,Electronics,XYZ Traders,Mumbai WH,Jaipur,Retail,13,40000,520000,1353,Delivered,Cash
102354,2025-04-28,2025-05-02,Office Desk,Furniture,XYZ Traders,Mumbai WH,Delhi,Retail,7,15000,105000,433,Delivered,Net Banking
102355,2025-07-15,2025-07-17,Monitor,Electronics,Prime Distributors,Bangalore WH,Pune,Wholesale,5,12000,60000,1615,Delivered,Credit Card
102356,2025-05-23,2025-05-28,Laptop,Electronics,Global Supply,Mumbai WH,Pune,Wholesale,14,55000,770000,447,In Transit,Net Banking
102357,2025-11-29,2025-12-06,Webcam,Accessories,Global Supply,Bangalore WH,Pune,Retail,11,2500,27500,226,Delivered,Credit Card
102358,2025-05-04,2025-05-07,Monitor,Electronics,Tech World,Mumbai WH,Bangalore,Wholesale,13,12000,156000,1123,Delivered,Debit Card
102359,2025-12-14,2025-12-18,Scanner,Office Supplies,Tech World,Delhi WH,Jaipur,Wholesale,17,12000,204000,2830,Delivered,Credit Card
102360,2025-03-01,2025-03-06,Mouse,Accessories,XYZ Traders,Bangalore WH,Ahmedabad,Retail,14,700,9800,1166,In Transit,Credit Card
102361,2025-10-20,2025-10-21,Scanner,Office Supplies,Prime Distributors,Chennai WH,Delhi,Wholesale,10,12000,120000,251,Delivered,Credit Card
102362,2025-01-09,2025-01-15,Desktop,Electronics,Prime Distributors,Mumbai WH,Kolkata,Wholesale,7,45000,315000,945,Delivered,Net Banking
102363,2025-09-20,2025-09-21,Printer,Office Supplies,Tech World,Hyderabad WH,Ahmedabad,Wholesale,7,15000,105000,2584,In Transit,Net Banking
102364,2025-02-14,2025-02-20,Switch,Networking,Global Supply,Bangalore WH,Chennai,Retail,1,6000,6000,2139,Delivered,UPI
102365,2025-05-24,2025-05-28,Router,Networking,Tech World,Chennai WH,Delhi,Retail,12,3500,42000,207,Delayed,Cash
102366,2025-12-16,2025-12-19,SSD,Storage,Prime Distributors,Bangalore WH,Bangalore,Wholesale,2,5500,11000,608,Delivered,Net Banking
102367,2025-08-16,2025-08-20,Office Desk,Furniture,Global Supply,Delhi WH,Ahmedabad,Wholesale,5,15000,75000,1508,Delivered,UPI
102368,2025-02-25,2025-03-03,Monitor,Electronics,ABC Suppliers,Bangalore WH,Mumbai,Wholesale,6,12000,72000,2371,Delayed,Credit Card
102369,2025-08-12,2025-08-16,Router,Networking,ABC Suppliers,Bangalore WH,Hyderabad,Wholesale,18,3500,63000,2211,Delivered,Credit Card
102370,2025-09-09,2025-09-16,Scanner,Office Supplies,Tech World,Bangalore WH,Ahmedabad,Retail,17,12000,204000,999,In Transit,Credit Card
102371,2025-02-13,2025-02-20,SSD,Storage,Tech World,Hyderabad WH,Hyderabad,Wholesale,14,5500,77000,1708,Delivered,Credit Card
102372,2025-10-14,2025-10-18,Laptop,Electronics,Prime Distributors,Delhi WH,Ahmedabad,Retail,10,55000,550000,510,Delivered,Cash
102373,2025-01-21,2025-01-22,Office Desk,Furniture,Tech World,Bangalore WH,Ahmedabad,Retail,18,15000,270000,1952,Delivered,Cash
102374,2025-11-30,2025-12-07,Office Desk,Furniture,XYZ Traders,Bangalore WH,Bangalore,Retail,20,15000,300000,250,Delivered,Net Banking
102375,2025-11-22,2025-11-23,Printer,Office Supplies,XYZ Traders,Bangalore WH,Lucknow,Wholesale,9,15000,135000,261,In Transit,UPI
102376,2025-06-02,2025-06-08,Office Chair,Furniture,ABC Suppliers,Hyderabad WH,Pune,Retail,6,8500,51000,1848,In Transit,Credit Card
102377,2025-01-02,2025-01-06,Monitor,Electronics,Tech World,Mumbai WH,Hyderabad,Retail,6,12000,72000,2946,Delivered,UPI
102378,2025-07-30,2025-08-01,SSD,Storage,ABC Suppliers,Bangalore WH,Delhi,Retail,9,5500,49500,2209,Delayed,Net Banking
102379,2025-03-13,2025-03-14,Hard Disk,Storage,Global Supply,Chennai WH,Delhi,Wholesale,12,4200,50400,1788,Delivered,UPI
102380,2025-02-28,2025-03-06,Hard Disk,Storage,Tech World,Hyderabad WH,Pune,Retail,5,4200,21000,2795,Delivered,Net Banking
102381,2025-03-16,2025-03-22,Laptop,Electronics,ABC Suppliers,Delhi WH,Delhi,Wholesale,19,55000,1045000,1199,Cancelled,Debit Card
102382,2025-05-21,2025-05-23,Office Chair,Furniture,ABC Suppliers,Chennai WH,Delhi,Wholesale,10,8500,85000,751,Cancelled,Debit Card
102383,2025-11-07,2025-11-13,Hard Disk,Storage,ABC Suppliers,Bangalore WH,Chennai,Retail,4,4200,16800,1939,Cancelled,Debit Card
102384,2025-11-25,2025-11-29,Hard Disk,Storage,XYZ Traders,Delhi WH,Mumbai,Wholesale,20,4200,84000,1897,Delivered,Cash
102385,2025-09-09,2025-09-12,Office Chair,Furniture,Prime Distributors,Mumbai WH,Jaipur,Retail,4,8500,34000,1753,Delivered,UPI
102386,2025-12-20,2025-12-25,Laptop,Electronics,ABC Suppliers,Delhi WH,Kolkata,Retail,19,55000,1045000,1592,In Transit,Debit Card
102387,2025-02-07,2025-02-14,Monitor,Electronics,Global Supply,Mumbai WH,Pune,Retail,7,12000,84000,255,Delivered,UPI
102388,2025-02-16,2025-02-17,Monitor,Electronics,ABC Suppliers,Mumbai WH,Hyderabad,Wholesale,17,12000,204000,1141,Delivered,Net Banking
102389,2025-05-30,2025-06-01,Router,Networking,XYZ Traders,Hyderabad WH,Jaipur,Retail,12,3500,42000,382,In Transit,Debit Card
102390,2025-05-24,2025-05-25,Monitor,Electronics,Tech World,Chennai WH,Kolkata,Retail,9,12000,108000,1205,In Transit,Cash
102391,2025-09-12,2025-09-18,Monitor,Electronics,ABC Suppliers,Mumbai WH,Jaipur,Retail,20,12000,240000,2691,Delivered,Debit Card
102392,2025-07-25,2025-08-01,Projector,Electronics,XYZ Traders,Hyderabad WH,Ahmedabad,Retail,19,40000,760000,1916,Delivered,UPI
102393,2025-01-14,2025-01-21,Webcam,Accessories,XYZ Traders,Bangalore WH,Chennai,Retail,13,2500,32500,357,Delivered,Cash
102394,2025-08-16,2025-08-20,Keyboard,Accessories,ABC Suppliers,Mumbai WH,Mumbai,Wholesale,15,900,13500,762,In Transit,Cash
102395,2025-11-25,2025-11-30,Laptop,Electronics,Prime Distributors,Mumbai WH,Pune,Retail,2,55000,110000,2784,Delayed,Net Banking
102396,2025-06-16,2025-06-20,Webcam,Accessories,Global Supply,Delhi WH,Hyderabad,Wholesale,16,2500,40000,233,Delivered,Credit Card
102397,2025-04-09,2025-04-15,Switch,Networking,XYZ Traders,Hyderabad WH,Bangalore,Retail,1,6000,6000,1211,Delivered,Cash
102398,2025-06-02,2025-06-08,Projector,Electronics,Tech World,Mumbai WH,Hyderabad,Wholesale,9,40000,360000,1142,Cancelled,Cash
102399,2025-11-25,2025-11-30,Webcam,Accessories,Global Supply,Hyderabad WH,Chennai,Retail,19,2500,47500,224,Delivered,UPI
102400,2025-09-07,2025-09-14,Switch,Networking,ABC Suppliers,Chennai WH,Mumbai,Wholesale,5,6000,30000,245,Delivered,Net Banking
102401,2025-11-18,2025-11-24,Hard Disk,Storage,Global Supply,Hyderabad WH,Lucknow,Retail,12,4200,50400,336,Delivered,UPI
102402,2025-08-22,2025-08-26,Office Desk,Furniture,Global Supply,Hyderabad WH,Chennai,Wholesale,4,15000,60000,2460,Delivered,Net Banking
102403,2025-09-26,2025-09-30,Hard Disk,Storage,Prime Distributors,Delhi WH,Mumbai,Wholesale,18,4200,75600,304,Delivered,Credit Card
102404,2025-09-01,2025-09-02,Mouse,Accessories,XYZ Traders,Mumbai WH,Kolkata,Retail,18,700,12600,1353,Delivered,Cash
102405,2025-09-07,2025-09-12,Webcam,Accessories,Global Supply,Hyderabad WH,Bangalore,Wholesale,12,2500,30000,775,Cancelled,Cash
102406,2025-07-19,2025-07-24,Webcam,Accessories,Prime Distributors,Delhi WH,Pune,Retail,11,2500,27500,1305,Cancelled,Net Banking
102407,2025-07-10,2025-07-17,Webcam,Accessories,Global Supply,Mumbai WH,Chennai,Retail,4,2500,10000,340,Delivered,Credit Card
102408,2025-09-23,2025-09-28,Keyboard,Accessories,Prime Distributors,Mumbai WH,Jaipur,Wholesale,12,900,10800,2389,Delivered,Cash
102409,2025-08-18,2025-08-23,Router,Networking,XYZ Traders,Mumbai WH,Chennai,Retail,16,3500,56000,1248,Cancelled,Cash
102410,2025-09-12,2025-09-18,Projector,Electronics,XYZ Traders,Mumbai WH,Jaipur,Wholesale,16,40000,640000,243,Delivered,Net Banking
102411,2025-03-07,2025-03-10,SSD,Storage,Prime Distributors,Delhi WH,Pune,Retail,3,5500,16500,1175,Delivered,UPI
102412,2025-12-05,2025-12-10,Office Chair,Furniture,XYZ Traders,Chennai WH,Kolkata,Retail,18,8500,153000,385,Delivered,Credit Card
102413,2025-01-13,2025-01-20,Switch,Networking,Global Supply,Mumbai WH,Mumbai,Retail,13,6000,78000,1918,Delivered,Debit Card
102414,2025-09-19,2025-09-23,Switch,Networking,ABC Suppliers,Bangalore WH,Pune,Retail,2,6000,12000,1814,Delayed,Credit Card
102415,2025-04-26,2025-04-27,Desktop,Electronics,ABC Suppliers,Chennai WH,Hyderabad,Retail,7,45000,315000,1514,Delayed,Debit Card
102416,2025-03-30,2025-04-05,Hard Disk,Storage,Global Supply,Hyderabad WH,Ahmedabad,Retail,20,4200,84000,2043,Delivered,Debit Card
102417,2025-09-18,2025-09-23,Mouse,Accessories,Tech World,Bangalore WH,Chennai,Retail,16,700,11200,1538,Delayed,Credit Card
102418,2025-10-30,2025-11-01,Office Chair,Furniture,ABC Suppliers,Bangalore WH,Hyderabad,Wholesale,2,8500,17000,2612,Cancelled,Debit Card
102419,2025-03-13,2025-03-18,Hard Disk,Storage,Global Supply,Bangalore WH,Lucknow,Retail,11,4200,46200,1295,Delivered,Cash
102420,2025-03-30,2025-04-02,Printer,Office Supplies,Tech World,Mumbai WH,Mumbai,Wholesale,19,15000,285000,2975,Delivered,Debit Card
102421,2025-07-26,2025-07-31,Office Desk,Furniture,Prime Distributors,Bangalore WH,Delhi,Wholesale,15,15000,225000,459,Delivered,UPI
102422,2025-02-19,2025-02-20,Monitor,Electronics,XYZ Traders,Bangalore WH,Hyderabad,Wholesale,4,12000,48000,1279,Delivered,UPI
102423,2025-01-07,2025-01-10,Keyboard,Accessories,Tech World,Chennai WH,Lucknow,Wholesale,16,900,14400,2820,Delayed,Debit Card
102424,2025-08-28,2025-09-03,Laptop,Electronics,Global Supply,Delhi WH,Kolkata,Retail,14,55000,770000,2492,Delivered,Debit Card
102425,2025-09-15,2025-09-22,Switch,Networking,Tech World,Hyderabad WH,Bangalore,Wholesale,10,6000,60000,1076,Delivered,UPI
102426,2025-11-12,2025-11-15,Projector,Electronics,Global Supply,Mumbai WH,Jaipur,Wholesale,1,40000,40000,570,Delayed,Debit Card
102427,2025-01-15,2025-01-18,Printer,Office Supplies,Prime Distributors,Mumbai WH,Hyderabad,Wholesale,2,15000,30000,2640,In Transit,Cash
102428,2025-12-08,2025-12-13,Keyboard,Accessories,Tech World,Hyderabad WH,Delhi,Wholesale,17,900,15300,950,In Transit,Cash
102429,2025-11-06,2025-11-10,SSD,Storage,Tech World,Bangalore WH,Ahmedabad,Retail,13,5500,71500,2422,Delivered,Debit Card
102430,2025-02-26,2025-03-03,Office Desk,Furniture,Tech World,Hyderabad WH,Lucknow,Retail,17,15000,255000,2021,Delivered,Credit Card
102431,2025-06-11,2025-06-14,Projector,Electronics,ABC Suppliers,Bangalore WH,Jaipur,Wholesale,12,40000,480000,2262,Delivered,UPI
102432,2025-05-20,2025-05-25,Office Chair,Furniture,Tech World,Bangalore WH,Kolkata,Wholesale,12,8500,102000,2745,Delivered,UPI
102433,2025-11-05,2025-11-11,Desktop,Electronics,XYZ Traders,Bangalore WH,Bangalore,Wholesale,17,45000,765000,1603,Delivered,Net Banking
102434,2025-08-06,2025-08-08,Keyboard,Accessories,Global Supply,Mumbai WH,Hyderabad,Wholesale,19,900,17100,1490,Delivered,Debit Card
102435,2025-06-15,2025-06-17,Mouse,Accessories,ABC Suppliers,Bangalore WH,Kolkata,Wholesale,3,700,2100,2654,Delivered,Debit Card
102436,2025-05-25,2025-06-01,Laptop,Electronics,XYZ Traders,Chennai WH,Jaipur,Wholesale,8,55000,440000,1135,Delivered,Net Banking
102437,2025-03-25,2025-04-01,Desktop,Electronics,Tech World,Mumbai WH,Jaipur,Wholesale,17,45000,765000,2942,Delivered,UPI
102438,2025-02-18,2025-02-21,SSD,Storage,Prime Distributors,Chennai WH,Chennai,Wholesale,13,5500,71500,1975,Delivered,Credit Card
102439,2025-12-01,2025-12-02,Projector,Electronics,Prime Distributors,Bangalore WH,Kolkata,Wholesale,11,40000,440000,1332,Delivered,Cash
102440,2025-01-04,2025-01-06,Office Desk,Furniture,Global Supply,Chennai WH,Lucknow,Retail,6,15000,90000,1844,Delivered,Cash
102441,2025-03-13,2025-03-18,Hard Disk,Storage,ABC Suppliers,Mumbai WH,Chennai,Wholesale,9,4200,37800,2469,Delayed,Credit Card
102442,2025-01-11,2025-01-14,Desktop,Electronics,XYZ Traders,Mumbai WH,Kolkata,Retail,1,45000,45000,1504,Delivered,Credit Card
102443,2025-11-14,2025-11-18,Desktop,Electronics,Global Supply,Chennai WH,Mumbai,Wholesale,13,45000,585000,638,Delivered,Credit Card
102444,2025-05-15,2025-05-17,Keyboard,Accessories,Tech World,Mumbai WH,Bangalore,Retail,5,900,4500,1137,Delivered,Net Banking
102445,2025-09-16,2025-09-18,Keyboard,Accessories,ABC Suppliers,Mumbai WH,Kolkata,Wholesale,17,900,15300,1591,Delivered,Credit Card
102446,2025-05-29,2025-05-30,Keyboard,Accessories,ABC Suppliers,Hyderabad WH,Delhi,Retail,16,900,14400,2437,Delivered,UPI
102447,2025-11-19,2025-11-24,Keyboard,Accessories,ABC Suppliers,Chennai WH,Lucknow,Wholesale,5,900,4500,2662,Cancelled,Cash
102448,2025-10-05,2025-10-10,Switch,Networking,Global Supply,Delhi WH,Kolkata,Retail,7,6000,42000,2690,Delivered,Credit Card
102449,2025-08-30,2025-09-05,Router,Networking,Tech World,Hyderabad WH,Chennai,Retail,10,3500,35000,554,Delivered,Net Banking
102450,2025-03-02,2025-03-09,Projector,Electronics,XYZ Traders,Chennai WH,Kolkata,Wholesale,16,40000,640000,2943,Delivered,Cash
102451,2025-12-04,2025-12-09,Switch,Networking,Prime Distributors,Mumbai WH,Pune,Wholesale,6,6000,36000,1507,Delayed,UPI
102452,2025-07-03,2025-07-07,Webcam,Accessories,Tech World,Delhi WH,Chennai,Wholesale,6,2500,15000,402,Delivered,Debit Card
102453,2025-09-25,2025-10-01,SSD,Storage,Global Supply,Delhi WH,Pune,Retail,16,5500,88000,753,Delivered,Cash
102454,2025-11-16,2025-11-20,Office Chair,Furniture,Tech World,Mumbai WH,Ahmedabad,Wholesale,20,8500,170000,2802,Delivered,Credit Card
102455,2025-10-09,2025-10-16,SSD,Storage,Tech World,Delhi WH,Pune,Retail,9,5500,49500,864,Delivered,Cash
102456,2025-03-20,2025-03-27,Mouse,Accessories,Global Supply,Hyderabad WH,Bangalore,Wholesale,6,700,4200,2856,Delivered,Net Banking
102457,2025-05-29,2025-06-04,Hard Disk,Storage,Tech World,Mumbai WH,Lucknow,Retail,8,4200,33600,752,Delivered,Net Banking
102458,2025-11-28,2025-12-02,Monitor,Electronics,Global Supply,Hyderabad WH,Kolkata,Retail,3,12000,36000,927,Delivered,UPI
102459,2025-06-24,2025-06-25,Switch,Networking,XYZ Traders,Delhi WH,Hyderabad,Wholesale,10,6000,60000,1224,Delivered,Cash
102460,2025-04-20,2025-04-24,Printer,Office Supplies,Prime Distributors,Delhi WH,Pune,Retail,6,15000,90000,2917,Delivered,Net Banking
102461,2025-10-30,2025-11-02,Router,Networking,Prime Distributors,Bangalore WH,Lucknow,Retail,15,3500,52500,1808,Delivered,Debit Card
102462,2025-06-16,2025-06-21,Keyboard,Accessories,Prime Distributors,Mumbai WH,Kolkata,Retail,19,900,17100,2879,Cancelled,Credit Card
102463,2025-06-08,2025-06-10,Mouse,Accessories,Prime Distributors,Chennai WH,Chennai,Retail,18,700,12600,2913,In Transit,Debit Card
102464,2025-02-01,2025-02-02,Mouse,Accessories,XYZ Traders,Bangalore WH,Ahmedabad,Retail,11,700,7700,1282,Delivered,Debit Card
102465,2025-09-27,2025-10-02,Office Desk,Furniture,XYZ Traders,Mumbai WH,Mumbai,Wholesale,13,15000,195000,1856,Cancelled,UPI
102466,2025-10-30,2025-11-02,Office Desk,Furniture,Prime Distributors,Delhi WH,Chennai,Wholesale,5,15000,75000,1336,Delivered,Debit Card
102467,2025-09-28,2025-10-03,Printer,Office Supplies,Tech World,Hyderabad WH,Jaipur,Wholesale,14,15000,210000,283,In Transit,Net Banking
102468,2025-10-26,2025-10-27,Projector,Electronics,ABC Suppliers,Chennai WH,Chennai,Wholesale,15,40000,600000,2972,Delivered,Debit Card
102469,2025-04-07,2025-04-09,Webcam,Accessories,XYZ Traders,Hyderabad WH,Lucknow,Retail,10,2500,25000,817,Delivered,Net Banking
102470,2025-06-10,2025-06-16,Keyboard,Accessories,Global Supply,Hyderabad WH,Chennai,Retail,6,900,5400,1955,Delivered,Credit Card
102471,2025-01-30,2025-02-06,Keyboard,Accessories,Global Supply,Chennai WH,Pune,Retail,11,900,9900,405,Delivered,Credit Card
102472,2025-07-11,2025-07-14,Office Chair,Furniture,Tech World,Delhi WH,Jaipur,Retail,8,8500,68000,2472,Cancelled,Net Banking
102473,2025-06-03,2025-06-05,Printer,Office Supplies,Prime Distributors,Delhi WH,Pune,Retail,13,15000,195000,1395,Cancelled,Debit Card
102474,2025-02-04,2025-02-09,Scanner,Office Supplies,ABC Suppliers,Delhi WH,Chennai,Retail,11,12000,132000,1774,Delivered,UPI
102475,2025-06-15,2025-06-17,SSD,Storage,XYZ Traders,Chennai WH,Pune,Wholesale,2,5500,11000,1225,In Transit,Net Banking
102476,2025-10-15,2025-10-18,Router,Networking,ABC Suppliers,Delhi WH,Hyderabad,Retail,12,3500,42000,1711,Delivered,Cash
102477,2025-07-31,2025-08-01,SSD,Storage,Tech World,Hyderabad WH,Lucknow,Retail,8,5500,44000,277,Delivered,Net Banking
102478,2025-04-17,2025-04-22,Laptop,Electronics,ABC Suppliers,Delhi WH,Kolkata,Wholesale,8,55000,440000,2793,In Transit,Debit Card
102479,2025-02-11,2025-02-12,Laptop,Electronics,Prime Distributors,Mumbai WH,Pune,Retail,20,55000,1100000,839,Delayed,Debit Card
102480,2025-04-16,2025-04-19,Desktop,Electronics,Global Supply,Delhi WH,Delhi,Wholesale,17,45000,765000,1094,Delivered,Cash
102481,2025-02-15,2025-02-17,Keyboard,Accessories,Tech World,Delhi WH,Kolkata,Retail,8,900,7200,516,Delivered,Debit Card
102482,2025-12-08,2025-12-14,Mouse,Accessories,ABC Suppliers,Hyderabad WH,Ahmedabad,Wholesale,5,700,3500,2636,Delivered,Debit Card
102483,2025-07-24,2025-07-28,Laptop,Electronics,XYZ Traders,Delhi WH,Mumbai,Wholesale,15,55000,825000,1644,Delivered,UPI
102484,2025-09-10,2025-09-17,Projector,Electronics,Global Supply,Mumbai WH,Lucknow,Retail,6,40000,240000,2974,In Transit,Debit Card
102485,2025-05-28,2025-06-04,Laptop,Electronics,XYZ Traders,Hyderabad WH,Delhi,Wholesale,16,55000,880000,1365,In Transit,Debit Card
102486,2025-04-21,2025-04-23,Mouse,Accessories,ABC Suppliers,Hyderabad WH,Delhi,Wholesale,13,700,9100,2338,In Transit,Cash
102487,2025-09-18,2025-09-22,Monitor,Electronics,ABC Suppliers,Hyderabad WH,Kolkata,Wholesale,17,12000,204000,648,Delivered,Cash
102488,2025-11-26,2025-11-29,Router,Networking,ABC Suppliers,Delhi WH,Ahmedabad,Retail,2,3500,7000,1564,Delayed,Debit Card
102489,2025-02-26,2025-03-03,Office Desk,Furniture,Global Supply,Hyderabad WH,Bangalore,Wholesale,2,15000,30000,2890,Delivered,UPI
102490,2025-10-10,2025-10-16,SSD,Storage,ABC Suppliers,Mumbai WH,Lucknow,Wholesale,13,5500,71500,1762,Delivered,Cash
102491,2025-03-02,2025-03-08,Mouse,Accessories,ABC Suppliers,Chennai WH,Ahmedabad,Wholesale,20,700,14000,1147,In Transit,Debit Card
102492,2025-10-03,2025-10-07,Office Chair,Furniture,Global Supply,Delhi WH,Bangalore,Wholesale,12,8500,102000,1482,Delayed,Credit Card
102493,2025-04-14,2025-04-20,Projector,Electronics,Tech World,Bangalore WH,Bangalore,Retail,20,40000,800000,2171,Delivered,Debit Card
102494,2025-03-30,2025-04-01,Keyboard,Accessories,ABC Suppliers,Bangalore WH,Chennai,Retail,11,900,9900,771,Delivered,Debit Card
102495,2025-04-07,2025-04-11,Desktop,Electronics,Global Supply,Bangalore WH,Lucknow,Wholesale,1,45000,45000,2052,In Transit,Net Banking
102496,2025-02-09,2025-02-15,Webcam,Accessories,Tech World,Bangalore WH,Ahmedabad,Retail,8,2500,20000,2790,Delayed,Net Banking
102497,2025-03-16,2025-03-17,Monitor,Electronics,XYZ Traders,Chennai WH,Kolkata,Retail,14,12000,168000,2616,Delivered,Debit Card
102498,2025-10-06,2025-10-10,Printer,Office Supplies,Prime Distributors,Bangalore WH,Bangalore,Retail,17,15000,255000,548,Delayed,Debit Card
102499,2025-10-20,2025-10-23,Keyboard,Accessories,XYZ Traders,Hyderabad WH,Chennai,Wholesale,19,900,17100,911,In Transit,Net Banking
102500,2025-01-14,2025-01-19,Laptop,Electronics,ABC Suppliers,Mumbai WH,Jaipur,Retail,2,55000,110000,356,Delivered,Net Banking
102501,2025-08-31,2025-09-06,Router,Networking,Tech World,Chennai WH,Chennai,Retail,5,3500,17500,469,Delayed,UPI
102502,2025-06-12,2025-06-14,Scanner,Office Supplies,Global Supply,Hyderabad WH,Kolkata,Retail,2,12000,24000,1593,Delivered,UPI
102503,2025-12-23,2025-12-29,Switch,Networking,Prime Distributors,Hyderabad WH,Mumbai,Wholesale,3,6000,18000,705,Delivered,Cash
102504,2025-09-01,2025-09-04,Switch,Networking,Global Supply,Mumbai WH,Ahmedabad,Wholesale,8,6000,48000,791,In Transit,Credit Card
102505,2025-07-30,2025-08-04,Router,Networking,Prime Distributors,Delhi WH,Bangalore,Retail,6,3500,21000,676,In Transit,UPI
102506,2025-11-29,2025-12-06,Webcam,Accessories,Tech World,Hyderabad WH,Delhi,Retail,17,2500,42500,2412,Delivered,Debit Card
102507,2025-05-30,2025-06-06,Projector,Electronics,Prime Distributors,Delhi WH,Bangalore,Retail,6,40000,240000,1554,Delivered,Cash
102508,2025-02-16,2025-02-19,Projector,Electronics,Prime Distributors,Hyderabad WH,Mumbai,Wholesale,8,40000,320000,2282,Delivered,Debit Card
102509,2025-02-04,2025-02-11,Office Chair,Furniture,Global Supply,Hyderabad WH,Hyderabad,Wholesale,11,8500,93500,1111,Delivered,Credit Card
102510,2025-05-20,2025-05-24,Keyboard,Accessories,Prime Distributors,Mumbai WH,Pune,Wholesale,1,900,900,904,Delayed,Cash
102511,2025-12-17,2025-12-19,SSD,Storage,Tech World,Delhi WH,Kolkata,Wholesale,14,5500,77000,718,In Transit,Cash
102512,2025-03-28,2025-03-30,SSD,Storage,Global Supply,Bangalore WH,Jaipur,Retail,5,5500,27500,2710,Delivered,Cash
102513,2025-03-18,2025-03-23,Mouse,Accessories,Tech World,Hyderabad WH,Pune,Retail,6,700,4200,1928,Delivered,Credit Card
102514,2025-04-08,2025-04-10,Scanner,Office Supplies,XYZ Traders,Bangalore WH,Jaipur,Retail,3,12000,36000,2978,Delivered,Credit Card
102515,2025-03-02,2025-03-09,Mouse,Accessories,XYZ Traders,Bangalore WH,Pune,Wholesale,12,700,8400,761,In Transit,Debit Card
102516,2025-05-06,2025-05-09,Projector,Electronics,XYZ Traders,Chennai WH,Kolkata,Wholesale,10,40000,400000,1919,Delivered,Net Banking
102517,2025-05-11,2025-05-18,Printer,Office Supplies,ABC Suppliers,Bangalore WH,Bangalore,Retail,7,15000,105000,2915,Delivered,Net Banking
102518,2025-11-27,2025-11-29,Projector,Electronics,Global Supply,Bangalore WH,Bangalore,Retail,11,40000,440000,666,Delivered,Net Banking
102519,2025-06-14,2025-06-20,Monitor,Electronics,XYZ Traders,Delhi WH,Ahmedabad,Wholesale,19,12000,228000,2865,Delivered,Credit Card
102520,2025-10-27,2025-10-30,SSD,Storage,ABC Suppliers,Delhi WH,Jaipur,Retail,9,5500,49500,2025,Delivered,Net Banking
102521,2025-03-18,2025-03-22,Office Desk,Furniture,Prime Distributors,Bangalore WH,Pune,Wholesale,14,15000,210000,212,Delivered,Cash
102522,2025-01-09,2025-01-13,Printer,Office Supplies,Prime Distributors,Hyderabad WH,Jaipur,Retail,2,15000,30000,1822,In Transit,Net Banking
102523,2025-03-27,2025-04-01,Keyboard,Accessories,Global Supply,Chennai WH,Pune,Retail,16,900,14400,355,Delivered,Cash
102524,2025-07-08,2025-07-14,Hard Disk,Storage,XYZ Traders,Delhi WH,Bangalore,Retail,7,4200,29400,2288,In Transit,UPI
102525,2025-12-25,2025-12-28,Switch,Networking,Prime Distributors,Chennai WH,Jaipur,Wholesale,1,6000,6000,2689,Delivered,Net Banking
102526,2025-01-05,2025-01-09,Projector,Electronics,Global Supply,Hyderabad WH,Mumbai,Wholesale,1,40000,40000,2668,Delivered,Cash
102527,2025-08-26,2025-09-01,Laptop,Electronics,XYZ Traders,Chennai WH,Bangalore,Retail,17,55000,935000,2909,Delivered,Net Banking
102528,2025-06-30,2025-07-03,Hard Disk,Storage,Prime Distributors,Delhi WH,Chennai,Wholesale,16,4200,67200,1025,In Transit,Net Banking
102529,2025-05-18,2025-05-19,Scanner,Office Supplies,Prime Distributors,Hyderabad WH,Pune,Wholesale,12,12000,144000,1637,Delivered,UPI
102530,2025-02-24,2025-02-25,Router,Networking,XYZ Traders,Mumbai WH,Kolkata,Wholesale,15,3500,52500,1516,Delayed,UPI
102531,2025-08-13,2025-08-19,SSD,Storage,XYZ Traders,Delhi WH,Ahmedabad,Retail,3,5500,16500,958,Delivered,UPI
102532,2025-02-19,2025-02-23,Hard Disk,Storage,Tech World,Chennai WH,Hyderabad,Wholesale,11,4200,46200,1288,Cancelled,Net Banking
102533,2025-10-17,2025-10-24,Laptop,Electronics,ABC Suppliers,Delhi WH,Hyderabad,Retail,4,55000,220000,2352,Delivered,Net Banking
102534,2025-12-01,2025-12-03,Desktop,Electronics,Prime Distributors,Delhi WH,Delhi,Retail,10,45000,450000,1527,Delivered,Credit Card
102535,2025-04-29,2025-05-06,Office Chair,Furniture,Prime Distributors,Delhi WH,Jaipur,Wholesale,18,8500,153000,2797,Delivered,Net Banking
102536,2025-07-26,2025-07-29,Switch,Networking,Prime Distributors,Mumbai WH,Chennai,Wholesale,19,6000,114000,256,Delivered,Credit Card
102537,2025-03-03,2025-03-05,Office Chair,Furniture,ABC Suppliers,Mumbai WH,Chennai,Wholesale,15,8500,127500,2893,Delivered,Net Banking
102538,2025-05-12,2025-05-18,Mouse,Accessories,ABC Suppliers,Chennai WH,Ahmedabad,Retail,14,700,9800,1201,In Transit,Net Banking
102539,2025-05-08,2025-05-15,Office Desk,Furniture,Tech World,Bangalore WH,Jaipur,Retail,14,15000,210000,1865,Delivered,Credit Card
102540,2025-09-22,2025-09-24,Printer,Office Supplies,XYZ Traders,Hyderabad WH,Delhi,Wholesale,3,15000,45000,1553,Delivered,Debit Card
102541,2025-01-13,2025-01-15,Office Chair,Furniture,Global Supply,Hyderabad WH,Kolkata,Wholesale,14,8500,119000,313,Delayed,Debit Card
102542,2025-11-01,2025-11-03,Mouse,Accessories,Prime Distributors,Chennai WH,Ahmedabad,Retail,6,700,4200,1807,Delivered,Debit Card
102543,2025-12-11,2025-12-12,Webcam,Accessories,XYZ Traders,Bangalore WH,Lucknow,Wholesale,19,2500,47500,848,Cancelled,Net Banking
102544,2025-11-25,2025-11-28,Keyboard,Accessories,Tech World,Bangalore WH,Chennai,Retail,4,900,3600,2843,Cancelled,UPI
102545,2025-06-23,2025-06-24,Webcam,Accessories,Tech World,Mumbai WH,Pune,Wholesale,7,2500,17500,2941,Delivered,Credit Card
102546,2025-05-22,2025-05-28,Monitor,Electronics,Prime Distributors,Mumbai WH,Delhi,Wholesale,20,12000,240000,1789,Delivered,Net Banking
102547,2025-08-24,2025-08-25,SSD,Storage,ABC Suppliers,Chennai WH,Delhi,Retail,13,5500,71500,2778,Delivered,Cash
102548,2025-07-08,2025-07-12,Laptop,Electronics,Prime Distributors,Mumbai WH,Pune,Retail,17,55000,935000,1441,Delivered,Credit Card
102549,2025-07-31,2025-08-03,Monitor,Electronics,Global Supply,Mumbai WH,Delhi,Wholesale,18,12000,216000,1533,In Transit,Cash
102550,2025-07-03,2025-07-09,Scanner,Office Supplies,Global Supply,Bangalore WH,Jaipur,Retail,20,12000,240000,2098,In Transit,Net Banking
102551,2025-07-18,2025-07-24,Office Chair,Furniture,XYZ Traders,Mumbai WH,Hyderabad,Wholesale,10,8500,85000,2344,Delayed,Net Banking
102552,2025-04-13,2025-04-20,Monitor,Electronics,Prime Distributors,Chennai WH,Jaipur,Wholesale,3,12000,36000,1987,Delivered,Net Banking
102553,2025-08-01,2025-08-08,Monitor,Electronics,Global Supply,Delhi WH,Bangalore,Wholesale,17,12000,204000,497,Delivered,Cash
102554,2025-08-10,2025-08-12,Hard Disk,Storage,XYZ Traders,Mumbai WH,Pune,Wholesale,14,4200,58800,216,In Transit,Net Banking
102555,2025-11-18,2025-11-24,Switch,Networking,ABC Suppliers,Mumbai WH,Bangalore,Wholesale,14,6000,84000,1011,Delivered,Credit Card
102556,2025-05-23,2025-05-30,Webcam,Accessories,XYZ Traders,Chennai WH,Kolkata,Retail,16,2500,40000,222,Delivered,Cash
102557,2025-03-17,2025-03-21,Mouse,Accessories,XYZ Traders,Delhi WH,Chennai,Wholesale,10,700,7000,586,Delayed,UPI
102558,2025-02-09,2025-02-14,Scanner,Office Supplies,Prime Distributors,Mumbai WH,Hyderabad,Wholesale,9,12000,108000,599,Delivered,Net Banking
102559,2025-06-06,2025-06-12,SSD,Storage,XYZ Traders,Hyderabad WH,Chennai,Retail,12,5500,66000,1177,In Transit,Debit Card
102560,2025-10-26,2025-10-31,Mouse,Accessories,XYZ Traders,Mumbai WH,Hyderabad,Retail,11,700,7700,2575,Delivered,Credit Card
102561,2025-12-15,2025-12-21,Webcam,Accessories,Tech World,Hyderabad WH,Pune,Retail,5,2500,12500,1537,Delivered,Cash
102562,2025-12-06,2025-12-11,Webcam,Accessories,ABC Suppliers,Delhi WH,Hyderabad,Wholesale,9,2500,22500,804,Delivered,Net Banking
102563,2025-06-13,2025-06-14,Keyboard,Accessories,Global Supply,Bangalore WH,Pune,Wholesale,10,900,9000,2108,Cancelled,Net Banking
102564,2025-11-04,2025-11-10,Switch,Networking,XYZ Traders,Mumbai WH,Kolkata,Retail,6,6000,36000,2371,Delivered,Cash
102565,2025-11-02,2025-11-07,Hard Disk,Storage,Prime Distributors,Hyderabad WH,Pune,Wholesale,16,4200,67200,377,Delivered,Net Banking
102566,2025-01-03,2025-01-04,Office Desk,Furniture,Global Supply,Mumbai WH,Lucknow,Retail,19,15000,285000,978,Delivered,Cash
102567,2025-10-09,2025-10-11,Office Desk,Furniture,XYZ Traders,Mumbai WH,Mumbai,Wholesale,13,15000,195000,1040,Delivered,Debit Card
102568,2025-08-12,2025-08-18,Printer,Office Supplies,Global Supply,Bangalore WH,Delhi,Retail,8,15000,120000,2913,Cancelled,UPI
102569,2025-01-09,2025-01-15,Keyboard,Accessories,Prime Distributors,Hyderabad WH,Chennai,Retail,9,900,8100,2793,Delivered,UPI
102570,2025-09-02,2025-09-05,Monitor,Electronics,ABC Suppliers,Delhi WH,Mumbai,Retail,16,12000,192000,442,Delivered,UPI
102571,2025-04-04,2025-04-11,Webcam,Accessories,ABC Suppliers,Mumbai WH,Bangalore,Wholesale,7,2500,17500,893,In Transit,Debit Card
102572,2025-01-02,2025-01-06,Printer,Office Supplies,ABC Suppliers,Mumbai WH,Jaipur,Wholesale,7,15000,105000,1342,Delivered,Cash
102573,2025-11-15,2025-11-21,SSD,Storage,Prime Distributors,Bangalore WH,Jaipur,Retail,5,5500,27500,2897,Delayed,Debit Card
102574,2025-03-18,2025-03-22,Mouse,Accessories,XYZ Traders,Delhi WH,Delhi,Retail,12,700,8400,1232,Delivered,UPI
102575,2025-04-07,2025-04-11,Projector,Electronics,Prime Distributors,Hyderabad WH,Pune,Retail,8,40000,320000,858,Cancelled,Net Banking
102576,2025-10-02,2025-10-07,Router,Networking,Tech World,Mumbai WH,Jaipur,Wholesale,5,3500,17500,1309,Delivered,UPI
102577,2025-10-07,2025-10-08,Switch,Networking,Tech World,Chennai WH,Chennai,Wholesale,16,6000,96000,2809,Delivered,Credit Card
102578,2025-11-20,2025-11-23,Router,Networking,Global Supply,Mumbai WH,Kolkata,Retail,13,3500,45500,2908,In Transit,Net Banking
102579,2025-11-20,2025-11-23,Monitor,Electronics,Prime Distributors,Hyderabad WH,Lucknow,Wholesale,11,12000,132000,2641,Delivered,Cash
102580,2025-05-05,2025-05-08,Office Desk,Furniture,Prime Distributors,Delhi WH,Jaipur,Wholesale,14,15000,210000,2379,Delivered,Cash
102581,2025-06-10,2025-06-17,Switch,Networking,ABC Suppliers,Hyderabad WH,Jaipur,Wholesale,11,6000,66000,1570,Delayed,UPI
102582,2025-04-02,2025-04-06,Monitor,Electronics,XYZ Traders,Mumbai WH,Hyderabad,Wholesale,16,12000,192000,856,Delivered,Debit Card
102583,2025-04-05,2025-04-12,Switch,Networking,Tech World,Hyderabad WH,Jaipur,Wholesale,19,6000,114000,609,Delivered,Credit Card
102584,2025-12-09,2025-12-13,Webcam,Accessories,ABC Suppliers,Chennai WH,Ahmedabad,Wholesale,16,2500,40000,1228,In Transit,Credit Card
102585,2025-01-14,2025-01-16,Switch,Networking,Prime Distributors,Bangalore WH,Mumbai,Retail,11,6000,66000,2102,In Transit,Net Banking
102586,2025-08-11,2025-08-15,Keyboard,Accessories,Prime Distributors,Delhi WH,Jaipur,Retail,3,900,2700,545,Delivered,UPI
102587,2025-03-27,2025-04-01,Mouse,Accessories,Tech World,Mumbai WH,Mumbai,Wholesale,5,700,3500,2143,Delivered,Credit Card
102588,2025-05-31,2025-06-07,Router,Networking,Prime Distributors,Delhi WH,Pune,Retail,2,3500,7000,1633,Delivered,Cash
102589,2025-09-15,2025-09-16,Keyboard,Accessories,XYZ Traders,Delhi WH,Kolkata,Retail,5,900,4500,2275,In Transit,Debit Card
102590,2025-07-13,2025-07-16,Office Chair,Furniture,Prime Distributors,Bangalore WH,Hyderabad,Retail,17,8500,144500,240,In Transit,Cash
102591,2025-02-23,2025-02-28,Hard Disk,Storage,Tech World,Bangalore WH,Kolkata,Retail,6,4200,25200,845,Delivered,Credit Card
102592,2025-07-05,2025-07-11,Hard Disk,Storage,ABC Suppliers,Hyderabad WH,Hyderabad,Retail,19,4200,79800,694,Delivered,Credit Card
102593,2025-11-16,2025-11-17,Webcam,Accessories,Global Supply,Mumbai WH,Delhi,Wholesale,20,2500,50000,795,Delivered,UPI
102594,2025-08-23,2025-08-30,Projector,Electronics,Global Supply,Hyderabad WH,Kolkata,Wholesale,17,40000,680000,2541,Delayed,Net Banking
102595,2025-07-10,2025-07-14,Monitor,Electronics,Tech World,Delhi WH,Ahmedabad,Retail,4,12000,48000,2549,Delivered,Cash
102596,2025-12-01,2025-12-02,Desktop,Electronics,XYZ Traders,Delhi WH,Jaipur,Retail,11,45000,495000,828,Delivered,Net Banking
102597,2025-04-14,2025-04-20,Webcam,Accessories,Global Supply,Hyderabad WH,Jaipur,Retail,12,2500,30000,280,Delivered,Debit Card
102598,2025-10-16,2025-10-22,Scanner,Office Supplies,Global Supply,Mumbai WH,Pune,Wholesale,5,12000,60000,2374,Delivered,Debit Card
102599,2025-10-11,2025-10-17,Switch,Networking,Global Supply,Chennai WH,Pune,Retail,2,6000,12000,2774,Delivered,Cash
102600,2025-05-08,2025-05-13,Hard Disk,Storage,Prime Distributors,Bangalore WH,Lucknow,Retail,4,4200,16800,1219,Delivered,Net Banking
102601,2025-08-13,2025-08-15,Printer,Office Supplies,Tech World,Hyderabad WH,Delhi,Wholesale,6,15000,90000,259,Delivered,Credit Card
102602,2025-06-16,2025-06-20,Office Chair,Furniture,Prime Distributors,Bangalore WH,Pune,Retail,5,8500,42500,2773,Delivered,UPI
102603,2025-07-14,2025-07-16,Laptop,Electronics,ABC Suppliers,Mumbai WH,Ahmedabad,Wholesale,14,55000,770000,2274,Delivered,Debit Card
102604,2025-06-08,2025-06-11,Laptop,Electronics,Global Supply,Mumbai WH,Hyderabad,Wholesale,17,55000,935000,1951,Delivered,Credit Card
102605,2025-06-27,2025-06-28,Webcam,Accessories,XYZ Traders,Chennai WH,Delhi,Wholesale,19,2500,47500,2234,Delivered,Net Banking
102606,2025-02-01,2025-02-03,Office Desk,Furniture,Prime Distributors,Delhi WH,Kolkata,Retail,9,15000,135000,723,Delivered,Debit Card
102607,2025-11-24,2025-11-25,Laptop,Electronics,Global Supply,Mumbai WH,Bangalore,Wholesale,15,55000,825000,2504,Delivered,Cash
102608,2025-05-16,2025-05-23,Monitor,Electronics,Tech World,Hyderabad WH,Jaipur,Retail,8,12000,96000,632,Delivered,Net Banking
102609,2025-03-02,2025-03-09,Desktop,Electronics,Prime Distributors,Chennai WH,Ahmedabad,Wholesale,12,45000,540000,896,Delayed,Cash
102610,2025-01-26,2025-01-27,Office Desk,Furniture,Global Supply,Bangalore WH,Delhi,Retail,6,15000,90000,2584,Delivered,Net Banking
102611,2025-09-26,2025-10-02,Office Desk,Furniture,Prime Distributors,Bangalore WH,Delhi,Retail,13,15000,195000,2322,Delivered,Debit Card
102612,2025-02-10,2025-02-11,Switch,Networking,ABC Suppliers,Delhi WH,Jaipur,Wholesale,12,6000,72000,1394,Delayed,Credit Card
102613,2025-09-12,2025-09-13,Webcam,Accessories,Global Supply,Bangalore WH,Hyderabad,Retail,3,2500,7500,1720,Delivered,Debit Card
102614,2025-01-12,2025-01-15,Keyboard,Accessories,Global Supply,Mumbai WH,Jaipur,Retail,16,900,14400,2215,Delivered,Net Banking
102615,2025-09-29,2025-10-05,Keyboard,Accessories,ABC Suppliers,Chennai WH,Mumbai,Wholesale,5,900,4500,2068,Delivered,Credit Card
102616,2025-12-23,2025-12-26,Monitor,Electronics,Global Supply,Mumbai WH,Hyderabad,Retail,20,12000,240000,1237,Delivered,Credit Card
102617,2025-10-26,2025-10-28,Office Chair,Furniture,XYZ Traders,Hyderabad WH,Mumbai,Wholesale,15,8500,127500,1654,Delivered,Debit Card
102618,2025-12-09,2025-12-14,Monitor,Electronics,Tech World,Bangalore WH,Pune,Wholesale,2,12000,24000,1483,Delivered,UPI
102619,2025-02-16,2025-02-23,Projector,Electronics,Global Supply,Delhi WH,Pune,Retail,7,40000,280000,2210,Delayed,Debit Card
102620,2025-09-05,2025-09-09,Scanner,Office Supplies,ABC Suppliers,Chennai WH,Ahmedabad,Retail,12,12000,144000,2012,Delivered,UPI
102621,2025-06-13,2025-06-18,Office Chair,Furniture,Global Supply,Bangalore WH,Delhi,Retail,3,8500,25500,1951,Delivered,UPI
102622,2025-03-04,2025-03-08,SSD,Storage,ABC Suppliers,Chennai WH,Delhi,Wholesale,16,5500,88000,2504,Delivered,Credit Card
102623,2025-05-23,2025-05-26,Laptop,Electronics,ABC Suppliers,Hyderabad WH,Bangalore,Retail,6,55000,330000,2782,Delivered,UPI
102624,2025-12-10,2025-12-12,Monitor,Electronics,ABC Suppliers,Hyderabad WH,Jaipur,Retail,9,12000,108000,519,Delayed,Credit Card
102625,2025-04-13,2025-04-16,Desktop,Electronics,ABC Suppliers,Mumbai WH,Bangalore,Wholesale,4,45000,180000,930,Delayed,Net Banking
102626,2025-02-10,2025-02-17,Switch,Networking,ABC Suppliers,Delhi WH,Mumbai,Retail,14,6000,84000,646,Delivered,Debit Card
102627,2025-03-20,2025-03-23,Office Chair,Furniture,Prime Distributors,Hyderabad WH,Kolkata,Wholesale,13,8500,110500,2742,Delivered,Cash
102628,2025-04-09,2025-04-13,Mouse,Accessories,Tech World,Chennai WH,Lucknow,Retail,1,700,700,529,Delayed,Debit Card
102629,2025-08-06,2025-08-10,Desktop,Electronics,XYZ Traders,Chennai WH,Chennai,Retail,20,45000,900000,2140,Delivered,Debit Card
102630,2025-09-03,2025-09-06,Desktop,Electronics,ABC Suppliers,Bangalore WH,Pune,Wholesale,20,45000,900000,2051,Delivered,UPI
102631,2025-09-01,2025-09-02,SSD,Storage,Prime Distributors,Hyderabad WH,Hyderabad,Wholesale,6,5500,33000,539,In Transit,Cash
102632,2025-10-31,2025-11-04,Projector,Electronics,Prime Distributors,Mumbai WH,Hyderabad,Wholesale,1,40000,40000,375,Delivered,Cash
102633,2025-11-06,2025-11-13,Keyboard,Accessories,Prime Distributors,Mumbai WH,Delhi,Wholesale,13,900,11700,798,Delivered,Credit Card
102634,2025-07-21,2025-07-25,Office Chair,Furniture,Prime Distributors,Bangalore WH,Kolkata,Retail,18,8500,153000,2143,Delivered,UPI
102635,2025-03-31,2025-04-01,Keyboard,Accessories,Global Supply,Bangalore WH,Ahmedabad,Retail,4,900,3600,2086,Cancelled,Net Banking
102636,2025-11-02,2025-11-04,Webcam,Accessories,ABC Suppliers,Hyderabad WH,Kolkata,Wholesale,3,2500,7500,810,Delayed,Credit Card
102637,2025-08-18,2025-08-20,Printer,Office Supplies,Prime Distributors,Chennai WH,Hyderabad,Retail,9,15000,135000,2218,Delivered,UPI
102638,2025-07-08,2025-07-11,Office Chair,Furniture,ABC Suppliers,Chennai WH,Bangalore,Wholesale,13,8500,110500,1807,Delivered,Credit Card
102639,2025-07-01,2025-07-07,Printer,Office Supplies,Global Supply,Bangalore WH,Hyderabad,Retail,10,15000,150000,1357,Delivered,Net Banking
102640,2025-06-08,2025-06-15,Webcam,Accessories,XYZ Traders,Delhi WH,Bangalore,Wholesale,14,2500,35000,1573,Delivered,Net Banking
102641,2025-02-26,2025-03-03,Office Chair,Furniture,Global Supply,Chennai WH,Bangalore,Wholesale,11,8500,93500,328,Delivered,Credit Card
102642,2025-06-15,2025-06-20,Office Chair,Furniture,Prime Distributors,Hyderabad WH,Lucknow,Retail,9,8500,76500,1785,In Transit,Debit Card
102643,2025-12-18,2025-12-22,Hard Disk,Storage,Prime Distributors,Hyderabad WH,Chennai,Wholesale,5,4200,21000,809,In Transit,Cash
102644,2025-09-02,2025-09-03,Webcam,Accessories,XYZ Traders,Bangalore WH,Pune,Wholesale,14,2500,35000,2930,Delivered,UPI
102645,2025-12-01,2025-12-03,Projector,Electronics,Tech World,Mumbai WH,Chennai,Retail,6,40000,240000,1237,Delivered,UPI
102646,2025-03-05,2025-03-08,SSD,Storage,ABC Suppliers,Delhi WH,Pune,Wholesale,6,5500,33000,916,Delivered,Credit Card
102647,2025-03-15,2025-03-17,Projector,Electronics,ABC Suppliers,Mumbai WH,Mumbai,Retail,7,40000,280000,1909,In Transit,Credit Card
102648,2025-10-28,2025-10-30,Office Chair,Furniture,Tech World,Hyderabad WH,Bangalore,Wholesale,5,8500,42500,2959,In Transit,Net Banking
102649,2025-05-29,2025-06-05,Router,Networking,Tech World,Mumbai WH,Pune,Wholesale,18,3500,63000,2637,Delivered,Cash
102650,2025-10-05,2025-10-10,Router,Networking,Global Supply,Delhi WH,Bangalore,Retail,2,3500,7000,563,Delivered,Net Banking
102651,2025-02-20,2025-02-22,Projector,Electronics,Prime Distributors,Bangalore WH,Lucknow,Retail,6,40000,240000,1440,Delivered,Debit Card
102652,2025-11-21,2025-11-23,Router,Networking,Global Supply,Delhi WH,Jaipur,Wholesale,4,3500,14000,2131,In Transit,Credit Card
102653,2025-08-22,2025-08-29,Keyboard,Accessories,Global Supply,Mumbai WH,Kolkata,Retail,6,900,5400,1330,Delivered,Net Banking
102654,2025-05-27,2025-05-28,Projector,Electronics,Prime Distributors,Bangalore WH,Hyderabad,Retail,14,40000,560000,1047,Delivered,Credit Card
102655,2025-04-12,2025-04-18,Scanner,Office Supplies,Prime Distributors,Mumbai WH,Jaipur,Wholesale,7,12000,84000,1597,Delivered,Debit Card
102656,2025-08-27,2025-09-03,Keyboard,Accessories,Prime Distributors,Delhi WH,Jaipur,Wholesale,15,900,13500,634,Delivered,Net Banking
102657,2025-07-10,2025-07-16,Hard Disk,Storage,ABC Suppliers,Mumbai WH,Lucknow,Retail,4,4200,16800,1017,Delivered,Debit Card
102658,2025-01-22,2025-01-23,Hard Disk,Storage,Global Supply,Chennai WH,Mumbai,Retail,2,4200,8400,2887,Delivered,Debit Card
102659,2025-04-01,2025-04-03,Monitor,Electronics,Prime Distributors,Chennai WH,Bangalore,Retail,16,12000,192000,1824,Delivered,UPI
102660,2025-12-18,2025-12-21,Projector,Electronics,Global Supply,Hyderabad WH,Delhi,Retail,1,40000,40000,2996,Delivered,Cash
102661,2025-06-09,2025-06-12,Router,Networking,ABC Suppliers,Mumbai WH,Ahmedabad,Retail,1,3500,3500,1821,In Transit,Debit Card
102662,2025-05-13,2025-05-16,Projector,Electronics,Tech World,Delhi WH,Kolkata,Retail,16,40000,640000,1365,Delivered,UPI
102663,2025-06-13,2025-06-16,Monitor,Electronics,Global Supply,Bangalore WH,Pune,Retail,20,12000,240000,2093,Delivered,Net Banking
102664,2025-02-24,2025-03-01,Mouse,Accessories,ABC Suppliers,Mumbai WH,Bangalore,Retail,8,700,5600,2026,Delivered,Net Banking
102665,2025-07-20,2025-07-22,Projector,Electronics,Prime Distributors,Mumbai WH,Hyderabad,Wholesale,12,40000,480000,1387,Delivered,Debit Card
102666,2025-04-01,2025-04-05,Desktop,Electronics,XYZ Traders,Bangalore WH,Delhi,Wholesale,11,45000,495000,2028,Delivered,Net Banking
102667,2025-11-10,2025-11-17,Hard Disk,Storage,XYZ Traders,Bangalore WH,Bangalore,Wholesale,14,4200,58800,2441,Delivered,UPI
102668,2025-11-27,2025-12-03,SSD,Storage,Global Supply,Hyderabad WH,Ahmedabad,Wholesale,11,5500,60500,2035,Delivered,Credit Card
102669,2025-06-29,2025-07-03,Office Desk,Furniture,Global Supply,Chennai WH,Ahmedabad,Retail,18,15000,270000,1644,Cancelled,Net Banking
102670,2025-04-06,2025-04-08,Laptop,Electronics,Prime Distributors,Mumbai WH,Bangalore,Wholesale,9,55000,495000,2503,Delivered,Net Banking
102671,2025-10-22,2025-10-24,Projector,Electronics,XYZ Traders,Delhi WH,Bangalore,Wholesale,13,40000,520000,2589,Delivered,Cash
102672,2025-08-30,2025-08-31,Router,Networking,ABC Suppliers,Bangalore WH,Bangalore,Wholesale,16,3500,56000,1606,In Transit,Debit Card
102673,2025-09-30,2025-10-04,Desktop,Electronics,Prime Distributors,Chennai WH,Hyderabad,Wholesale,19,45000,855000,1141,Delivered,Cash
102674,2025-03-11,2025-03-12,Projector,Electronics,XYZ Traders,Chennai WH,Bangalore,Wholesale,7,40000,280000,282,Delivered,UPI
102675,2025-08-12,2025-08-14,Switch,Networking,Prime Distributors,Hyderabad WH,Kolkata,Retail,19,6000,114000,1038,Delivered,Debit Card
102676,2025-06-30,2025-07-06,Scanner,Office Supplies,Prime Distributors,Delhi WH,Jaipur,Wholesale,17,12000,204000,2176,Delayed,Net Banking
102677,2025-08-03,2025-08-07,Hard Disk,Storage,Tech World,Chennai WH,Ahmedabad,Retail,8,4200,33600,451,Delivered,UPI
102678,2025-08-03,2025-08-10,Webcam,Accessories,XYZ Traders,Mumbai WH,Mumbai,Retail,2,2500,5000,1137,Delivered,UPI
102679,2025-12-17,2025-12-23,Printer,Office Supplies,Global Supply,Bangalore WH,Jaipur,Wholesale,15,15000,225000,736,Delayed,Debit Card
102680,2025-08-31,2025-09-03,Office Desk,Furniture,XYZ Traders,Chennai WH,Lucknow,Retail,11,15000,165000,1535,Delivered,Net Banking
102681,2025-08-27,2025-08-30,Monitor,Electronics,Global Supply,Bangalore WH,Pune,Wholesale,6,12000,72000,2232,Delivered,Net Banking
102682,2025-03-10,2025-03-11,Projector,Electronics,Prime Distributors,Bangalore WH,Chennai,Wholesale,6,40000,240000,376,In Transit,Cash
102683,2025-05-29,2025-05-30,Keyboard,Accessories,XYZ Traders,Bangalore WH,Pune,Retail,10,900,9000,787,Delivered,UPI
102684,2025-04-30,2025-05-01,Switch,Networking,ABC Suppliers,Chennai WH,Jaipur,Wholesale,15,6000,90000,2227,Delivered,Net Banking
102685,2025-03-12,2025-03-17,Webcam,Accessories,Tech World,Bangalore WH,Pune,Retail,20,2500,50000,1039,Delivered,Credit Card
102686,2025-10-12,2025-10-18,Printer,Office Supplies,ABC Suppliers,Mumbai WH,Kolkata,Wholesale,7,15000,105000,686,Delivered,Net Banking
102687,2025-05-27,2025-06-03,Printer,Office Supplies,Prime Distributors,Bangalore WH,Bangalore,Wholesale,7,15000,105000,2705,Delivered,Debit Card
102688,2025-01-25,2025-01-30,Office Desk,Furniture,ABC Suppliers,Chennai WH,Delhi,Wholesale,3,15000,45000,857,Delivered,Credit Card
102689,2025-08-01,2025-08-07,Mouse,Accessories,Prime Distributors,Delhi WH,Chennai,Wholesale,13,700,9100,2828,Delayed,UPI
102690,2025-04-02,2025-04-03,Scanner,Office Supplies,XYZ Traders,Chennai WH,Hyderabad,Retail,6,12000,72000,1861,Delivered,Debit Card
102691,2025-12-02,2025-12-03,Scanner,Office Supplies,Global Supply,Delhi WH,Kolkata,Retail,1,12000,12000,2890,Delayed,UPI
102692,2025-12-27,2025-12-30,Scanner,Office Supplies,XYZ Traders,Hyderabad WH,Jaipur,Wholesale,18,12000,216000,2005,Delayed,Net Banking
102693,2025-07-17,2025-07-20,Office Desk,Furniture,ABC Suppliers,Chennai WH,Pune,Retail,6,15000,90000,1615,Delivered,Cash
102694,2025-01-05,2025-01-06,Monitor,Electronics,Tech World,Mumbai WH,Bangalore,Wholesale,3,12000,36000,1129,Delivered,Net Banking
102695,2025-08-15,2025-08-18,Scanner,Office Supplies,ABC Suppliers,Delhi WH,Hyderabad,Wholesale,5,12000,60000,783,Delivered,UPI
102696,2025-12-03,2025-12-06,Printer,Office Supplies,XYZ Traders,Bangalore WH,Pune,Retail,18,15000,270000,1920,Delivered,Cash
102697,2025-03-30,2025-04-05,Office Desk,Furniture,Prime Distributors,Delhi WH,Ahmedabad,Wholesale,9,15000,135000,1556,Delivered,Net Banking
102698,2025-04-02,2025-04-05,Webcam,Accessories,Prime Distributors,Hyderabad WH,Kolkata,Wholesale,8,2500,20000,584,Delivered,Credit Card
102699,2025-05-13,2025-05-16,Office Chair,Furniture,XYZ Traders,Delhi WH,Lucknow,Wholesale,7,8500,59500,750,Delivered,Net Banking
102700,2025-03-21,2025-03-22,Webcam,Accessories,Tech World,Hyderabad WH,Pune,Wholesale,1,2500,2500,2474,Delivered,Credit Card
102701,2025-11-09,2025-11-15,Mouse,Accessories,Tech World,Hyderabad WH,Kolkata,Wholesale,11,700,7700,439,Delivered,Credit Card
102702,2025-07-14,2025-07-20,Laptop,Electronics,Prime Distributors,Chennai WH,Bangalore,Wholesale,4,55000,220000,1121,Delivered,Cash
102703,2025-07-13,2025-07-20,Scanner,Office Supplies,ABC Suppliers,Hyderabad WH,Chennai,Retail,13,12000,156000,1634,Delivered,Cash
102704,2025-01-10,2025-01-17,Router,Networking,Prime Distributors,Bangalore WH,Delhi,Wholesale,15,3500,52500,1512,Delivered,Debit Card
102705,2025-01-13,2025-01-19,Office Desk,Furniture,ABC Suppliers,Delhi WH,Ahmedabad,Wholesale,16,15000,240000,1409,Delayed,UPI
102706,2025-01-26,2025-02-01,Printer,Office Supplies,Prime Distributors,Chennai WH,Kolkata,Retail,16,15000,240000,2278,In Transit,UPI
102707,2025-05-02,2025-05-06,Office Chair,Furniture,ABC Suppliers,Chennai WH,Bangalore,Wholesale,15,8500,127500,2623,Delivered,Debit Card
102708,2025-11-23,2025-11-28,SSD,Storage,Tech World,Delhi WH,Mumbai,Wholesale,13,5500,71500,365,Delivered,Cash
102709,2025-05-30,2025-06-02,Scanner,Office Supplies,Prime Distributors,Mumbai WH,Kolkata,Retail,3,12000,36000,2256,Delayed,Cash
102710,2025-12-28,2025-12-31,Laptop,Electronics,ABC Suppliers,Bangalore WH,Kolkata,Retail,15,55000,825000,2177,Delivered,Credit Card
102711,2025-03-08,2025-03-10,SSD,Storage,ABC Suppliers,Hyderabad WH,Bangalore,Wholesale,20,5500,110000,984,In Transit,Net Banking
102712,2025-04-14,2025-04-21,SSD,Storage,XYZ Traders,Bangalore WH,Chennai,Wholesale,5,5500,27500,558,Delivered,UPI
102713,2025-10-25,2025-10-30,Printer,Office Supplies,ABC Suppliers,Mumbai WH,Mumbai,Retail,15,15000,225000,1866,Delivered,Debit Card
102714,2025-12-15,2025-12-19,Router,Networking,Global Supply,Chennai WH,Kolkata,Wholesale,10,3500,35000,2692,Delayed,Cash
102715,2025-01-25,2025-01-31,Mouse,Accessories,Prime Distributors,Hyderabad WH,Bangalore,Wholesale,13,700,9100,787,Delivered,Cash
102716,2025-04-10,2025-04-11,Projector,Electronics,ABC Suppliers,Hyderabad WH,Jaipur,Retail,20,40000,800000,2305,Delivered,Net Banking
102717,2025-12-12,2025-12-16,Switch,Networking,ABC Suppliers,Delhi WH,Lucknow,Wholesale,9,6000,54000,514,Delayed,Credit Card
102718,2025-04-08,2025-04-10,SSD,Storage,XYZ Traders,Hyderabad WH,Lucknow,Wholesale,2,5500,11000,2170,In Transit,UPI
102719,2025-08-14,2025-08-20,Webcam,Accessories,Prime Distributors,Delhi WH,Hyderabad,Wholesale,14,2500,35000,2378,Delivered,UPI
102720,2025-02-01,2025-02-05,Laptop,Electronics,XYZ Traders,Mumbai WH,Hyderabad,Wholesale,14,55000,770000,2268,Delivered,Credit Card
102721,2025-01-25,2025-01-27,Hard Disk,Storage,XYZ Traders,Hyderabad WH,Ahmedabad,Wholesale,4,4200,16800,2723,Delivered,Cash
102722,2025-05-19,2025-05-24,Hard Disk,Storage,Tech World,Delhi WH,Chennai,Wholesale,10,4200,42000,2122,In Transit,Net Banking
102723,2025-08-28,2025-09-03,Webcam,Accessories,ABC Suppliers,Mumbai WH,Jaipur,Retail,17,2500,42500,1704,Delivered,Debit Card
102724,2025-05-18,2025-05-22,Printer,Office Supplies,Tech World,Chennai WH,Delhi,Wholesale,14,15000,210000,2254,Delivered,Credit Card
102725,2025-11-30,2025-12-05,Desktop,Electronics,Tech World,Chennai WH,Delhi,Wholesale,13,45000,585000,749,Delivered,UPI
102726,2025-08-05,2025-08-06,SSD,Storage,Tech World,Hyderabad WH,Pune,Wholesale,4,5500,22000,2770,Delivered,Net Banking
102727,2025-01-27,2025-01-30,SSD,Storage,Tech World,Chennai WH,Mumbai,Wholesale,4,5500,22000,1423,Delayed,UPI
102728,2025-06-22,2025-06-28,Laptop,Electronics,Global Supply,Bangalore WH,Mumbai,Retail,2,55000,110000,388,Delivered,Net Banking
102729,2025-10-01,2025-10-08,Webcam,Accessories,Global Supply,Hyderabad WH,Kolkata,Wholesale,20,2500,50000,1172,Delivered,Debit Card
102730,2025-06-11,2025-06-14,Keyboard,Accessories,ABC Suppliers,Chennai WH,Mumbai,Wholesale,16,900,14400,2179,Delivered,Net Banking
102731,2025-01-13,2025-01-19,Laptop,Electronics,XYZ Traders,Delhi WH,Jaipur,Retail,19,55000,1045000,2130,Delivered,UPI
102732,2025-06-28,2025-07-03,Router,Networking,Global Supply,Hyderabad WH,Lucknow,Wholesale,19,3500,66500,2180,Delayed,Cash
102733,2025-05-25,2025-05-29,Keyboard,Accessories,Tech World,Bangalore WH,Hyderabad,Retail,5,900,4500,1548,In Transit,Debit Card
102734,2025-09-10,2025-09-16,Office Desk,Furniture,Global Supply,Delhi WH,Kolkata,Retail,9,15000,135000,715,In Transit,Cash
102735,2025-07-06,2025-07-13,Mouse,Accessories,Prime Distributors,Delhi WH,Kolkata,Retail,10,700,7000,1619,In Transit,Debit Card
102736,2025-02-09,2025-02-16,Keyboard,Accessories,ABC Suppliers,Chennai WH,Delhi,Wholesale,10,900,9000,2216,Delivered,Debit Card
102737,2025-09-09,2025-09-16,Office Chair,Furniture,Tech World,Bangalore WH,Bangalore,Wholesale,12,8500,102000,1788,Delivered,Net Banking
102738,2025-05-10,2025-05-15,SSD,Storage,ABC Suppliers,Mumbai WH,Mumbai,Wholesale,20,5500,110000,416,Delivered,Credit Card
102739,2025-12-15,2025-12-16,Keyboard,Accessories,Global Supply,Chennai WH,Delhi,Wholesale,2,900,1800,357,In Transit,Credit Card
102740,2025-03-07,2025-03-11,Monitor,Electronics,XYZ Traders,Hyderabad WH,Mumbai,Wholesale,14,12000,168000,2411,Delivered,Debit Card
102741,2025-12-27,2025-12-29,Printer,Office Supplies,Tech World,Delhi WH,Hyderabad,Retail,6,15000,90000,1853,Delivered,UPI
102742,2025-06-25,2025-07-02,Laptop,Electronics,XYZ Traders,Bangalore WH,Bangalore,Wholesale,20,55000,1100000,2216,Delivered,Debit Card
102743,2025-06-22,2025-06-23,Mouse,Accessories,XYZ Traders,Mumbai WH,Delhi,Retail,18,700,12600,1901,In Transit,Debit Card
102744,2025-01-09,2025-01-14,Router,Networking,Prime Distributors,Delhi WH,Delhi,Retail,2,3500,7000,2473,Delivered,Credit Card
102745,2025-07-31,2025-08-02,Monitor,Electronics,XYZ Traders,Chennai WH,Hyderabad,Wholesale,8,12000,96000,1175,Delivered,Debit Card
102746,2025-08-01,2025-08-03,Webcam,Accessories,XYZ Traders,Mumbai WH,Jaipur,Wholesale,4,2500,10000,702,In Transit,Debit Card
102747,2025-06-21,2025-06-24,Switch,Networking,Prime Distributors,Bangalore WH,Jaipur,Retail,11,6000,66000,2427,In Transit,UPI
102748,2025-02-10,2025-02-12,Desktop,Electronics,Global Supply,Hyderabad WH,Kolkata,Wholesale,3,45000,135000,2906,Delivered,Net Banking
102749,2025-01-12,2025-01-14,Switch,Networking,ABC Suppliers,Delhi WH,Kolkata,Wholesale,17,6000,102000,2644,Delivered,UPI
102750,2025-05-01,2025-05-07,SSD,Storage,Global Supply,Mumbai WH,Lucknow,Wholesale,13,5500,71500,1742,Delivered,Debit Card
102751,2025-08-22,2025-08-28,Monitor,Electronics,XYZ Traders,Delhi WH,Delhi,Wholesale,3,12000,36000,1065,Delivered,Cash
102752,2025-12-16,2025-12-21,Webcam,Accessories,Global Supply,Mumbai WH,Hyderabad,Wholesale,6,2500,15000,586,Delivered,Debit Card
102753,2025-06-22,2025-06-27,Keyboard,Accessories,Prime Distributors,Bangalore WH,Mumbai,Retail,8,900,7200,871,Delivered,Debit Card
102754,2025-10-29,2025-10-31,Hard Disk,Storage,Prime Distributors,Hyderabad WH,Jaipur,Wholesale,2,4200,8400,1236,Delivered,Cash
102755,2025-05-12,2025-05-14,Scanner,Office Supplies,Global Supply,Mumbai WH,Lucknow,Retail,17,12000,204000,433,Delivered,Credit Card
102756,2025-03-17,2025-03-23,Hard Disk,Storage,XYZ Traders,Mumbai WH,Delhi,Retail,5,4200,21000,2182,Delivered,UPI
102757,2025-07-10,2025-07-11,Office Chair,Furniture,Prime Distributors,Bangalore WH,Delhi,Retail,6,8500,51000,1134,Delivered,Debit Card
102758,2025-10-28,2025-11-03,Webcam,Accessories,Prime Distributors,Mumbai WH,Ahmedabad,Retail,9,2500,22500,974,Delivered,Cash
102759,2025-06-02,2025-06-09,Desktop,Electronics,Tech World,Delhi WH,Kolkata,Wholesale,19,45000,855000,2663,Delayed,Debit Card
102760,2025-04-23,2025-04-26,Projector,Electronics,Global Supply,Hyderabad WH,Bangalore,Wholesale,13,40000,520000,1776,Cancelled,Debit Card
102761,2025-08-15,2025-08-19,Switch,Networking,Tech World,Delhi WH,Hyderabad,Retail,11,6000,66000,2310,Delivered,UPI
102762,2025-08-25,2025-08-26,Switch,Networking,Tech World,Mumbai WH,Bangalore,Retail,5,6000,30000,2984,Delivered,UPI
102763,2025-12-28,2025-12-31,Projector,Electronics,ABC Suppliers,Mumbai WH,Mumbai,Wholesale,7,40000,280000,1913,Delivered,Cash
102764,2025-12-08,2025-12-14,Office Desk,Furniture,ABC Suppliers,Bangalore WH,Ahmedabad,Wholesale,16,15000,240000,1907,Delivered,Net Banking
102765,2025-05-13,2025-05-19,Projector,Electronics,Global Supply,Mumbai WH,Ahmedabad,Retail,15,40000,600000,1678,Delivered,UPI
102766,2025-12-25,2026-01-01,Desktop,Electronics,Tech World,Hyderabad WH,Delhi,Retail,5,45000,225000,873,Delivered,Credit Card
102767,2025-09-03,2025-09-10,Office Chair,Furniture,Prime Distributors,Mumbai WH,Delhi,Wholesale,15,8500,127500,1014,Delivered,Debit Card
102768,2025-06-18,2025-06-23,Office Chair,Furniture,Prime Distributors,Bangalore WH,Bangalore,Retail,12,8500,102000,1359,Delivered,Debit Card
102769,2025-05-10,2025-05-11,Office Chair,Furniture,XYZ Traders,Mumbai WH,Ahmedabad,Wholesale,19,8500,161500,2041,Cancelled,Net Banking
102770,2025-06-13,2025-06-18,Office Chair,Furniture,Tech World,Bangalore WH,Kolkata,Retail,17,8500,144500,1575,In Transit,Debit Card
102771,2025-03-19,2025-03-21,Mouse,Accessories,XYZ Traders,Mumbai WH,Pune,Retail,4,700,2800,1549,Delayed,Cash
102772,2025-01-25,2025-01-31,Router,Networking,Global Supply,Chennai WH,Kolkata,Wholesale,3,3500,10500,1341,Delivered,UPI
102773,2025-06-10,2025-06-16,Hard Disk,Storage,ABC Suppliers,Bangalore WH,Mumbai,Retail,1,4200,4200,1495,Delivered,Credit Card
102774,2025-07-24,2025-07-28,Desktop,Electronics,Prime Distributors,Bangalore WH,Mumbai,Retail,6,45000,270000,1836,In Transit,UPI
102775,2025-03-02,2025-03-03,Monitor,Electronics,Prime Distributors,Mumbai WH,Mumbai,Retail,7,12000,84000,1213,Delivered,UPI
102776,2025-10-21,2025-10-24,Webcam,Accessories,XYZ Traders,Mumbai WH,Ahmedabad,Wholesale,19,2500,47500,1553,Delivered,Net Banking
102777,2025-12-27,2026-01-02,Scanner,Office Supplies,Global Supply,Chennai WH,Mumbai,Wholesale,6,12000,72000,893,Delivered,Debit Card
102778,2025-09-17,2025-09-19,Webcam,Accessories,Tech World,Delhi WH,Chennai,Wholesale,9,2500,22500,1434,Delivered,Debit Card
102779,2025-07-03,2025-07-07,Projector,Electronics,Prime Distributors,Hyderabad WH,Jaipur,Wholesale,3,40000,120000,894,Delivered,Credit Card
102780,2025-03-14,2025-03-17,Router,Networking,Tech World,Mumbai WH,Chennai,Wholesale,15,3500,52500,2703,Delivered,Debit Card
102781,2025-02-04,2025-02-09,Switch,Networking,Prime Distributors,Mumbai WH,Lucknow,Wholesale,2,6000,12000,1223,Delivered,Net Banking
102782,2025-08-08,2025-08-10,Monitor,Electronics,ABC Suppliers,Bangalore WH,Delhi,Retail,4,12000,48000,2097,Delivered,Credit Card
102783,2025-02-05,2025-02-09,Monitor,Electronics,XYZ Traders,Hyderabad WH,Pune,Wholesale,1,12000,12000,2357,Delivered,UPI
102784,2025-08-27,2025-09-03,Monitor,Electronics,Tech World,Mumbai WH,Ahmedabad,Wholesale,15,12000,180000,1931,Delivered,UPI
102785,2025-02-23,2025-02-26,Hard Disk,Storage,Tech World,Delhi WH,Chennai,Retail,11,4200,46200,600,Delivered,Net Banking
102786,2025-07-11,2025-07-16,Laptop,Electronics,XYZ Traders,Chennai WH,Hyderabad,Retail,2,55000,110000,1141,Delivered,UPI
102787,2025-06-28,2025-07-02,Laptop,Electronics,Prime Distributors,Chennai WH,Lucknow,Wholesale,8,55000,440000,2892,Delivered,Cash
102788,2025-02-22,2025-02-27,Projector,Electronics,Prime Distributors,Delhi WH,Pune,Wholesale,13,40000,520000,1799,Delivered,UPI
102789,2025-05-03,2025-05-04,Switch,Networking,Global Supply,Chennai WH,Kolkata,Wholesale,6,6000,36000,2154,In Transit,UPI
102790,2025-08-26,2025-08-27,Webcam,Accessories,Global Supply,Chennai WH,Lucknow,Retail,10,2500,25000,2316,Delivered,UPI
102791,2025-07-14,2025-07-17,Switch,Networking,Prime Distributors,Chennai WH,Kolkata,Retail,1,6000,6000,842,Delivered,Debit Card
102792,2025-12-19,2025-12-24,Laptop,Electronics,Prime Distributors,Delhi WH,Kolkata,Wholesale,15,55000,825000,272,In Transit,UPI
102793,2025-04-19,2025-04-25,Keyboard,Accessories,Prime Distributors,Chennai WH,Bangalore,Wholesale,6,900,5400,636,Delivered,UPI
102794,2025-06-21,2025-06-27,Mouse,Accessories,Tech World,Bangalore WH,Pune,Retail,1,700,700,455,Delivered,UPI
102795,2025-05-28,2025-05-30,Mouse,Accessories,Tech World,Delhi WH,Chennai,Wholesale,19,700,13300,2815,Delivered,UPI
102796,2025-03-01,2025-03-03,Monitor,Electronics,ABC Suppliers,Bangalore WH,Ahmedabad,Wholesale,1,12000,12000,2173,In Transit,Credit Card
102797,2025-02-13,2025-02-20,Scanner,Office Supplies,Prime Distributors,Hyderabad WH,Hyderabad,Wholesale,4,12000,48000,420,Delivered,Cash
102798,2025-02-17,2025-02-19,Office Desk,Furniture,ABC Suppliers,Delhi WH,Delhi,Retail,20,15000,300000,2142,Delivered,Debit Card
102799,2025-03-08,2025-03-12,Monitor,Electronics,Tech World,Hyderabad WH,Pune,Retail,6,12000,72000,781,Delivered,Credit Card
102800,2025-10-13,2025-10-18,Webcam,Accessories,Tech World,Mumbai WH,Hyderabad,Wholesale,10,2500,25000,1837,In Transit,Cash
102801,2025-09-28,2025-10-04,Keyboard,Accessories,Prime Distributors,Hyderabad WH,Bangalore,Retail,11,900,9900,2276,Delivered,UPI
102802,2025-04-17,2025-04-22,Office Chair,Furniture,Prime Distributors,Delhi WH,Jaipur,Wholesale,2,8500,17000,2948,Cancelled,UPI
102803,2025-11-07,2025-11-14,Desktop,Electronics,Prime Distributors,Delhi WH,Mumbai,Retail,6,45000,270000,945,Delivered,UPI
102804,2025-06-23,2025-06-26,Desktop,Electronics,XYZ Traders,Mumbai WH,Bangalore,Wholesale,3,45000,135000,2507,Delivered,UPI
102805,2025-04-25,2025-04-28,Webcam,Accessories,Global Supply,Hyderabad WH,Delhi,Wholesale,16,2500,40000,1145,Delivered,Cash
102806,2025-11-12,2025-11-18,Router,Networking,XYZ Traders,Hyderabad WH,Kolkata,Retail,4,3500,14000,855,Delivered,Net Banking
102807,2025-09-18,2025-09-19,Office Chair,Furniture,Tech World,Hyderabad WH,Bangalore,Wholesale,1,8500,8500,423,Delayed,Cash
102808,2025-11-28,2025-12-05,Hard Disk,Storage,ABC Suppliers,Delhi WH,Jaipur,Retail,9,4200,37800,778,In Transit,Cash
102809,2025-01-20,2025-01-26,Keyboard,Accessories,ABC Suppliers,Chennai WH,Jaipur,Retail,14,900,12600,1982,Delivered,Credit Card
102810,2025-06-12,2025-06-15,Projector,Electronics,XYZ Traders,Hyderabad WH,Mumbai,Retail,12,40000,480000,1398,Delivered,Credit Card
102811,2025-11-17,2025-11-24,Webcam,Accessories,XYZ Traders,Hyderabad WH,Pune,Wholesale,1,2500,2500,753,Delivered,Debit Card
102812,2025-01-16,2025-01-23,Printer,Office Supplies,Tech World,Delhi WH,Chennai,Wholesale,10,15000,150000,2840,Delivered,Credit Card
102813,2025-03-12,2025-03-15,Printer,Office Supplies,Prime Distributors,Bangalore WH,Jaipur,Retail,7,15000,105000,2706,Delivered,Debit Card
102814,2025-11-12,2025-11-19,Desktop,Electronics,Prime Distributors,Hyderabad WH,Lucknow,Wholesale,4,45000,180000,1619,Delivered,Debit Card
102815,2025-05-31,2025-06-05,Printer,Office Supplies,ABC Suppliers,Mumbai WH,Hyderabad,Wholesale,13,15000,195000,1330,Delivered,Credit Card
102816,2025-01-27,2025-01-29,Printer,Office Supplies,XYZ Traders,Hyderabad WH,Lucknow,Retail,6,15000,90000,1168,Delayed,Cash
102817,2025-06-14,2025-06-20,Monitor,Electronics,ABC Suppliers,Mumbai WH,Kolkata,Wholesale,16,12000,192000,653,In Transit,Cash
102818,2025-08-20,2025-08-22,Scanner,Office Supplies,Prime Distributors,Bangalore WH,Jaipur,Wholesale,16,12000,192000,647,Delivered,Debit Card
102819,2025-10-23,2025-10-30,Office Desk,Furniture,ABC Suppliers,Mumbai WH,Bangalore,Wholesale,11,15000,165000,1105,Cancelled,Debit Card
102820,2025-06-03,2025-06-04,Printer,Office Supplies,ABC Suppliers,Chennai WH,Chennai,Retail,1,15000,15000,241,Delivered,Net Banking
102821,2025-08-14,2025-08-21,Keyboard,Accessories,ABC Suppliers,Hyderabad WH,Ahmedabad,Wholesale,18,900,16200,2897,Delivered,Net Banking
102822,2025-10-27,2025-10-30,Printer,Office Supplies,Prime Distributors,Bangalore WH,Kolkata,Retail,16,15000,240000,2947,Delivered,UPI
102823,2025-05-06,2025-05-10,Hard Disk,Storage,Global Supply,Delhi WH,Jaipur,Wholesale,9,4200,37800,1423,Delivered,Credit Card
102824,2025-04-13,2025-04-20,Hard Disk,Storage,XYZ Traders,Bangalore WH,Delhi,Wholesale,19,4200,79800,1822,Delivered,Debit Card
102825,2025-01-14,2025-01-15,Hard Disk,Storage,ABC Suppliers,Bangalore WH,Pune,Wholesale,19,4200,79800,2936,Delivered,Debit Card
102826,2025-02-11,2025-02-13,Keyboard,Accessories,Global Supply,Bangalore WH,Bangalore,Retail,3,900,2700,1459,Delivered,UPI
102827,2025-12-27,2026-01-03,Office Chair,Furniture,Prime Distributors,Mumbai WH,Kolkata,Retail,19,8500,161500,2817,In Transit,UPI
102828,2025-03-04,2025-03-09,Webcam,Accessories,ABC Suppliers,Mumbai WH,Ahmedabad,Retail,1,2500,2500,1694,Delivered,Debit Card
102829,2025-08-03,2025-08-08,Mouse,Accessories,Global Supply,Mumbai WH,Ahmedabad,Retail,12,700,8400,2873,Delivered,Net Banking
102830,2025-05-05,2025-05-06,Webcam,Accessories,Prime Distributors,Mumbai WH,Pune,Retail,19,2500,47500,1231,In Transit,Net Banking
102831,2025-08-28,2025-09-04,Laptop,Electronics,Tech World,Chennai WH,Chennai,Retail,5,55000,275000,1772,Delivered,Cash
102832,2025-02-05,2025-02-07,Monitor,Electronics,Prime Distributors,Bangalore WH,Kolkata,Retail,11,12000,132000,2591,Delivered,Debit Card
102833,2025-09-07,2025-09-13,Scanner,Office Supplies,ABC Suppliers,Mumbai WH,Delhi,Wholesale,3,12000,36000,1533,In Transit,Net Banking
102834,2025-12-03,2025-12-08,Laptop,Electronics,ABC Suppliers,Delhi WH,Ahmedabad,Retail,12,55000,660000,2956,Delivered,Net Banking
102835,2025-05-19,2025-05-20,Printer,Office Supplies,Tech World,Mumbai WH,Bangalore,Wholesale,8,15000,120000,2773,Delayed,Net Banking
102836,2025-06-24,2025-06-26,Hard Disk,Storage,Global Supply,Delhi WH,Kolkata,Wholesale,20,4200,84000,1776,In Transit,UPI
102837,2025-08-08,2025-08-14,Webcam,Accessories,Tech World,Delhi WH,Hyderabad,Retail,5,2500,12500,538,Delivered,Cash
102838,2025-01-17,2025-01-18,Monitor,Electronics,Prime Distributors,Delhi WH,Jaipur,Retail,16,12000,192000,431,Delivered,Credit Card
102839,2025-09-15,2025-09-17,Printer,Office Supplies,Global Supply,Bangalore WH,Kolkata,Retail,10,15000,150000,862,Delayed,UPI
102840,2025-11-10,2025-11-13,Laptop,Electronics,Global Supply,Hyderabad WH,Mumbai,Retail,17,55000,935000,2790,In Transit,Cash
102841,2025-10-16,2025-10-18,Mouse,Accessories,Global Supply,Hyderabad WH,Jaipur,Retail,17,700,11900,2547,Delivered,Cash
102842,2025-10-14,2025-10-21,Laptop,Electronics,Global Supply,Bangalore WH,Bangalore,Retail,14,55000,770000,495,In Transit,Debit Card
102843,2025-12-13,2025-12-20,Desktop,Electronics,ABC Suppliers,Bangalore WH,Jaipur,Retail,10,45000,450000,1791,Delivered,UPI
102844,2025-08-29,2025-09-05,Router,Networking,Prime Distributors,Hyderabad WH,Kolkata,Wholesale,8,3500,28000,1431,Cancelled,Cash
102845,2025-08-08,2025-08-09,Webcam,Accessories,ABC Suppliers,Mumbai WH,Lucknow,Wholesale,20,2500,50000,1345,Delivered,Cash
102846,2025-08-13,2025-08-15,Switch,Networking,Tech World,Delhi WH,Hyderabad,Wholesale,5,6000,30000,2233,Delivered,UPI
102847,2025-05-20,2025-05-21,Desktop,Electronics,ABC Suppliers,Mumbai WH,Kolkata,Wholesale,12,45000,540000,422,Delivered,UPI
102848,2025-09-16,2025-09-18,Monitor,Electronics,Prime Distributors,Hyderabad WH,Pune,Retail,16,12000,192000,1331,Delivered,Credit Card
102849,2025-09-07,2025-09-13,Projector,Electronics,Tech World,Delhi WH,Jaipur,Wholesale,9,40000,360000,694,Delivered,Debit Card
102850,2025-04-09,2025-04-11,Printer,Office Supplies,Global Supply,Hyderabad WH,Pune,Wholesale,4,15000,60000,2904,Delivered,Credit Card
102851,2025-05-22,2025-05-25,Mouse,Accessories,Prime Distributors,Chennai WH,Lucknow,Retail,20,700,14000,865,Delivered,Net Banking
102852,2025-08-20,2025-08-25,Projector,Electronics,XYZ Traders,Bangalore WH,Hyderabad,Wholesale,12,40000,480000,827,Delivered,Cash
102853,2025-12-09,2025-12-16,Router,Networking,ABC Suppliers,Chennai WH,Kolkata,Retail,15,3500,52500,2621,Delayed,Cash
102854,2025-10-04,2025-10-09,Hard Disk,Storage,Tech World,Hyderabad WH,Hyderabad,Retail,3,4200,12600,1852,Delivered,Cash
102855,2025-05-14,2025-05-18,Switch,Networking,XYZ Traders,Hyderabad WH,Bangalore,Retail,6,6000,36000,2060,Delivered,Cash
102856,2025-07-24,2025-07-27,Laptop,Electronics,XYZ Traders,Bangalore WH,Mumbai,Retail,10,55000,550000,1982,In Transit,UPI
102857,2025-08-01,2025-08-03,Laptop,Electronics,Tech World,Hyderabad WH,Kolkata,Retail,13,55000,715000,1033,Delivered,Cash
102858,2025-12-26,2026-01-02,Office Desk,Furniture,XYZ Traders,Bangalore WH,Chennai,Wholesale,5,15000,75000,901,Delivered,Net Banking
102859,2025-04-19,2025-04-24,Office Chair,Furniture,Tech World,Bangalore WH,Pune,Wholesale,11,8500,93500,2356,Delivered,Net Banking
102860,2025-01-27,2025-01-29,Router,Networking,Global Supply,Bangalore WH,Pune,Retail,16,3500,56000,2670,Delivered,Debit Card
102861,2025-09-14,2025-09-19,Office Chair,Furniture,Prime Distributors,Delhi WH,Mumbai,Retail,5,8500,42500,986,In Transit,Credit Card
102862,2025-04-27,2025-05-02,Webcam,Accessories,XYZ Traders,Mumbai WH,Ahmedabad,Wholesale,1,2500,2500,2365,In Transit,Credit Card
102863,2025-01-15,2025-01-19,Mouse,Accessories,ABC Suppliers,Delhi WH,Bangalore,Wholesale,16,700,11200,2039,Delivered,UPI
102864,2025-08-11,2025-08-12,Router,Networking,Prime Distributors,Chennai WH,Pune,Retail,16,3500,56000,2757,Delivered,Debit Card
102865,2025-09-12,2025-09-15,Office Chair,Furniture,ABC Suppliers,Bangalore WH,Hyderabad,Retail,16,8500,136000,958,Delivered,UPI
102866,2025-10-14,2025-10-19,Switch,Networking,Global Supply,Mumbai WH,Jaipur,Wholesale,18,6000,108000,833,Delivered,Debit Card
102867,2025-03-03,2025-03-06,Scanner,Office Supplies,Prime Distributors,Mumbai WH,Hyderabad,Retail,5,12000,60000,941,Delivered,Credit Card
102868,2025-08-18,2025-08-23,Office Desk,Furniture,Tech World,Delhi WH,Ahmedabad,Retail,19,15000,285000,2527,Delivered,UPI
102869,2025-10-13,2025-10-15,SSD,Storage,Tech World,Delhi WH,Bangalore,Wholesale,4,5500,22000,1398,Delivered,UPI
102870,2025-11-15,2025-11-18,Laptop,Electronics,Prime Distributors,Bangalore WH,Lucknow,Retail,5,55000,275000,1482,Cancelled,Credit Card
102871,2025-07-05,2025-07-12,Router,Networking,Global Supply,Mumbai WH,Ahmedabad,Wholesale,18,3500,63000,2657,Delivered,UPI
102872,2025-10-03,2025-10-10,Office Desk,Furniture,XYZ Traders,Hyderabad WH,Ahmedabad,Retail,2,15000,30000,2157,Delivered,Cash
102873,2025-10-05,2025-10-10,Switch,Networking,Prime Distributors,Bangalore WH,Hyderabad,Retail,5,6000,30000,1086,Delivered,UPI
102874,2025-11-17,2025-11-23,Projector,Electronics,Prime Distributors,Mumbai WH,Mumbai,Retail,11,40000,440000,1080,Delivered,Debit Card
102875,2025-07-21,2025-07-27,Office Chair,Furniture,Prime Distributors,Bangalore WH,Ahmedabad,Wholesale,6,8500,51000,835,Delivered,Debit Card
102876,2025-10-16,2025-10-18,Laptop,Electronics,XYZ Traders,Bangalore WH,Hyderabad,Wholesale,8,55000,440000,968,Delivered,Cash
102877,2025-04-08,2025-04-13,Monitor,Electronics,ABC Suppliers,Chennai WH,Lucknow,Retail,4,12000,48000,2714,Delayed,Credit Card
102878,2025-07-29,2025-08-05,Hard Disk,Storage,Tech World,Hyderabad WH,Delhi,Retail,6,4200,25200,2923,Delivered,Cash
102879,2025-12-03,2025-12-06,Hard Disk,Storage,Global Supply,Mumbai WH,Delhi,Wholesale,14,4200,58800,1955,Delayed,Credit Card
102880,2025-03-07,2025-03-12,SSD,Storage,Tech World,Delhi WH,Jaipur,Wholesale,12,5500,66000,1991,In Transit,Debit Card
102881,2025-09-03,2025-09-04,Desktop,Electronics,Prime Distributors,Delhi WH,Hyderabad,Retail,16,45000,720000,418,Delivered,Cash
102882,2025-12-24,2025-12-26,SSD,Storage,Global Supply,Bangalore WH,Pune,Wholesale,17,5500,93500,2044,Delivered,UPI
102883,2025-01-20,2025-01-23,Router,Networking,ABC Suppliers,Chennai WH,Chennai,Wholesale,14,3500,49000,2190,Delivered,Cash
102884,2025-12-18,2025-12-24,Projector,Electronics,ABC Suppliers,Chennai WH,Delhi,Wholesale,3,40000,120000,2921,Delayed,Net Banking
102885,2025-11-15,2025-11-16,Keyboard,Accessories,Global Supply,Mumbai WH,Pune,Retail,20,900,18000,1870,Delivered,Credit Card
102886,2025-02-26,2025-03-03,Switch,Networking,Prime Distributors,Mumbai WH,Chennai,Wholesale,11,6000,66000,1314,Delivered,Credit Card
102887,2025-11-11,2025-11-14,Projector,Electronics,Tech World,Delhi WH,Hyderabad,Retail,20,40000,800000,2753,Delivered,Cash
102888,2025-11-07,2025-11-14,Monitor,Electronics,Tech World,Chennai WH,Ahmedabad,Wholesale,14,12000,168000,1530,In Transit,Cash
102889,2025-02-03,2025-02-06,Laptop,Electronics,XYZ Traders,Bangalore WH,Chennai,Wholesale,4,55000,220000,1160,Delivered,Cash
102890,2025-07-27,2025-07-29,Switch,Networking,Tech World,Hyderabad WH,Bangalore,Retail,6,6000,36000,2568,In Transit,Cash
102891,2025-10-15,2025-10-21,Switch,Networking,Tech World,Chennai WH,Hyderabad,Wholesale,6,6000,36000,1463,Delivered,Credit Card
102892,2025-10-13,2025-10-15,Projector,Electronics,Tech World,Chennai WH,Ahmedabad,Wholesale,13,40000,520000,591,Cancelled,Cash
102893,2025-07-31,2025-08-02,Hard Disk,Storage,Tech World,Mumbai WH,Kolkata,Wholesale,17,4200,71400,2160,Delivered,Cash
102894,2025-09-16,2025-09-19,Webcam,Accessories,Global Supply,Delhi WH,Ahmedabad,Wholesale,5,2500,12500,2910,Delivered,Cash
102895,2025-12-28,2025-12-30,Office Chair,Furniture,Global Supply,Hyderabad WH,Chennai,Retail,4,8500,34000,863,Delivered,Cash
102896,2025-02-19,2025-02-25,Office Desk,Furniture,Tech World,Delhi WH,Ahmedabad,Retail,15,15000,225000,2967,In Transit,Debit Card
102897,2025-09-13,2025-09-18,Scanner,Office Supplies,Prime Distributors,Chennai WH,Chennai,Retail,2,12000,24000,971,Delivered,Cash
102898,2025-05-17,2025-05-18,Laptop,Electronics,Tech World,Delhi WH,Mumbai,Retail,5,55000,275000,2119,Delivered,Credit Card
102899,2025-02-01,2025-02-05,Printer,Office Supplies,XYZ Traders,Mumbai WH,Mumbai,Retail,19,15000,285000,2282,Delivered,Cash
102900,2025-07-14,2025-07-19,Keyboard,Accessories,Tech World,Mumbai WH,Pune,Wholesale,15,900,13500,270,Delivered,Debit Card
102901,2025-11-30,2025-12-02,Laptop,Electronics,ABC Suppliers,Mumbai WH,Chennai,Retail,9,55000,495000,2533,Delivered,Credit Card
102902,2025-12-29,2025-12-31,Webcam,Accessories,Prime Distributors,Chennai WH,Pune,Wholesale,12,2500,30000,490,Delivered,Net Banking
102903,2025-08-22,2025-08-23,Scanner,Office Supplies,XYZ Traders,Hyderabad WH,Chennai,Retail,5,12000,60000,2475,Delivered,Cash
102904,2025-12-12,2025-12-13,Mouse,Accessories,Tech World,Bangalore WH,Ahmedabad,Wholesale,11,700,7700,1334,Delivered,Credit Card
102905,2025-09-21,2025-09-26,Switch,Networking,Tech World,Mumbai WH,Hyderabad,Retail,2,6000,12000,271,Delivered,Net Banking
102906,2025-06-10,2025-06-15,Printer,Office Supplies,Global Supply,Delhi WH,Lucknow,Retail,7,15000,105000,2993,Delivered,Net Banking
102907,2025-09-02,2025-09-07,Hard Disk,Storage,ABC Suppliers,Bangalore WH,Mumbai,Wholesale,13,4200,54600,511,Delivered,Cash
102908,2025-11-14,2025-11-20,Webcam,Accessories,XYZ Traders,Hyderabad WH,Mumbai,Wholesale,19,2500,47500,652,In Transit,Debit Card
102909,2025-05-17,2025-05-18,Router,Networking,Global Supply,Hyderabad WH,Jaipur,Retail,3,3500,10500,2728,In Transit,Debit Card
102910,2025-10-22,2025-10-29,Desktop,Electronics,XYZ Traders,Hyderabad WH,Mumbai,Wholesale,10,45000,450000,2868,In Transit,Credit Card
102911,2025-10-29,2025-10-31,SSD,Storage,ABC Suppliers,Bangalore WH,Jaipur,Retail,17,5500,93500,1164,Delivered,Debit Card
102912,2025-01-15,2025-01-21,Switch,Networking,Prime Distributors,Bangalore WH,Kolkata,Wholesale,3,6000,18000,617,Delivered,Net Banking
102913,2025-07-19,2025-07-23,Monitor,Electronics,Prime Distributors,Delhi WH,Bangalore,Retail,1,12000,12000,1432,In Transit,Cash
102914,2025-03-20,2025-03-24,Office Desk,Furniture,XYZ Traders,Delhi WH,Delhi,Retail,10,15000,150000,628,Delivered,Credit Card
102915,2025-11-24,2025-12-01,Hard Disk,Storage,ABC Suppliers,Mumbai WH,Kolkata,Retail,2,4200,8400,306,Delivered,Credit Card
102916,2025-10-12,2025-10-16,Office Desk,Furniture,Global Supply,Hyderabad WH,Lucknow,Retail,15,15000,225000,754,Delivered,Cash
102917,2025-08-03,2025-08-08,Printer,Office Supplies,ABC Suppliers,Delhi WH,Chennai,Retail,4,15000,60000,1359,In Transit,Credit Card
102918,2025-12-03,2025-12-08,SSD,Storage,XYZ Traders,Hyderabad WH,Bangalore,Retail,8,5500,44000,2895,Delivered,UPI
102919,2025-06-16,2025-06-22,Switch,Networking,Global Supply,Bangalore WH,Hyderabad,Retail,12,6000,72000,2260,Delivered,UPI
102920,2025-01-23,2025-01-27,Office Desk,Furniture,XYZ Traders,Delhi WH,Chennai,Wholesale,4,15000,60000,2701,Delivered,Credit Card
102921,2025-02-22,2025-02-28,SSD,Storage,Global Supply,Bangalore WH,Delhi,Retail,5,5500,27500,1087,Delivered,Cash
102922,2025-01-07,2025-01-10,Office Desk,Furniture,XYZ Traders,Delhi WH,Lucknow,Retail,20,15000,300000,1274,Delivered,UPI
102923,2025-09-29,2025-09-30,Switch,Networking,Global Supply,Delhi WH,Chennai,Retail,2,6000,12000,1790,Cancelled,UPI
102924,2025-12-01,2025-12-07,Scanner,Office Supplies,ABC Suppliers,Mumbai WH,Lucknow,Wholesale,18,12000,216000,2413,In Transit,UPI
102925,2025-09-08,2025-09-12,Laptop,Electronics,ABC Suppliers,Bangalore WH,Bangalore,Retail,10,55000,550000,2853,Delivered,UPI
102926,2025-06-04,2025-06-08,Keyboard,Accessories,Tech World,Bangalore WH,Kolkata,Retail,6,900,5400,2914,Delivered,Cash
102927,2025-04-09,2025-04-10,Monitor,Electronics,Tech World,Bangalore WH,Bangalore,Wholesale,11,12000,132000,1194,Delivered,Credit Card
102928,2025-08-31,2025-09-06,Webcam,Accessories,ABC Suppliers,Mumbai WH,Lucknow,Wholesale,10,2500,25000,1121,In Transit,Cash
102929,2025-11-04,2025-11-09,Switch,Networking,Prime Distributors,Chennai WH,Pune,Retail,16,6000,96000,1099,Delivered,Debit Card
102930,2025-09-14,2025-09-20,Laptop,Electronics,ABC Suppliers,Hyderabad WH,Pune,Retail,4,55000,220000,1339,Delivered,Credit Card
102931,2025-09-15,2025-09-20,Desktop,Electronics,XYZ Traders,Mumbai WH,Bangalore,Retail,7,45000,315000,2280,Delivered,Net Banking
102932,2025-02-18,2025-02-24,Keyboard,Accessories,Global Supply,Delhi WH,Hyderabad,Wholesale,5,900,4500,532,Delivered,Debit Card
102933,2025-12-02,2025-12-05,Router,Networking,XYZ Traders,Delhi WH,Kolkata,Wholesale,9,3500,31500,2205,Delayed,Net Banking
102934,2025-12-22,2025-12-28,Scanner,Office Supplies,ABC Suppliers,Hyderabad WH,Hyderabad,Wholesale,5,12000,60000,2017,Delivered,Net Banking
102935,2025-05-06,2025-05-13,Router,Networking,Tech World,Hyderabad WH,Jaipur,Retail,1,3500,3500,580,Delivered,Credit Card
102936,2025-11-30,2025-12-03,SSD,Storage,Prime Distributors,Bangalore WH,Chennai,Retail,9,5500,49500,2151,Delivered,Cash
102937,2025-05-12,2025-05-19,Office Chair,Furniture,ABC Suppliers,Mumbai WH,Jaipur,Wholesale,18,8500,153000,1631,Delayed,UPI
102938,2025-12-26,2025-12-31,Switch,Networking,Tech World,Mumbai WH,Lucknow,Wholesale,9,6000,54000,818,Cancelled,UPI
102939,2025-10-12,2025-10-13,SSD,Storage,XYZ Traders,Delhi WH,Lucknow,Retail,2,5500,11000,2707,Delivered,Credit Card
102940,2025-07-10,2025-07-13,Printer,Office Supplies,Prime Distributors,Mumbai WH,Mumbai,Wholesale,15,15000,225000,1817,Delivered,UPI
102941,2025-03-24,2025-03-29,Hard Disk,Storage,Tech World,Bangalore WH,Mumbai,Wholesale,14,4200,58800,466,Delivered,Debit Card
102942,2025-09-30,2025-10-07,Laptop,Electronics,Global Supply,Mumbai WH,Pune,Retail,1,55000,55000,2453,In Transit,UPI
102943,2025-06-14,2025-06-19,Scanner,Office Supplies,XYZ Traders,Delhi WH,Chennai,Retail,17,12000,204000,537,Delayed,Debit Card
102944,2025-01-04,2025-01-11,Desktop,Electronics,Tech World,Chennai WH,Mumbai,Wholesale,14,45000,630000,1294,Delivered,Credit Card
102945,2025-06-02,2025-06-08,Desktop,Electronics,Global Supply,Delhi WH,Lucknow,Wholesale,14,45000,630000,1671,Cancelled,Net Banking
102946,2025-03-17,2025-03-22,Monitor,Electronics,ABC Suppliers,Delhi WH,Mumbai,Retail,6,12000,72000,2179,Delivered,UPI
102947,2025-07-19,2025-07-25,Webcam,Accessories,XYZ Traders,Delhi WH,Kolkata,Wholesale,4,2500,10000,2639,Delayed,Credit Card
102948,2025-07-19,2025-07-23,Projector,Electronics,ABC Suppliers,Mumbai WH,Jaipur,Wholesale,8,40000,320000,740,Delivered,Debit Card
102949,2025-11-10,2025-11-11,Webcam,Accessories,ABC Suppliers,Hyderabad WH,Hyderabad,Retail,5,2500,12500,214,Delivered,Cash
102950,2025-02-10,2025-02-17,Hard Disk,Storage,ABC Suppliers,Mumbai WH,Kolkata,Wholesale,11,4200,46200,1104,Delivered,Credit Card
102951,2025-09-04,2025-09-11,Projector,Electronics,Prime Distributors,Mumbai WH,Ahmedabad,Wholesale,20,40000,800000,2293,In Transit,Net Banking
102952,2025-02-13,2025-02-14,Monitor,Electronics,Tech World,Mumbai WH,Mumbai,Wholesale,14,12000,168000,566,Delayed,Credit Card
102953,2025-02-23,2025-02-26,Mouse,Accessories,Tech World,Hyderabad WH,Chennai,Retail,14,700,9800,1793,Delivered,Cash
102954,2025-05-13,2025-05-17,Mouse,Accessories,Prime Distributors,Delhi WH,Chennai,Wholesale,14,700,9800,709,Delayed,Debit Card
102955,2025-06-04,2025-06-09,Laptop,Electronics,XYZ Traders,Delhi WH,Bangalore,Retail,5,55000,275000,1264,In Transit,Net Banking
102956,2025-11-19,2025-11-20,Hard Disk,Storage,Tech World,Bangalore WH,Hyderabad,Wholesale,15,4200,63000,2273,Delivered,Credit Card
102957,2025-03-17,2025-03-18,Keyboard,Accessories,Global Supply,Hyderabad WH,Chennai,Retail,2,900,1800,1025,Delivered,Debit Card
102958,2025-07-27,2025-07-29,Hard Disk,Storage,Tech World,Mumbai WH,Chennai,Retail,15,4200,63000,2447,Delivered,Net Banking
102959,2025-09-04,2025-09-05,Laptop,Electronics,Prime Distributors,Hyderabad WH,Lucknow,Wholesale,8,55000,440000,2598,Delivered,Debit Card
102960,2025-09-21,2025-09-23,Desktop,Electronics,Tech World,Hyderabad WH,Jaipur,Wholesale,11,45000,495000,770,Delivered,Net Banking
102961,2025-10-22,2025-10-26,Hard Disk,Storage,ABC Suppliers,Delhi WH,Lucknow,Wholesale,20,4200,84000,2921,Delivered,Net Banking
102962,2025-07-29,2025-07-31,Switch,Networking,ABC Suppliers,Hyderabad WH,Bangalore,Wholesale,13,6000,78000,577,Delivered,Credit Card
102963,2025-03-23,2025-03-26,Printer,Office Supplies,XYZ Traders,Delhi WH,Mumbai,Wholesale,8,15000,120000,1366,Delivered,Net Banking
102964,2025-03-15,2025-03-22,Projector,Electronics,ABC Suppliers,Chennai WH,Delhi,Retail,14,40000,560000,305,Cancelled,Credit Card
102965,2025-08-14,2025-08-20,Desktop,Electronics,Prime Distributors,Bangalore WH,Mumbai,Retail,13,45000,585000,538,Delivered,UPI
102966,2025-08-02,2025-08-08,SSD,Storage,ABC Suppliers,Mumbai WH,Jaipur,Wholesale,13,5500,71500,1832,Delayed,UPI
102967,2025-06-22,2025-06-25,Office Desk,Furniture,XYZ Traders,Mumbai WH,Mumbai,Wholesale,3,15000,45000,876,Delayed,Net Banking
102968,2025-11-05,2025-11-12,Switch,Networking,ABC Suppliers,Mumbai WH,Mumbai,Retail,6,6000,36000,2846,Delivered,Net Banking
102969,2025-04-21,2025-04-27,Printer,Office Supplies,XYZ Traders,Delhi WH,Kolkata,Retail,13,15000,195000,479,In Transit,Credit Card
102970,2025-07-06,2025-07-10,Monitor,Electronics,XYZ Traders,Delhi WH,Kolkata,Retail,3,12000,36000,1011,Delayed,Credit Card
102971,2025-03-07,2025-03-09,Hard Disk,Storage,Tech World,Hyderabad WH,Mumbai,Wholesale,17,4200,71400,2761,In Transit,Cash
102972,2025-12-14,2025-12-19,Desktop,Electronics,Tech World,Bangalore WH,Hyderabad,Wholesale,1,45000,45000,2772,Cancelled,Cash
102973,2025-05-26,2025-05-29,Printer,Office Supplies,XYZ Traders,Delhi WH,Pune,Retail,4,15000,60000,2016,Delivered,Cash
102974,2025-01-10,2025-01-17,Office Desk,Furniture,ABC Suppliers,Mumbai WH,Kolkata,Wholesale,19,15000,285000,2047,Delivered,UPI
102975,2025-12-24,2025-12-29,Router,Networking,ABC Suppliers,Chennai WH,Kolkata,Retail,12,3500,42000,2406,Delivered,Credit Card
102976,2025-12-05,2025-12-07,Laptop,Electronics,XYZ Traders,Hyderabad WH,Kolkata,Wholesale,4,55000,220000,1324,Delivered,UPI
102977,2025-03-18,2025-03-23,Webcam,Accessories,Prime Distributors,Bangalore WH,Chennai,Retail,13,2500,32500,1391,Delivered,Cash
102978,2025-09-07,2025-09-14,Webcam,Accessories,Global Supply,Hyderabad WH,Mumbai,Retail,17,2500,42500,1208,In Transit,Credit Card
102979,2025-09-16,2025-09-22,Desktop,Electronics,ABC Suppliers,Mumbai WH,Bangalore,Wholesale,9,45000,405000,994,In Transit,Debit Card
102980,2025-09-02,2025-09-03,Keyboard,Accessories,Prime Distributors,Hyderabad WH,Jaipur,Wholesale,2,900,1800,226,Delivered,Credit Card
102981,2025-08-25,2025-09-01,Desktop,Electronics,Global Supply,Bangalore WH,Jaipur,Retail,8,45000,360000,379,Cancelled,Net Banking
102982,2025-06-30,2025-07-02,Router,Networking,Prime Distributors,Mumbai WH,Lucknow,Wholesale,1,3500,3500,949,In Transit,Net Banking
102983,2025-06-25,2025-06-28,Office Desk,Furniture,Global Supply,Chennai WH,Pune,Wholesale,10,15000,150000,415,Delivered,Cash
102984,2025-02-02,2025-02-09,Laptop,Electronics,ABC Suppliers,Hyderabad WH,Ahmedabad,Retail,10,55000,550000,1324,In Transit,UPI
102985,2025-05-07,2025-05-12,Scanner,Office Supplies,ABC Suppliers,Bangalore WH,Mumbai,Wholesale,9,12000,108000,2228,In Transit,Cash
102986,2025-09-27,2025-10-01,Webcam,Accessories,ABC Suppliers,Mumbai WH,Ahmedabad,Wholesale,3,2500,7500,315,Delivered,Net Banking
102987,2025-05-27,2025-06-03,Desktop,Electronics,Prime Distributors,Chennai WH,Lucknow,Retail,11,45000,495000,1889,Delayed,Cash
102988,2025-01-13,2025-01-17,Scanner,Office Supplies,Global Supply,Delhi WH,Hyderabad,Wholesale,11,12000,132000,1403,Delivered,Net Banking
102989,2025-02-03,2025-02-06,Laptop,Electronics,Tech World,Delhi WH,Hyderabad,Wholesale,14,55000,770000,1871,Cancelled,Credit Card
102990,2025-09-16,2025-09-19,Office Desk,Furniture,Tech World,Chennai WH,Lucknow,Retail,2,15000,30000,2342,Delivered,Cash
102991,2025-02-11,2025-02-15,Monitor,Electronics,Prime Distributors,Bangalore WH,Kolkata,Retail,8,12000,96000,1534,Delivered,Credit Card
102992,2025-01-04,2025-01-08,Mouse,Accessories,XYZ Traders,Chennai WH,Delhi,Retail,10,700,7000,1285,Delivered,UPI
102993,2025-03-26,2025-04-02,Office Chair,Furniture,Prime Distributors,Bangalore WH,Ahmedabad,Retail,1,8500,8500,822,Delivered,Credit Card
102994,2025-03-08,2025-03-15,Desktop,Electronics,Tech World,Bangalore WH,Pune,Retail,5,45000,225000,1139,Delivered,Net Banking
102995,2025-01-31,2025-02-05,Office Desk,Furniture,Global Supply,Chennai WH,Bangalore,Wholesale,7,15000,105000,2801,Delivered,Debit Card
102996,2025-01-09,2025-01-11,Webcam,Accessories,XYZ Traders,Hyderabad WH,Delhi,Retail,1,2500,2500,1493,Delivered,Net Banking
102997,2025-12-20,2025-12-23,Router,Networking,XYZ Traders,Mumbai WH,Kolkata,Retail,18,3500,63000,2829,In Transit,Credit Card
102998,2025-05-17,2025-05-23,Mouse,Accessories,Global Supply,Mumbai WH,Pune,Retail,5,700,3500,971,In Transit,UPI
102999,2025-09-09,2025-09-16,Monitor,Electronics,Global Supply,Mumbai WH,Chennai,Wholesale,19,12000,228000,1501,Delivered,Net Banking
103000,2025-05-31,2025-06-03,Router,Networking,ABC Suppliers,Chennai WH,Chennai,Wholesale,8,3500,28000,2832,In Transit,Net Banking
103001,2025-09-22,2025-09-27,Hard Disk,Storage,Global Supply,Chennai WH,Lucknow,Retail,14,4200,58800,1289,Delivered,Credit Card
103002,2025-07-15,2025-07-19,Printer,Office Supplies,Global Supply,Chennai WH,Pune,Wholesale,19,15000,285000,481,Delivered,Cash
103003,2025-11-25,2025-11-26,Printer,Office Supplies,ABC Suppliers,Mumbai WH,Bangalore,Wholesale,4,15000,60000,204,Delivered,Cash
103004,2025-04-03,2025-04-07,Switch,Networking,Global Supply,Hyderabad WH,Pune,Wholesale,8,6000,48000,1588,In Transit,Debit Card
103005,2025-10-13,2025-10-17,Switch,Networking,XYZ Traders,Chennai WH,Pune,Wholesale,16,6000,96000,2824,Delivered,Net Banking
103006,2025-02-01,2025-02-06,Mouse,Accessories,Global Supply,Delhi WH,Chennai,Wholesale,20,700,14000,1780,Delivered,Cash
103007,2025-03-11,2025-03-16,Desktop,Electronics,Global Supply,Chennai WH,Jaipur,Retail,6,45000,270000,2810,In Transit,Net Banking
103008,2025-05-20,2025-05-24,Monitor,Electronics,ABC Suppliers,Hyderabad WH,Lucknow,Retail,19,12000,228000,1585,Delivered,Net Banking
103009,2025-08-12,2025-08-19,Router,Networking,Global Supply,Delhi WH,Pune,Wholesale,9,3500,31500,2578,In Transit,UPI
103010,2025-03-13,2025-03-16,Switch,Networking,Prime Distributors,Hyderabad WH,Jaipur,Wholesale,3,6000,18000,1928,Delivered,Debit Card
103011,2025-04-17,2025-04-22,Monitor,Electronics,Global Supply,Hyderabad WH,Chennai,Wholesale,6,12000,72000,1909,Delivered,Debit Card
103012,2025-04-04,2025-04-07,Office Chair,Furniture,ABC Suppliers,Delhi WH,Lucknow,Retail,13,8500,110500,885,Delivered,UPI
103013,2025-01-27,2025-01-29,Hard Disk,Storage,XYZ Traders,Hyderabad WH,Bangalore,Wholesale,17,4200,71400,1301,Delivered,Cash
103014,2025-01-24,2025-01-31,Keyboard,Accessories,XYZ Traders,Mumbai WH,Chennai,Retail,9,900,8100,1215,Delayed,Cash
103015,2025-06-28,2025-06-30,SSD,Storage,XYZ Traders,Mumbai WH,Chennai,Wholesale,13,5500,71500,1143,Delayed,Cash
103016,2025-08-26,2025-08-31,Switch,Networking,Tech World,Hyderabad WH,Mumbai,Wholesale,8,6000,48000,2430,Delivered,Credit Card
103017,2025-08-13,2025-08-18,Switch,Networking,Tech World,Delhi WH,Kolkata,Wholesale,11,6000,66000,1688,Delivered,Net Banking
103018,2025-09-22,2025-09-23,Router,Networking,Tech World,Hyderabad WH,Ahmedabad,Retail,18,3500,63000,357,Delivered,Debit Card
103019,2025-08-20,2025-08-25,Hard Disk,Storage,Global Supply,Chennai WH,Bangalore,Retail,14,4200,58800,1500,Delivered,Net Banking
103020,2025-10-21,2025-10-25,Office Chair,Furniture,Tech World,Hyderabad WH,Mumbai,Wholesale,1,8500,8500,903,Delivered,Cash
103021,2025-10-11,2025-10-12,Office Desk,Furniture,ABC Suppliers,Mumbai WH,Chennai,Retail,2,15000,30000,1145,Delivered,UPI
103022,2025-02-28,2025-03-01,Keyboard,Accessories,XYZ Traders,Bangalore WH,Delhi,Retail,20,900,18000,1122,Delivered,Credit Card
103023,2025-04-10,2025-04-15,Printer,Office Supplies,Prime Distributors,Delhi WH,Hyderabad,Wholesale,7,15000,105000,2813,In Transit,Debit Card
103024,2025-07-10,2025-07-12,Router,Networking,Global Supply,Chennai WH,Jaipur,Retail,8,3500,28000,1495,Delayed,Cash
103025,2025-05-31,2025-06-04,Desktop,Electronics,ABC Suppliers,Bangalore WH,Jaipur,Retail,18,45000,810000,839,Delivered,UPI
103026,2025-08-25,2025-08-27,Router,Networking,Tech World,Chennai WH,Bangalore,Retail,1,3500,3500,574,Delivered,Debit Card
103027,2025-10-19,2025-10-26,Keyboard,Accessories,XYZ Traders,Mumbai WH,Kolkata,Wholesale,13,900,11700,1502,Delivered,UPI
103028,2025-11-15,2025-11-18,Keyboard,Accessories,Prime Distributors,Hyderabad WH,Bangalore,Wholesale,14,900,12600,942,In Transit,Debit Card
103029,2025-09-25,2025-09-27,Office Desk,Furniture,Prime Distributors,Mumbai WH,Kolkata,Retail,4,15000,60000,920,Delivered,UPI
103030,2025-05-25,2025-05-29,Office Desk,Furniture,XYZ Traders,Chennai WH,Mumbai,Retail,11,15000,165000,2185,Delivered,Debit Card
103031,2025-08-09,2025-08-16,Scanner,Office Supplies,Prime Distributors,Chennai WH,Lucknow,Retail,8,12000,96000,2897,Delayed,Debit Card
103032,2025-01-11,2025-01-17,Monitor,Electronics,XYZ Traders,Delhi WH,Jaipur,Retail,6,12000,72000,528,Delivered,UPI
103033,2025-02-03,2025-02-06,Office Desk,Furniture,Prime Distributors,Delhi WH,Ahmedabad,Retail,4,15000,60000,2668,Delivered,Debit Card
103034,2025-11-08,2025-11-10,Hard Disk,Storage,Prime Distributors,Bangalore WH,Ahmedabad,Wholesale,1,4200,4200,2571,In Transit,Credit Card
103035,2025-09-06,2025-09-07,Laptop,Electronics,XYZ Traders,Chennai WH,Lucknow,Wholesale,2,55000,110000,2570,Delivered,Debit Card
103036,2025-09-30,2025-10-02,Switch,Networking,XYZ Traders,Chennai WH,Jaipur,Retail,11,6000,66000,365,Delivered,Debit Card
103037,2025-01-23,2025-01-27,Keyboard,Accessories,XYZ Traders,Chennai WH,Jaipur,Retail,6,900,5400,922,Delivered,Cash
103038,2025-05-16,2025-05-21,Office Desk,Furniture,ABC Suppliers,Bangalore WH,Hyderabad,Wholesale,13,15000,195000,2967,Delayed,Net Banking
103039,2025-11-21,2025-11-24,Router,Networking,Prime Distributors,Bangalore WH,Pune,Wholesale,14,3500,49000,1010,Delivered,UPI
103040,2025-05-09,2025-05-10,Printer,Office Supplies,ABC Suppliers,Bangalore WH,Ahmedabad,Retail,8,15000,120000,2112,Delivered,Net Banking
103041,2025-09-01,2025-09-06,SSD,Storage,Global Supply,Mumbai WH,Ahmedabad,Retail,4,5500,22000,2113,Delivered,UPI
103042,2025-09-10,2025-09-14,Scanner,Office Supplies,Global Supply,Chennai WH,Chennai,Retail,20,12000,240000,485,Delivered,UPI
103043,2025-04-14,2025-04-20,Printer,Office Supplies,Global Supply,Delhi WH,Delhi,Wholesale,20,15000,300000,1832,Delivered,Debit Card
103044,2025-03-28,2025-04-01,Hard Disk,Storage,Prime Distributors,Mumbai WH,Delhi,Retail,20,4200,84000,1443,Delivered,UPI
103045,2025-07-03,2025-07-04,Office Desk,Furniture,ABC Suppliers,Chennai WH,Chennai,Retail,15,15000,225000,1274,Delivered,Net Banking
103046,2025-09-15,2025-09-18,Monitor,Electronics,ABC Suppliers,Hyderabad WH,Kolkata,Retail,19,12000,228000,1940,Delivered,Cash
103047,2025-06-18,2025-06-20,Laptop,Electronics,Prime Distributors,Bangalore WH,Jaipur,Retail,7,55000,385000,2558,Delivered,Cash
103048,2025-11-16,2025-11-23,Switch,Networking,Tech World,Mumbai WH,Kolkata,Retail,19,6000,114000,2420,In Transit,Credit Card
103049,2025-01-06,2025-01-08,Scanner,Office Supplies,Prime Distributors,Bangalore WH,Chennai,Wholesale,9,12000,108000,411,Delivered,UPI
103050,2025-03-21,2025-03-25,Projector,Electronics,Tech World,Bangalore WH,Ahmedabad,Retail,5,40000,200000,1158,Delivered,Debit Card
103051,2025-10-04,2025-10-07,Router,Networking,ABC Suppliers,Chennai WH,Ahmedabad,Wholesale,17,3500,59500,1964,Delivered,Debit Card
103052,2025-06-12,2025-06-16,Switch,Networking,Tech World,Bangalore WH,Hyderabad,Retail,1,6000,6000,1928,Delivered,Credit Card
103053,2025-11-10,2025-11-17,Office Chair,Furniture,XYZ Traders,Delhi WH,Kolkata,Retail,9,8500,76500,971,Delivered,UPI
103054,2025-03-25,2025-04-01,SSD,Storage,Prime Distributors,Mumbai WH,Bangalore,Wholesale,4,5500,22000,1727,Delayed,Cash
103055,2025-01-12,2025-01-15,Monitor,Electronics,Global Supply,Hyderabad WH,Ahmedabad,Retail,16,12000,192000,2384,Cancelled,UPI
103056,2025-05-22,2025-05-26,Webcam,Accessories,ABC Suppliers,Hyderabad WH,Lucknow,Wholesale,8,2500,20000,2509,Cancelled,Credit Card
103057,2025-12-10,2025-12-17,Office Chair,Furniture,Global Supply,Chennai WH,Mumbai,Retail,17,8500,144500,1243,Delayed,Cash
103058,2025-11-13,2025-11-19,Office Desk,Furniture,Global Supply,Mumbai WH,Pune,Retail,8,15000,120000,1890,Delayed,Cash
103059,2025-08-21,2025-08-27,Router,Networking,Tech World,Delhi WH,Jaipur,Wholesale,1,3500,3500,1857,Delivered,Net Banking
103060,2025-11-30,2025-12-01,Router,Networking,Tech World,Hyderabad WH,Chennai,Retail,9,3500,31500,2748,Delivered,UPI
103061,2025-01-05,2025-01-09,Desktop,Electronics,ABC Suppliers,Chennai WH,Bangalore,Retail,3,45000,135000,1858,Delayed,UPI
103062,2025-10-16,2025-10-17,SSD,Storage,Global Supply,Hyderabad WH,Chennai,Retail,19,5500,104500,2896,In Transit,UPI
103063,2025-12-29,2026-01-04,Router,Networking,XYZ Traders,Chennai WH,Delhi,Wholesale,6,3500,21000,1059,In Transit,Cash
103064,2025-07-20,2025-07-27,Desktop,Electronics,Global Supply,Mumbai WH,Hyderabad,Wholesale,5,45000,225000,2763,Delivered,Credit Card
103065,2025-10-03,2025-10-10,Office Chair,Furniture,ABC Suppliers,Bangalore WH,Bangalore,Retail,3,8500,25500,897,Delivered,UPI
103066,2025-05-12,2025-05-16,Office Chair,Furniture,Tech World,Delhi WH,Chennai,Wholesale,11,8500,93500,2716,In Transit,Credit Card
103067,2025-07-24,2025-07-26,Desktop,Electronics,Tech World,Bangalore WH,Mumbai,Retail,8,45000,360000,445,Delivered,UPI
103068,2025-04-15,2025-04-19,Projector,Electronics,Prime Distributors,Mumbai WH,Mumbai,Retail,9,40000,360000,2105,Delivered,Cash
103069,2025-01-01,2025-01-05,Projector,Electronics,ABC Suppliers,Chennai WH,Mumbai,Wholesale,1,40000,40000,2063,Delayed,UPI
103070,2025-11-16,2025-11-23,Desktop,Electronics,Prime Distributors,Delhi WH,Hyderabad,Retail,4,45000,180000,690,Delivered,UPI
103071,2025-01-06,2025-01-11,Printer,Office Supplies,Prime Distributors,Bangalore WH,Hyderabad,Wholesale,4,15000,60000,731,Delayed,Debit Card
103072,2025-11-20,2025-11-23,Printer,Office Supplies,Prime Distributors,Delhi WH,Bangalore,Wholesale,9,15000,135000,1332,Delivered,UPI
103073,2025-05-01,2025-05-05,Office Desk,Furniture,Global Supply,Hyderabad WH,Hyderabad,Wholesale,12,15000,180000,2877,Delayed,Credit Card
103074,2025-10-11,2025-10-13,Scanner,Office Supplies,Prime Distributors,Mumbai WH,Chennai,Retail,17,12000,204000,1318,In Transit,Net Banking
103075,2025-12-18,2025-12-20,Hard Disk,Storage,ABC Suppliers,Hyderabad WH,Hyderabad,Wholesale,16,4200,67200,364,Delivered,Debit Card
103076,2025-03-20,2025-03-21,Switch,Networking,Tech World,Chennai WH,Lucknow,Wholesale,16,6000,96000,1486,Delivered,UPI
103077,2025-12-15,2025-12-17,SSD,Storage,Tech World,Mumbai WH,Delhi,Retail,3,5500,16500,2587,Delayed,Cash
103078,2025-01-04,2025-01-11,Mouse,Accessories,XYZ Traders,Mumbai WH,Pune,Retail,8,700,5600,1237,Delivered,UPI
103079,2025-10-20,2025-10-24,Laptop,Electronics,Tech World,Bangalore WH,Pune,Wholesale,13,55000,715000,2031,Delivered,Credit Card
103080,2025-05-10,2025-05-14,Hard Disk,Storage,Prime Distributors,Mumbai WH,Delhi,Retail,17,4200,71400,1707,Delivered,Debit Card
103081,2025-04-27,2025-04-30,SSD,Storage,XYZ Traders,Mumbai WH,Ahmedabad,Retail,3,5500,16500,2026,In Transit,Debit Card
103082,2025-10-03,2025-10-06,Office Desk,Furniture,ABC Suppliers,Bangalore WH,Pune,Wholesale,18,15000,270000,2205,Delivered,Debit Card
103083,2025-12-29,2026-01-05,Hard Disk,Storage,Global Supply,Chennai WH,Ahmedabad,Wholesale,11,4200,46200,561,Delivered,Cash
103084,2025-12-10,2025-12-16,Webcam,Accessories,Tech World,Chennai WH,Pune,Wholesale,18,2500,45000,2293,Delivered,Cash
103085,2025-11-28,2025-11-30,Office Chair,Furniture,Tech World,Chennai WH,Pune,Retail,10,8500,85000,1021,Delivered,Debit Card
103086,2025-12-09,2025-12-10,Mouse,Accessories,XYZ Traders,Bangalore WH,Jaipur,Wholesale,11,700,7700,2550,In Transit,UPI
103087,2025-03-21,2025-03-22,Scanner,Office Supplies,XYZ Traders,Delhi WH,Bangalore,Wholesale,12,12000,144000,2564,Delivered,Cash
103088,2025-11-11,2025-11-17,Keyboard,Accessories,Prime Distributors,Delhi WH,Delhi,Retail,16,900,14400,1766,Delivered,Debit Card
103089,2025-07-21,2025-07-27,Router,Networking,Prime Distributors,Mumbai WH,Chennai,Wholesale,9,3500,31500,1649,Cancelled,Debit Card
103090,2025-03-16,2025-03-23,Printer,Office Supplies,XYZ Traders,Hyderabad WH,Bangalore,Retail,7,15000,105000,1636,Delivered,UPI
103091,2025-12-16,2025-12-18,Scanner,Office Supplies,Global Supply,Mumbai WH,Chennai,Retail,11,12000,132000,2472,Cancelled,Debit Card
103092,2025-07-18,2025-07-24,Printer,Office Supplies,Prime Distributors,Delhi WH,Bangalore,Retail,5,15000,75000,1596,Delivered,Debit Card
103093,2025-04-14,2025-04-17,Desktop,Electronics,XYZ Traders,Delhi WH,Pune,Retail,9,45000,405000,1409,In Transit,Debit Card
103094,2025-02-13,2025-02-15,Office Chair,Furniture,Prime Distributors,Bangalore WH,Mumbai,Wholesale,7,8500,59500,2141,Delivered,UPI
103095,2025-07-07,2025-07-11,Printer,Office Supplies,XYZ Traders,Mumbai WH,Lucknow,Retail,1,15000,15000,1654,Delivered,UPI
103096,2025-10-09,2025-10-12,Projector,Electronics,Prime Distributors,Bangalore WH,Kolkata,Retail,18,40000,720000,1666,In Transit,Credit Card
103097,2025-10-08,2025-10-12,Laptop,Electronics,Global Supply,Mumbai WH,Chennai,Wholesale,2,55000,110000,1312,Cancelled,Credit Card
103098,2025-08-01,2025-08-05,Projector,Electronics,XYZ Traders,Mumbai WH,Delhi,Retail,18,40000,720000,1810,In Transit,Credit Card
103099,2025-11-24,2025-11-30,Scanner,Office Supplies,ABC Suppliers,Chennai WH,Kolkata,Retail,14,12000,168000,202,In Transit,Net Banking
103100,2025-04-21,2025-04-28,Scanner,Office Supplies,XYZ Traders,Delhi WH,Hyderabad,Wholesale,9,12000,108000,649,Delivered,UPI
103101,2025-04-04,2025-04-08,Webcam,Accessories,Global Supply,Bangalore WH,Hyderabad,Retail,6,2500,15000,2182,In Transit,Credit Card
103102,2025-12-05,2025-12-11,Laptop,Electronics,Prime Distributors,Delhi WH,Kolkata,Retail,16,55000,880000,1762,In Transit,UPI
103103,2025-04-26,2025-04-29,Monitor,Electronics,ABC Suppliers,Delhi WH,Chennai,Retail,11,12000,132000,520,Delivered,UPI
103104,2025-03-03,2025-03-05,Webcam,Accessories,Prime Distributors,Hyderabad WH,Pune,Wholesale,13,2500,32500,1663,Delivered,Credit Card
103105,2025-07-20,2025-07-21,Webcam,Accessories,XYZ Traders,Mumbai WH,Pune,Retail,18,2500,45000,2478,Delivered,Debit Card
103106,2025-06-25,2025-07-01,Keyboard,Accessories,ABC Suppliers,Delhi WH,Hyderabad,Retail,20,900,18000,1742,Delivered,Cash
103107,2025-03-21,2025-03-28,Office Desk,Furniture,ABC Suppliers,Chennai WH,Lucknow,Wholesale,2,15000,30000,2015,Delivered,Credit Card
103108,2025-04-24,2025-04-26,Laptop,Electronics,XYZ Traders,Chennai WH,Chennai,Wholesale,3,55000,165000,293,Delivered,UPI
103109,2025-11-30,2025-12-05,Switch,Networking,XYZ Traders,Hyderabad WH,Delhi,Wholesale,11,6000,66000,2766,Cancelled,Credit Card
103110,2025-03-06,2025-03-12,Keyboard,Accessories,ABC Suppliers,Mumbai WH,Hyderabad,Retail,8,900,7200,298,In Transit,Net Banking
103111,2025-04-08,2025-04-11,Mouse,Accessories,ABC Suppliers,Delhi WH,Pune,Retail,2,700,1400,2160,Delivered,UPI
103112,2025-04-24,2025-04-30,Mouse,Accessories,ABC Suppliers,Mumbai WH,Jaipur,Retail,12,700,8400,2923,Delivered,Credit Card
103113,2025-09-23,2025-09-30,SSD,Storage,Global Supply,Bangalore WH,Mumbai,Wholesale,20,5500,110000,1339,Delivered,Net Banking
103114,2025-06-03,2025-06-05,Office Desk,Furniture,Prime Distributors,Hyderabad WH,Kolkata,Retail,13,15000,195000,1795,In Transit,Net Banking
103115,2025-11-25,2025-12-02,Keyboard,Accessories,XYZ Traders,Mumbai WH,Lucknow,Wholesale,11,900,9900,725,In Transit,UPI
103116,2025-10-16,2025-10-22,Webcam,Accessories,Prime Distributors,Delhi WH,Delhi,Retail,16,2500,40000,1170,Delivered,Credit Card
103117,2025-09-04,2025-09-09,Desktop,Electronics,Global Supply,Chennai WH,Ahmedabad,Wholesale,14,45000,630000,355,Delivered,Net Banking
103118,2025-09-16,2025-09-22,Office Desk,Furniture,Tech World,Bangalore WH,Hyderabad,Wholesale,6,15000,90000,1631,Delivered,Cash
103119,2025-12-12,2025-12-17,Switch,Networking,Prime Distributors,Hyderabad WH,Bangalore,Wholesale,7,6000,42000,889,Delivered,Cash
103120,2025-10-30,2025-11-02,Office Chair,Furniture,ABC Suppliers,Chennai WH,Jaipur,Retail,13,8500,110500,1697,Delivered,Cash
103121,2025-08-29,2025-09-03,Mouse,Accessories,Tech World,Delhi WH,Lucknow,Retail,11,700,7700,713,Delayed,Debit Card
103122,2025-10-20,2025-10-22,Router,Networking,Tech World,Delhi WH,Delhi,Wholesale,10,3500,35000,1862,Delivered,UPI
103123,2025-05-25,2025-05-30,Mouse,Accessories,Tech World,Bangalore WH,Mumbai,Wholesale,12,700,8400,2560,Delivered,Cash
103124,2025-05-08,2025-05-15,Hard Disk,Storage,XYZ Traders,Hyderabad WH,Hyderabad,Wholesale,12,4200,50400,2912,Delivered,Credit Card
103125,2025-03-11,2025-03-14,Scanner,Office Supplies,ABC Suppliers,Chennai WH,Kolkata,Retail,19,12000,228000,1241,Delayed,Debit Card
103126,2025-06-15,2025-06-16,Office Desk,Furniture,Tech World,Bangalore WH,Jaipur,Retail,1,15000,15000,1283,Delivered,UPI
103127,2025-01-12,2025-01-16,Hard Disk,Storage,Prime Distributors,Delhi WH,Bangalore,Wholesale,3,4200,12600,2563,Delivered,Net Banking
103128,2025-04-04,2025-04-06,Webcam,Accessories,XYZ Traders,Mumbai WH,Mumbai,Retail,4,2500,10000,1887,In Transit,Credit Card
103129,2025-10-03,2025-10-06,Projector,Electronics,Tech World,Bangalore WH,Lucknow,Retail,18,40000,720000,537,Delivered,UPI
103130,2025-09-04,2025-09-11,Printer,Office Supplies,Global Supply,Chennai WH,Jaipur,Wholesale,17,15000,255000,2332,Delayed,Credit Card
103131,2025-06-22,2025-06-24,Projector,Electronics,Prime Distributors,Mumbai WH,Delhi,Retail,1,40000,40000,793,Delivered,UPI
103132,2025-07-06,2025-07-09,Desktop,Electronics,Prime Distributors,Delhi WH,Lucknow,Wholesale,18,45000,810000,949,Delivered,Cash
103133,2025-06-09,2025-06-16,Webcam,Accessories,Global Supply,Delhi WH,Mumbai,Retail,9,2500,22500,995,Delivered,Cash
103134,2025-11-25,2025-11-27,Laptop,Electronics,Tech World,Chennai WH,Kolkata,Wholesale,20,55000,1100000,1310,Delayed,Cash
103135,2025-01-17,2025-01-19,Hard Disk,Storage,XYZ Traders,Bangalore WH,Hyderabad,Retail,13,4200,54600,578,Delivered,UPI
103136,2025-04-01,2025-04-07,Switch,Networking,Tech World,Hyderabad WH,Delhi,Retail,4,6000,24000,2350,Delayed,Credit Card
103137,2025-01-11,2025-01-16,Scanner,Office Supplies,ABC Suppliers,Hyderabad WH,Mumbai,Retail,16,12000,192000,2817,Cancelled,Credit Card
103138,2025-11-17,2025-11-22,Office Desk,Furniture,XYZ Traders,Chennai WH,Lucknow,Wholesale,16,15000,240000,635,Delivered,Debit Card
103139,2025-12-09,2025-12-14,Webcam,Accessories,ABC Suppliers,Bangalore WH,Bangalore,Wholesale,13,2500,32500,793,Delivered,Net Banking
103140,2025-07-11,2025-07-13,Keyboard,Accessories,ABC Suppliers,Delhi WH,Delhi,Retail,5,900,4500,1481,Delivered,UPI
103141,2025-04-22,2025-04-28,Office Chair,Furniture,XYZ Traders,Bangalore WH,Ahmedabad,Wholesale,6,8500,51000,2380,Delivered,UPI
103142,2025-06-21,2025-06-22,Office Chair,Furniture,Tech World,Chennai WH,Lucknow,Wholesale,18,8500,153000,1487,Delayed,UPI
103143,2025-02-14,2025-02-20,Webcam,Accessories,Global Supply,Chennai WH,Mumbai,Wholesale,8,2500,20000,2704,Delivered,UPI
103144,2025-05-17,2025-05-22,Laptop,Electronics,XYZ Traders,Mumbai WH,Jaipur,Wholesale,2,55000,110000,1322,Delivered,Credit Card
103145,2025-11-16,2025-11-20,Office Chair,Furniture,XYZ Traders,Bangalore WH,Kolkata,Wholesale,19,8500,161500,883,In Transit,UPI
103146,2025-05-15,2025-05-17,Office Chair,Furniture,Prime Distributors,Mumbai WH,Lucknow,Wholesale,5,8500,42500,2750,Delivered,Cash
103147,2025-02-10,2025-02-12,Office Chair,Furniture,Tech World,Delhi WH,Ahmedabad,Wholesale,13,8500,110500,1722,Delivered,Credit Card
103148,2025-12-27,2026-01-02,Laptop,Electronics,Global Supply,Mumbai WH,Lucknow,Retail,16,55000,880000,1613,Delayed,Net Banking
103149,2025-08-14,2025-08-20,Mouse,Accessories,Global Supply,Mumbai WH,Kolkata,Wholesale,3,700,2100,2610,In Transit,Debit Card
103150,2025-10-25,2025-10-27,Mouse,Accessories,Global Supply,Hyderabad WH,Jaipur,Retail,9,700,6300,333,Delivered,Net Banking
103151,2025-06-28,2025-07-01,Webcam,Accessories,XYZ Traders,Chennai WH,Pune,Retail,10,2500,25000,367,Delivered,Debit Card
103152,2025-10-31,2025-11-01,Projector,Electronics,Global Supply,Chennai WH,Chennai,Retail,19,40000,760000,492,Delivered,UPI
103153,2025-02-21,2025-02-26,Mouse,Accessories,ABC Suppliers,Chennai WH,Ahmedabad,Retail,20,700,14000,2585,Delayed,Debit Card
103154,2025-03-12,2025-03-15,Office Desk,Furniture,XYZ Traders,Hyderabad WH,Chennai,Retail,2,15000,30000,1134,Delivered,Cash
103155,2025-12-31,2026-01-03,Monitor,Electronics,Global Supply,Hyderabad WH,Bangalore,Wholesale,19,12000,228000,939,Delivered,Net Banking
103156,2025-07-26,2025-08-01,Desktop,Electronics,Global Supply,Bangalore WH,Lucknow,Wholesale,11,45000,495000,878,Delivered,Debit Card
103157,2025-10-10,2025-10-15,Scanner,Office Supplies,ABC Suppliers,Delhi WH,Hyderabad,Wholesale,15,12000,180000,2943,Cancelled,UPI
103158,2025-08-02,2025-08-05,Scanner,Office Supplies,Global Supply,Delhi WH,Kolkata,Wholesale,9,12000,108000,2187,Delivered,UPI
103159,2025-07-17,2025-07-24,Projector,Electronics,ABC Suppliers,Hyderabad WH,Delhi,Retail,5,40000,200000,2030,In Transit,Debit Card
103160,2025-11-08,2025-11-15,Scanner,Office Supplies,XYZ Traders,Mumbai WH,Lucknow,Retail,10,12000,120000,324,Delivered,UPI
103161,2025-12-09,2025-12-15,Office Desk,Furniture,XYZ Traders,Bangalore WH,Kolkata,Retail,14,15000,210000,756,Delivered,Debit Card
103162,2025-11-02,2025-11-08,Projector,Electronics,Global Supply,Chennai WH,Chennai,Wholesale,17,40000,680000,925,Delivered,UPI
103163,2025-05-08,2025-05-09,Office Chair,Furniture,Global Supply,Delhi WH,Hyderabad,Retail,2,8500,17000,2219,Delayed,Credit Card
103164,2025-01-07,2025-01-13,Printer,Office Supplies,ABC Suppliers,Bangalore WH,Pune,Retail,3,15000,45000,1831,Delivered,Net Banking
103165,2025-01-21,2025-01-23,Hard Disk,Storage,Prime Distributors,Delhi WH,Ahmedabad,Retail,8,4200,33600,2221,Delivered,UPI
103166,2025-03-26,2025-03-29,Webcam,Accessories,Prime Distributors,Chennai WH,Hyderabad,Wholesale,4,2500,10000,1765,Delivered,Net Banking
103167,2025-08-12,2025-08-19,Projector,Electronics,Prime Distributors,Bangalore WH,Hyderabad,Retail,18,40000,720000,849,Delivered,Credit Card
103168,2025-09-12,2025-09-19,Mouse,Accessories,Global Supply,Mumbai WH,Jaipur,Wholesale,12,700,8400,549,Delivered,UPI
103169,2025-04-29,2025-05-03,Printer,Office Supplies,Global Supply,Chennai WH,Pune,Retail,12,15000,180000,901,Delivered,Cash
103170,2025-08-27,2025-08-30,Router,Networking,ABC Suppliers,Bangalore WH,Bangalore,Wholesale,20,3500,70000,2419,Delayed,Debit Card
103171,2025-11-10,2025-11-17,Keyboard,Accessories,XYZ Traders,Mumbai WH,Jaipur,Wholesale,4,900,3600,1918,Delivered,Cash
103172,2025-04-26,2025-05-01,Laptop,Electronics,Global Supply,Bangalore WH,Delhi,Retail,1,55000,55000,1999,Delayed,Credit Card
103173,2025-11-16,2025-11-23,Printer,Office Supplies,Prime Distributors,Delhi WH,Bangalore,Wholesale,6,15000,90000,1292,Delivered,UPI
103174,2025-07-26,2025-07-30,Office Desk,Furniture,Global Supply,Bangalore WH,Ahmedabad,Wholesale,16,15000,240000,331,Delivered,Debit Card
103175,2025-01-01,2025-01-02,Scanner,Office Supplies,Prime Distributors,Hyderabad WH,Jaipur,Retail,15,12000,180000,362,Delivered,Credit Card
103176,2025-01-26,2025-02-01,Scanner,Office Supplies,ABC Suppliers,Chennai WH,Chennai,Retail,16,12000,192000,1872,Delayed,Cash
103177,2025-09-05,2025-09-09,Hard Disk,Storage,Prime Distributors,Chennai WH,Pune,Wholesale,13,4200,54600,605,Delayed,UPI
103178,2025-07-05,2025-07-07,Printer,Office Supplies,XYZ Traders,Chennai WH,Bangalore,Wholesale,5,15000,75000,1263,In Transit,Cash
103179,2025-11-16,2025-11-21,Printer,Office Supplies,ABC Suppliers,Mumbai WH,Pune,Retail,6,15000,90000,1363,In Transit,Credit Card
103180,2025-07-11,2025-07-17,Switch,Networking,Prime Distributors,Delhi WH,Mumbai,Retail,20,6000,120000,1520,Delivered,Credit Card
103181,2025-12-27,2025-12-28,Office Chair,Furniture,Prime Distributors,Bangalore WH,Pune,Retail,16,8500,136000,1585,Delivered,Credit Card
103182,2025-08-31,2025-09-03,Projector,Electronics,Tech World,Bangalore WH,Hyderabad,Retail,5,40000,200000,874,Delivered,Credit Card
103183,2025-05-10,2025-05-12,Office Desk,Furniture,ABC Suppliers,Bangalore WH,Jaipur,Wholesale,5,15000,75000,2079,Delayed,Debit Card
103184,2025-01-16,2025-01-18,Printer,Office Supplies,ABC Suppliers,Chennai WH,Lucknow,Wholesale,5,15000,75000,2413,In Transit,Debit Card
103185,2025-03-11,2025-03-16,Office Desk,Furniture,Tech World,Delhi WH,Mumbai,Retail,13,15000,195000,2296,Delivered,Net Banking
103186,2025-02-19,2025-02-20,Desktop,Electronics,Prime Distributors,Delhi WH,Ahmedabad,Wholesale,7,45000,315000,1228,In Transit,Credit Card
103187,2025-10-23,2025-10-24,Office Chair,Furniture,Prime Distributors,Chennai WH,Jaipur,Wholesale,7,8500,59500,1710,In Transit,Credit Card
103188,2025-08-13,2025-08-14,Mouse,Accessories,ABC Suppliers,Chennai WH,Delhi,Retail,18,700,12600,1136,Cancelled,Cash
103189,2025-03-17,2025-03-22,Hard Disk,Storage,Tech World,Mumbai WH,Bangalore,Wholesale,8,4200,33600,1628,Delivered,Credit Card
103190,2025-06-01,2025-06-05,Mouse,Accessories,ABC Suppliers,Hyderabad WH,Kolkata,Retail,2,700,1400,1020,Delivered,UPI
103191,2025-09-08,2025-09-14,Laptop,Electronics,ABC Suppliers,Bangalore WH,Pune,Wholesale,20,55000,1100000,490,Delivered,Credit Card
103192,2025-10-13,2025-10-20,Desktop,Electronics,Tech World,Mumbai WH,Lucknow,Retail,9,45000,405000,2809,Delivered,Credit Card
103193,2025-03-28,2025-04-03,Office Chair,Furniture,ABC Suppliers,Mumbai WH,Mumbai,Wholesale,2,8500,17000,347,Cancelled,Cash
103194,2025-04-07,2025-04-12,Projector,Electronics,ABC Suppliers,Chennai WH,Hyderabad,Wholesale,3,40000,120000,373,Delivered,UPI
103195,2025-04-11,2025-04-15,Office Chair,Furniture,XYZ Traders,Mumbai WH,Hyderabad,Wholesale,17,8500,144500,754,Delivered,Cash
103196,2025-10-15,2025-10-18,Desktop,Electronics,ABC Suppliers,Hyderabad WH,Chennai,Wholesale,14,45000,630000,1107,Delivered,Net Banking
103197,2025-05-07,2025-05-13,Mouse,Accessories,Prime Distributors,Hyderabad WH,Lucknow,Retail,11,700,7700,2677,Delivered,UPI
103198,2025-01-04,2025-01-08,Laptop,Electronics,ABC Suppliers,Mumbai WH,Pune,Wholesale,1,55000,55000,1351,Delivered,UPI
103199,2025-07-10,2025-07-14,Office Desk,Furniture,ABC Suppliers,Hyderabad WH,Jaipur,Retail,3,15000,45000,1142,In Transit,UPI
103200,2025-02-16,2025-02-22,Webcam,Accessories,Global Supply,Bangalore WH,Pune,Wholesale,16,2500,40000,390,Delivered,Cash
103201,2025-05-08,2025-05-14,Webcam,Accessories,Tech World,Hyderabad WH,Lucknow,Wholesale,18,2500,45000,428,Delivered,UPI
103202,2025-05-25,2025-06-01,Desktop,Electronics,Global Supply,Chennai WH,Chennai,Retail,12,45000,540000,1338,Delivered,Cash
103203,2025-06-16,2025-06-23,Desktop,Electronics,Tech World,Bangalore WH,Bangalore,Wholesale,12,45000,540000,2874,Delivered,Credit Card
103204,2025-08-03,2025-08-04,Hard Disk,Storage,XYZ Traders,Chennai WH,Mumbai,Wholesale,15,4200,63000,359,Delivered,Cash
103205,2025-09-02,2025-09-05,Desktop,Electronics,Tech World,Bangalore WH,Jaipur,Wholesale,12,45000,540000,2594,Delivered,Net Banking
103206,2025-11-20,2025-11-25,Switch,Networking,ABC Suppliers,Hyderabad WH,Chennai,Wholesale,11,6000,66000,730,Delivered,Net Banking
103207,2025-10-20,2025-10-26,Switch,Networking,XYZ Traders,Chennai WH,Pune,Retail,12,6000,72000,2143,Delivered,Credit Card
103208,2025-12-09,2025-12-13,Projector,Electronics,ABC Suppliers,Bangalore WH,Kolkata,Wholesale,18,40000,720000,1349,Delivered,Net Banking
103209,2025-03-07,2025-03-13,Office Desk,Furniture,Prime Distributors,Hyderabad WH,Lucknow,Retail,17,15000,255000,1222,Delivered,Credit Card
103210,2025-12-27,2025-12-28,Projector,Electronics,XYZ Traders,Chennai WH,Kolkata,Retail,5,40000,200000,1612,Delayed,Credit Card
103211,2025-11-20,2025-11-24,Webcam,Accessories,Global Supply,Delhi WH,Chennai,Wholesale,9,2500,22500,217,Delivered,Net Banking
103212,2025-06-13,2025-06-17,Router,Networking,XYZ Traders,Delhi WH,Kolkata,Retail,1,3500,3500,1085,Delivered,Credit Card
103213,2025-11-05,2025-11-09,Office Desk,Furniture,ABC Suppliers,Mumbai WH,Mumbai,Wholesale,20,15000,300000,1491,In Transit,Debit Card
103214,2025-07-10,2025-07-14,Laptop,Electronics,Prime Distributors,Mumbai WH,Lucknow,Wholesale,9,55000,495000,1478,Delivered,UPI
103215,2025-05-29,2025-06-05,Mouse,Accessories,Global Supply,Hyderabad WH,Bangalore,Wholesale,11,700,7700,2564,Delivered,Debit Card
103216,2025-06-02,2025-06-03,Desktop,Electronics,ABC Suppliers,Chennai WH,Chennai,Retail,14,45000,630000,1161,Delivered,Cash
103217,2025-12-25,2025-12-30,Keyboard,Accessories,Tech World,Hyderabad WH,Pune,Wholesale,7,900,6300,827,In Transit,UPI
103218,2025-03-25,2025-03-28,Projector,Electronics,Tech World,Mumbai WH,Lucknow,Wholesale,15,40000,600000,759,Delivered,Credit Card
103219,2025-05-14,2025-05-21,Printer,Office Supplies,Tech World,Bangalore WH,Lucknow,Wholesale,9,15000,135000,544,Delivered,UPI
103220,2025-11-24,2025-11-30,Router,Networking,Prime Distributors,Mumbai WH,Hyderabad,Retail,9,3500,31500,1005,In Transit,Debit Card
103221,2025-07-23,2025-07-27,Keyboard,Accessories,Prime Distributors,Hyderabad WH,Mumbai,Wholesale,11,900,9900,825,Delivered,UPI
103222,2025-07-13,2025-07-14,Printer,Office Supplies,XYZ Traders,Chennai WH,Hyderabad,Wholesale,10,15000,150000,2605,Cancelled,Credit Card
103223,2025-09-04,2025-09-05,Laptop,Electronics,Tech World,Bangalore WH,Chennai,Wholesale,18,55000,990000,1712,Delivered,Credit Card
103224,2025-12-18,2025-12-24,Mouse,Accessories,Prime Distributors,Mumbai WH,Chennai,Retail,12,700,8400,509,Delivered,UPI
103225,2025-10-12,2025-10-17,Switch,Networking,Global Supply,Mumbai WH,Delhi,Retail,15,6000,90000,474,In Transit,Credit Card
103226,2025-08-09,2025-08-13,SSD,Storage,XYZ Traders,Bangalore WH,Jaipur,Wholesale,5,5500,27500,2907,Delivered,Net Banking
103227,2025-02-28,2025-03-02,Office Desk,Furniture,XYZ Traders,Hyderabad WH,Pune,Wholesale,5,15000,75000,1902,Delivered,UPI
103228,2025-01-15,2025-01-18,Mouse,Accessories,Tech World,Delhi WH,Delhi,Wholesale,3,700,2100,653,In Transit,Net Banking
103229,2025-07-14,2025-07-16,Printer,Office Supplies,Prime Distributors,Chennai WH,Delhi,Retail,3,15000,45000,998,Delivered,UPI
103230,2025-03-05,2025-03-08,Switch,Networking,Prime Distributors,Chennai WH,Mumbai,Wholesale,16,6000,96000,480,Delivered,UPI
103231,2025-12-04,2025-12-06,Scanner,Office Supplies,Prime Distributors,Chennai WH,Ahmedabad,Retail,19,12000,228000,2134,Delivered,UPI
103232,2025-08-16,2025-08-18,Laptop,Electronics,Tech World,Mumbai WH,Lucknow,Wholesale,12,55000,660000,2004,Delivered,Credit Card
103233,2025-08-24,2025-08-26,Webcam,Accessories,Tech World,Bangalore WH,Jaipur,Wholesale,8,2500,20000,406,In Transit,Credit Card
103234,2025-04-22,2025-04-25,Scanner,Office Supplies,Global Supply,Delhi WH,Pune,Retail,11,12000,132000,405,Delivered,Debit Card
103235,2025-10-11,2025-10-16,Office Chair,Furniture,Tech World,Hyderabad WH,Chennai,Wholesale,17,8500,144500,1647,Delivered,Debit Card
103236,2025-11-02,2025-11-09,Hard Disk,Storage,Prime Distributors,Delhi WH,Kolkata,Retail,9,4200,37800,1002,Delivered,UPI
103237,2025-02-27,2025-03-01,Office Chair,Furniture,Tech World,Chennai WH,Chennai,Wholesale,16,8500,136000,2489,In Transit,Debit Card
103238,2025-02-14,2025-02-21,Office Desk,Furniture,ABC Suppliers,Delhi WH,Bangalore,Retail,8,15000,120000,2874,Delayed,Net Banking
103239,2025-01-21,2025-01-28,Router,Networking,Prime Distributors,Chennai WH,Bangalore,Retail,19,3500,66500,1667,Delayed,Net Banking
103240,2025-04-29,2025-05-06,Monitor,Electronics,Global Supply,Hyderabad WH,Delhi,Wholesale,1,12000,12000,927,Delivered,Credit Card
103241,2025-09-28,2025-09-30,Mouse,Accessories,ABC Suppliers,Delhi WH,Bangalore,Retail,1,700,700,2378,Delivered,Net Banking
103242,2025-06-16,2025-06-20,Hard Disk,Storage,Global Supply,Hyderabad WH,Jaipur,Wholesale,16,4200,67200,1638,Delivered,Cash
103243,2025-08-26,2025-09-02,Monitor,Electronics,ABC Suppliers,Delhi WH,Pune,Retail,5,12000,60000,1697,Delivered,Credit Card
103244,2025-03-04,2025-03-07,Mouse,Accessories,Tech World,Hyderabad WH,Ahmedabad,Retail,19,700,13300,2832,In Transit,Cash
103245,2025-10-02,2025-10-09,Office Chair,Furniture,ABC Suppliers,Mumbai WH,Hyderabad,Retail,2,8500,17000,2969,Delivered,UPI
103246,2025-11-27,2025-12-04,SSD,Storage,Prime Distributors,Hyderabad WH,Chennai,Retail,14,5500,77000,1623,Delivered,Net Banking
103247,2025-01-16,2025-01-23,Laptop,Electronics,Tech World,Mumbai WH,Chennai,Wholesale,1,55000,55000,1117,In Transit,Cash
103248,2025-01-29,2025-02-02,Printer,Office Supplies,XYZ Traders,Mumbai WH,Chennai,Wholesale,17,15000,255000,1916,Delivered,Credit Card
103249,2025-07-13,2025-07-14,Printer,Office Supplies,Global Supply,Delhi WH,Lucknow,Retail,9,15000,135000,883,Delayed,Debit Card
103250,2025-05-18,2025-05-23,SSD,Storage,Tech World,Chennai WH,Pune,Wholesale,8,5500,44000,2013,Delivered,UPI
103251,2025-04-20,2025-04-25,Keyboard,Accessories,XYZ Traders,Delhi WH,Chennai,Wholesale,5,900,4500,1644,Cancelled,Cash
103252,2025-06-21,2025-06-28,Projector,Electronics,Prime Distributors,Chennai WH,Hyderabad,Wholesale,11,40000,440000,1169,Delivered,Debit Card
103253,2025-10-04,2025-10-07,Keyboard,Accessories,Tech World,Bangalore WH,Jaipur,Wholesale,12,900,10800,289,Delivered,UPI
103254,2025-02-04,2025-02-07,Hard Disk,Storage,XYZ Traders,Bangalore WH,Hyderabad,Retail,4,4200,16800,1440,In Transit,Credit Card
103255,2025-08-28,2025-08-29,Office Chair,Furniture,Tech World,Hyderabad WH,Hyderabad,Wholesale,4,8500,34000,956,Delivered,Cash
103256,2025-02-01,2025-02-08,Switch,Networking,ABC Suppliers,Chennai WH,Ahmedabad,Wholesale,9,6000,54000,2202,Delivered,Debit Card
103257,2025-07-25,2025-07-29,SSD,Storage,Tech World,Hyderabad WH,Kolkata,Wholesale,15,5500,82500,1862,Delivered,Cash
103258,2025-02-27,2025-03-05,Office Chair,Furniture,XYZ Traders,Mumbai WH,Mumbai,Retail,1,8500,8500,557,Cancelled,Net Banking
103259,2025-01-20,2025-01-21,Scanner,Office Supplies,XYZ Traders,Hyderabad WH,Bangalore,Retail,19,12000,228000,1361,Delivered,Credit Card
103260,2025-04-08,2025-04-13,Hard Disk,Storage,Global Supply,Chennai WH,Bangalore,Retail,8,4200,33600,2452,Delivered,Cash
103261,2025-12-12,2025-12-18,Keyboard,Accessories,ABC Suppliers,Bangalore WH,Chennai,Retail,20,900,18000,1475,Delivered,UPI
103262,2025-04-19,2025-04-23,Keyboard,Accessories,ABC Suppliers,Delhi WH,Bangalore,Wholesale,6,900,5400,567,Delayed,Debit Card
103263,2025-01-15,2025-01-21,Switch,Networking,ABC Suppliers,Mumbai WH,Pune,Retail,6,6000,36000,606,Delivered,Debit Card
103264,2025-01-13,2025-01-20,Office Chair,Furniture,Prime Distributors,Bangalore WH,Pune,Retail,14,8500,119000,1331,In Transit,Debit Card
103265,2025-01-21,2025-01-22,Laptop,Electronics,Prime Distributors,Mumbai WH,Mumbai,Retail,10,55000,550000,1791,Delivered,Cash
103266,2025-09-13,2025-09-18,Scanner,Office Supplies,XYZ Traders,Mumbai WH,Kolkata,Wholesale,13,12000,156000,2033,Delivered,UPI
103267,2025-02-18,2025-02-20,Switch,Networking,ABC Suppliers,Bangalore WH,Jaipur,Wholesale,11,6000,66000,2590,Delayed,Credit Card
103268,2025-01-09,2025-01-14,Hard Disk,Storage,ABC Suppliers,Delhi WH,Pune,Retail,8,4200,33600,1071,In Transit,Credit Card
103269,2025-07-26,2025-07-27,Printer,Office Supplies,ABC Suppliers,Delhi WH,Jaipur,Wholesale,16,15000,240000,1077,Delivered,Cash
103270,2025-11-17,2025-11-22,Scanner,Office Supplies,ABC Suppliers,Delhi WH,Lucknow,Wholesale,11,12000,132000,950,Delivered,UPI
103271,2025-09-01,2025-09-03,Switch,Networking,ABC Suppliers,Chennai WH,Mumbai,Retail,5,6000,30000,1131,In Transit,Net Banking
103272,2025-04-26,2025-05-02,Mouse,Accessories,ABC Suppliers,Mumbai WH,Ahmedabad,Wholesale,19,700,13300,1066,Delivered,Debit Card
103273,2025-03-28,2025-04-04,Mouse,Accessories,ABC Suppliers,Mumbai WH,Bangalore,Wholesale,20,700,14000,1898,Delivered,Cash
103274,2025-11-14,2025-11-21,Scanner,Office Supplies,ABC Suppliers,Chennai WH,Bangalore,Retail,9,12000,108000,2184,Delivered,UPI
103275,2025-01-20,2025-01-22,Printer,Office Supplies,Prime Distributors,Hyderabad WH,Jaipur,Retail,10,15000,150000,2396,Delivered,Debit Card
103276,2025-04-18,2025-04-23,Projector,Electronics,ABC Suppliers,Bangalore WH,Chennai,Wholesale,14,40000,560000,1596,Delivered,Debit Card
103277,2025-03-11,2025-03-17,Laptop,Electronics,Tech World,Bangalore WH,Kolkata,Retail,13,55000,715000,444,Delivered,Cash
103278,2025-09-02,2025-09-04,Office Chair,Furniture,Global Supply,Mumbai WH,Lucknow,Wholesale,14,8500,119000,1504,Delivered,Credit Card
103279,2025-01-03,2025-01-05,Webcam,Accessories,XYZ Traders,Hyderabad WH,Chennai,Wholesale,13,2500,32500,2376,Delivered,Debit Card
103280,2025-08-02,2025-08-05,Desktop,Electronics,Tech World,Bangalore WH,Delhi,Retail,5,45000,225000,1481,Delivered,UPI
103281,2025-08-25,2025-08-29,Printer,Office Supplies,ABC Suppliers,Hyderabad WH,Ahmedabad,Wholesale,16,15000,240000,889,Delivered,Credit Card
103282,2025-05-02,2025-05-07,Laptop,Electronics,Global Supply,Delhi WH,Delhi,Wholesale,17,55000,935000,707,Delivered,UPI
103283,2025-06-22,2025-06-26,Mouse,Accessories,Tech World,Bangalore WH,Mumbai,Wholesale,18,700,12600,671,Delayed,Debit Card
103284,2025-09-01,2025-09-04,SSD,Storage,Tech World,Mumbai WH,Kolkata,Wholesale,18,5500,99000,2156,Delivered,Cash
103285,2025-08-19,2025-08-24,Office Desk,Furniture,Tech World,Chennai WH,Ahmedabad,Retail,3,15000,45000,2575,Delivered,Cash
103286,2025-01-18,2025-01-24,Office Chair,Furniture,Global Supply,Delhi WH,Mumbai,Retail,13,8500,110500,2785,Delivered,Cash
103287,2025-12-13,2025-12-20,Monitor,Electronics,Prime Distributors,Hyderabad WH,Delhi,Wholesale,19,12000,228000,1959,Delayed,UPI
103288,2025-03-19,2025-03-25,Webcam,Accessories,ABC Suppliers,Delhi WH,Jaipur,Wholesale,13,2500,32500,1976,Delayed,Cash
103289,2025-03-26,2025-03-27,Webcam,Accessories,Tech World,Delhi WH,Delhi,Retail,6,2500,15000,342,Delayed,Cash
103290,2025-01-04,2025-01-07,Mouse,Accessories,Tech World,Mumbai WH,Mumbai,Wholesale,7,700,4900,1481,Cancelled,Credit Card
103291,2025-04-21,2025-04-25,Mouse,Accessories,Global Supply,Chennai WH,Lucknow,Retail,8,700,5600,1158,Delivered,UPI
103292,2025-04-26,2025-04-29,Hard Disk,Storage,ABC Suppliers,Hyderabad WH,Lucknow,Retail,1,4200,4200,363,Delivered,Cash
103293,2025-10-23,2025-10-24,Office Chair,Furniture,Prime Distributors,Bangalore WH,Kolkata,Retail,17,8500,144500,2504,Delivered,Cash
103294,2025-06-13,2025-06-20,Webcam,Accessories,ABC Suppliers,Chennai WH,Pune,Wholesale,13,2500,32500,756,Delayed,Cash
103295,2025-09-27,2025-10-01,SSD,Storage,XYZ Traders,Hyderabad WH,Kolkata,Retail,15,5500,82500,1194,In Transit,Net Banking
103296,2025-05-04,2025-05-06,Projector,Electronics,XYZ Traders,Delhi WH,Ahmedabad,Retail,13,40000,520000,2012,Delivered,Credit Card
103297,2025-02-09,2025-02-12,Laptop,Electronics,ABC Suppliers,Delhi WH,Kolkata,Retail,15,55000,825000,2971,Delivered,Net Banking
103298,2025-09-01,2025-09-07,Monitor,Electronics,XYZ Traders,Chennai WH,Hyderabad,Retail,10,12000,120000,2110,Delivered,Debit Card
103299,2025-03-10,2025-03-12,Office Desk,Furniture,Prime Distributors,Chennai WH,Chennai,Wholesale,16,15000,240000,224,Delivered,UPI
103300,2025-01-26,2025-01-29,Mouse,Accessories,Global Supply,Mumbai WH,Bangalore,Retail,14,700,9800,2755,Delivered,Credit Card
103301,2025-04-20,2025-04-25,SSD,Storage,ABC Suppliers,Hyderabad WH,Kolkata,Wholesale,8,5500,44000,2290,Delivered,Net Banking
103302,2025-12-03,2025-12-06,Desktop,Electronics,XYZ Traders,Mumbai WH,Delhi,Retail,14,45000,630000,2323,In Transit,Debit Card
103303,2025-02-09,2025-02-14,Keyboard,Accessories,Global Supply,Hyderabad WH,Jaipur,Retail,5,900,4500,459,Cancelled,UPI
103304,2025-06-15,2025-06-20,Keyboard,Accessories,Global Supply,Chennai WH,Kolkata,Retail,1,900,900,928,Delivered,UPI
103305,2025-05-27,2025-06-01,SSD,Storage,XYZ Traders,Delhi WH,Delhi,Wholesale,14,5500,77000,2724,Delivered,UPI
103306,2025-06-12,2025-06-18,Keyboard,Accessories,Tech World,Delhi WH,Pune,Wholesale,3,900,2700,1204,Delayed,Credit Card
103307,2025-12-28,2025-12-30,Hard Disk,Storage,Global Supply,Chennai WH,Lucknow,Retail,1,4200,4200,634,Delivered,UPI
103308,2025-12-09,2025-12-10,Laptop,Electronics,XYZ Traders,Hyderabad WH,Pune,Retail,18,55000,990000,2153,Delivered,Debit Card
103309,2025-05-11,2025-05-12,Mouse,Accessories,Prime Distributors,Hyderabad WH,Hyderabad,Retail,6,700,4200,638,Delivered,Debit Card
103310,2025-07-28,2025-07-31,Scanner,Office Supplies,Prime Distributors,Chennai WH,Lucknow,Retail,18,12000,216000,618,Delivered,Net Banking
103311,2025-02-01,2025-02-03,Desktop,Electronics,XYZ Traders,Chennai WH,Lucknow,Wholesale,16,45000,720000,2312,Delivered,Cash
103312,2025-10-26,2025-10-31,Scanner,Office Supplies,Tech World,Hyderabad WH,Bangalore,Wholesale,5,12000,60000,2486,Delivered,Cash
103313,2025-07-10,2025-07-16,Mouse,Accessories,Global Supply,Hyderabad WH,Hyderabad,Retail,18,700,12600,2280,Delivered,Credit Card
103314,2025-01-25,2025-01-26,Office Desk,Furniture,Global Supply,Hyderabad WH,Kolkata,Retail,4,15000,60000,2998,In Transit,Credit Card
103315,2025-01-07,2025-01-11,Monitor,Electronics,XYZ Traders,Delhi WH,Jaipur,Wholesale,9,12000,108000,1480,Delivered,Credit Card
103316,2025-04-24,2025-04-29,Router,Networking,Prime Distributors,Mumbai WH,Delhi,Retail,4,3500,14000,370,Delayed,Credit Card
103317,2025-12-12,2025-12-19,Mouse,Accessories,Prime Distributors,Chennai WH,Kolkata,Wholesale,11,700,7700,1356,Delivered,UPI
103318,2025-04-19,2025-04-24,Switch,Networking,ABC Suppliers,Chennai WH,Ahmedabad,Wholesale,18,6000,108000,2268,Delivered,Debit Card
103319,2025-07-29,2025-08-05,Webcam,Accessories,XYZ Traders,Bangalore WH,Mumbai,Retail,17,2500,42500,1048,In Transit,Credit Card
103320,2025-09-25,2025-10-01,Router,Networking,XYZ Traders,Bangalore WH,Hyderabad,Retail,3,3500,10500,2893,Delivered,UPI
103321,2025-11-11,2025-11-14,Mouse,Accessories,XYZ Traders,Bangalore WH,Kolkata,Retail,8,700,5600,628,In Transit,Cash
103322,2025-07-09,2025-07-14,Webcam,Accessories,Tech World,Bangalore WH,Mumbai,Retail,16,2500,40000,1115,In Transit,Net Banking
103323,2025-03-30,2025-03-31,Router,Networking,Tech World,Hyderabad WH,Pune,Retail,9,3500,31500,256,Delayed,Net Banking
103324,2025-09-05,2025-09-06,SSD,Storage,XYZ Traders,Bangalore WH,Bangalore,Wholesale,18,5500,99000,2743,Delivered,UPI
103325,2025-01-30,2025-02-05,Office Desk,Furniture,Tech World,Hyderabad WH,Chennai,Retail,11,15000,165000,1780,Delivered,Debit Card
103326,2025-05-13,2025-05-17,Projector,Electronics,XYZ Traders,Chennai WH,Lucknow,Wholesale,2,40000,80000,1915,Delivered,Cash
103327,2025-08-10,2025-08-17,Office Desk,Furniture,Tech World,Hyderabad WH,Chennai,Retail,4,15000,60000,2889,Cancelled,Credit Card
103328,2025-10-30,2025-11-04,Keyboard,Accessories,XYZ Traders,Delhi WH,Ahmedabad,Retail,9,900,8100,2957,Delivered,Cash
103329,2025-07-16,2025-07-20,Printer,Office Supplies,Prime Distributors,Hyderabad WH,Lucknow,Wholesale,16,15000,240000,2994,Delivered,UPI
103330,2025-07-10,2025-07-17,Switch,Networking,Global Supply,Chennai WH,Mumbai,Retail,6,6000,36000,2473,In Transit,Debit Card
103331,2025-04-28,2025-05-02,Desktop,Electronics,ABC Suppliers,Delhi WH,Ahmedabad,Retail,16,45000,720000,441,Delivered,Debit Card
103332,2025-06-18,2025-06-21,SSD,Storage,ABC Suppliers,Chennai WH,Delhi,Retail,6,5500,33000,465,Delivered,Net Banking
103333,2025-01-29,2025-02-02,Projector,Electronics,Prime Distributors,Delhi WH,Jaipur,Retail,6,40000,240000,1597,Delivered,UPI
103334,2025-12-02,2025-12-05,Switch,Networking,XYZ Traders,Chennai WH,Bangalore,Wholesale,8,6000,48000,2704,Delivered,UPI
103335,2025-09-07,2025-09-13,SSD,Storage,ABC Suppliers,Delhi WH,Hyderabad,Wholesale,4,5500,22000,2360,In Transit,Net Banking
103336,2025-06-03,2025-06-08,Webcam,Accessories,ABC Suppliers,Delhi WH,Mumbai,Retail,20,2500,50000,1569,Delivered,UPI
103337,2025-03-19,2025-03-21,Office Desk,Furniture,Tech World,Delhi WH,Delhi,Wholesale,5,15000,75000,716,Cancelled,Cash
103338,2025-05-27,2025-05-30,Office Desk,Furniture,XYZ Traders,Delhi WH,Jaipur,Retail,17,15000,255000,1592,Delivered,Cash
103339,2025-01-31,2025-02-04,Monitor,Electronics,ABC Suppliers,Bangalore WH,Pune,Wholesale,4,12000,48000,2722,In Transit,Credit Card
103340,2025-12-08,2025-12-15,Printer,Office Supplies,Prime Distributors,Bangalore WH,Pune,Retail,19,15000,285000,469,In Transit,Credit Card
103341,2025-06-03,2025-06-10,Mouse,Accessories,ABC Suppliers,Hyderabad WH,Bangalore,Wholesale,8,700,5600,356,In Transit,Credit Card
103342,2025-08-13,2025-08-20,Mouse,Accessories,XYZ Traders,Delhi WH,Hyderabad,Wholesale,1,700,700,2931,In Transit,Debit Card
103343,2025-02-09,2025-02-13,SSD,Storage,Global Supply,Bangalore WH,Pune,Retail,20,5500,110000,2743,Delivered,Debit Card
103344,2025-04-28,2025-05-02,Router,Networking,Tech World,Bangalore WH,Chennai,Wholesale,19,3500,66500,1192,Delivered,Debit Card
103345,2025-11-19,2025-11-21,Projector,Electronics,Prime Distributors,Bangalore WH,Delhi,Wholesale,17,40000,680000,963,In Transit,Cash
103346,2025-02-20,2025-02-27,Office Chair,Furniture,Global Supply,Bangalore WH,Chennai,Retail,16,8500,136000,1098,Delivered,Credit Card
103347,2025-03-26,2025-04-02,Mouse,Accessories,Tech World,Mumbai WH,Bangalore,Retail,6,700,4200,2820,Delivered,Debit Card
103348,2025-07-16,2025-07-17,Office Desk,Furniture,ABC Suppliers,Mumbai WH,Delhi,Wholesale,12,15000,180000,2106,Delivered,Debit Card
103349,2025-04-11,2025-04-13,Laptop,Electronics,Tech World,Mumbai WH,Chennai,Wholesale,8,55000,440000,1130,Delivered,Debit Card
103350,2025-01-27,2025-01-31,Router,Networking,XYZ Traders,Mumbai WH,Delhi,Wholesale,10,3500,35000,759,Delivered,Cash
103351,2025-09-19,2025-09-22,Printer,Office Supplies,ABC Suppliers,Hyderabad WH,Mumbai,Retail,3,15000,45000,2572,Delivered,Debit Card
103352,2025-07-14,2025-07-16,Webcam,Accessories,Prime Distributors,Mumbai WH,Hyderabad,Wholesale,13,2500,32500,2921,Delivered,Cash
103353,2025-09-28,2025-10-01,Switch,Networking,XYZ Traders,Hyderabad WH,Lucknow,Wholesale,1,6000,6000,441,Delivered,Credit Card
103354,2025-04-04,2025-04-09,Keyboard,Accessories,Global Supply,Bangalore WH,Hyderabad,Wholesale,13,900,11700,841,Delivered,Net Banking
103355,2025-08-30,2025-09-04,Switch,Networking,Tech World,Mumbai WH,Ahmedabad,Retail,10,6000,60000,2564,Delivered,Net Banking
103356,2025-04-06,2025-04-11,Switch,Networking,ABC Suppliers,Hyderabad WH,Pune,Retail,6,6000,36000,2389,Delivered,Credit Card
103357,2025-01-04,2025-01-05,Webcam,Accessories,Global Supply,Hyderabad WH,Kolkata,Retail,3,2500,7500,2097,Delivered,Net Banking
103358,2025-02-19,2025-02-25,Webcam,Accessories,Tech World,Hyderabad WH,Delhi,Wholesale,19,2500,47500,2913,Delivered,Net Banking
103359,2025-10-24,2025-10-27,Switch,Networking,Global Supply,Mumbai WH,Ahmedabad,Wholesale,10,6000,60000,2824,Delivered,Debit Card
103360,2025-07-13,2025-07-18,Webcam,Accessories,Global Supply,Delhi WH,Jaipur,Wholesale,8,2500,20000,663,Delivered,Cash
103361,2025-08-09,2025-08-15,Scanner,Office Supplies,Tech World,Delhi WH,Ahmedabad,Wholesale,4,12000,48000,904,In Transit,Debit Card
103362,2025-12-14,2025-12-19,Projector,Electronics,ABC Suppliers,Mumbai WH,Pune,Retail,17,40000,680000,2248,Delivered,Debit Card
103363,2025-04-10,2025-04-11,Hard Disk,Storage,Tech World,Mumbai WH,Kolkata,Retail,14,4200,58800,2274,Delivered,UPI
103364,2025-06-21,2025-06-25,Laptop,Electronics,Tech World,Hyderabad WH,Chennai,Wholesale,8,55000,440000,936,Delivered,Debit Card
103365,2025-09-06,2025-09-09,Webcam,Accessories,Global Supply,Chennai WH,Pune,Retail,2,2500,5000,472,Delivered,UPI
103366,2025-01-31,2025-02-07,Router,Networking,Global Supply,Chennai WH,Delhi,Wholesale,2,3500,7000,1631,In Transit,Net Banking
103367,2025-10-17,2025-10-19,Desktop,Electronics,Global Supply,Hyderabad WH,Delhi,Wholesale,16,45000,720000,1197,Delivered,UPI
103368,2025-01-24,2025-01-25,Printer,Office Supplies,Global Supply,Bangalore WH,Bangalore,Retail,17,15000,255000,2649,Delivered,Net Banking
103369,2025-01-27,2025-02-02,Projector,Electronics,Tech World,Delhi WH,Bangalore,Retail,7,40000,280000,341,Delivered,Cash
103370,2025-12-14,2025-12-19,Laptop,Electronics,Tech World,Mumbai WH,Hyderabad,Retail,15,55000,825000,1723,In Transit,Debit Card
103371,2025-01-05,2025-01-06,Laptop,Electronics,ABC Suppliers,Delhi WH,Mumbai,Wholesale,13,55000,715000,653,Delivered,UPI
103372,2025-01-07,2025-01-11,SSD,Storage,Global Supply,Hyderabad WH,Delhi,Retail,19,5500,104500,468,Delivered,Debit Card
103373,2025-04-12,2025-04-14,Keyboard,Accessories,XYZ Traders,Chennai WH,Delhi,Retail,11,900,9900,534,Cancelled,Debit Card
103374,2025-01-24,2025-01-27,Router,Networking,Prime Distributors,Bangalore WH,Lucknow,Retail,14,3500,49000,2578,Delivered,Debit Card
103375,2025-03-18,2025-03-22,Webcam,Accessories,ABC Suppliers,Chennai WH,Kolkata,Wholesale,10,2500,25000,539,Delivered,Debit Card
103376,2025-04-06,2025-04-13,Router,Networking,ABC Suppliers,Mumbai WH,Hyderabad,Retail,16,3500,56000,778,Delayed,Credit Card
103377,2025-02-22,2025-02-24,Router,Networking,Tech World,Chennai WH,Chennai,Wholesale,3,3500,10500,1815,Delivered,Net Banking
103378,2025-05-26,2025-06-02,Projector,Electronics,XYZ Traders,Mumbai WH,Pune,Wholesale,16,40000,640000,276,In Transit,Credit Card
103379,2025-02-28,2025-03-04,Printer,Office Supplies,ABC Suppliers,Chennai WH,Jaipur,Retail,13,15000,195000,274,Cancelled,Net Banking
103380,2025-03-06,2025-03-13,Switch,Networking,Prime Distributors,Delhi WH,Bangalore,Retail,17,6000,102000,2067,Delivered,UPI
103381,2025-05-28,2025-06-02,Switch,Networking,Prime Distributors,Delhi WH,Mumbai,Retail,19,6000,114000,2338,Cancelled,Cash
103382,2025-09-02,2025-09-09,Printer,Office Supplies,Global Supply,Hyderabad WH,Pune,Retail,15,15000,225000,1172,Delivered,Credit Card
103383,2025-07-12,2025-07-18,Webcam,Accessories,Prime Distributors,Mumbai WH,Lucknow,Retail,19,2500,47500,2318,Delivered,Net Banking
103384,2025-04-07,2025-04-10,Keyboard,Accessories,ABC Suppliers,Mumbai WH,Jaipur,Wholesale,15,900,13500,2228,Delivered,Debit Card
103385,2025-11-21,2025-11-22,Monitor,Electronics,ABC Suppliers,Mumbai WH,Mumbai,Retail,14,12000,168000,2707,Delivered,Credit Card
103386,2025-07-25,2025-07-31,Mouse,Accessories,Tech World,Hyderabad WH,Pune,Wholesale,16,700,11200,1028,Delayed,Cash
103387,2025-04-20,2025-04-23,Laptop,Electronics,Tech World,Delhi WH,Lucknow,Retail,17,55000,935000,1674,Delayed,Debit Card
103388,2025-08-03,2025-08-06,Mouse,Accessories,Tech World,Mumbai WH,Delhi,Retail,8,700,5600,2727,Delivered,UPI
103389,2025-05-08,2025-05-14,Router,Networking,XYZ Traders,Hyderabad WH,Delhi,Wholesale,19,3500,66500,2405,Delivered,Credit Card
103390,2025-07-02,2025-07-09,Office Chair,Furniture,Global Supply,Bangalore WH,Kolkata,Retail,15,8500,127500,1908,In Transit,Net Banking
103391,2025-03-14,2025-03-16,Desktop,Electronics,Global Supply,Chennai WH,Ahmedabad,Retail,12,45000,540000,2999,Delivered,Debit Card
103392,2025-03-09,2025-03-15,Hard Disk,Storage,Tech World,Delhi WH,Hyderabad,Wholesale,3,4200,12600,1904,Delivered,UPI
103393,2025-10-12,2025-10-19,Webcam,Accessories,Global Supply,Hyderabad WH,Mumbai,Retail,2,2500,5000,2397,Delivered,Credit Card
103394,2025-10-17,2025-10-20,Printer,Office Supplies,XYZ Traders,Delhi WH,Bangalore,Retail,9,15000,135000,1609,In Transit,Debit Card
103395,2025-02-21,2025-02-28,Desktop,Electronics,Global Supply,Chennai WH,Delhi,Wholesale,13,45000,585000,795,Delivered,Net Banking
103396,2025-03-22,2025-03-23,Keyboard,Accessories,XYZ Traders,Chennai WH,Ahmedabad,Retail,16,900,14400,1692,Delivered,Net Banking
103397,2025-09-28,2025-10-01,Mouse,Accessories,ABC Suppliers,Hyderabad WH,Ahmedabad,Wholesale,5,700,3500,1759,Delivered,Debit Card
103398,2025-11-14,2025-11-21,SSD,Storage,Tech World,Hyderabad WH,Kolkata,Retail,5,5500,27500,1334,Cancelled,Debit Card
103399,2025-11-15,2025-11-21,Office Desk,Furniture,Global Supply,Bangalore WH,Kolkata,Retail,9,15000,135000,411,Delivered,Debit Card
103400,2025-08-16,2025-08-21,Printer,Office Supplies,Prime Distributors,Chennai WH,Bangalore,Wholesale,1,15000,15000,1675,Delivered,Credit Card
103401,2025-12-26,2025-12-27,Switch,Networking,ABC Suppliers,Mumbai WH,Pune,Retail,13,6000,78000,1458,Delivered,Debit Card
103402,2025-08-26,2025-08-29,Monitor,Electronics,Global Supply,Hyderabad WH,Jaipur,Wholesale,4,12000,48000,371,Delivered,Credit Card
103403,2025-09-07,2025-09-08,Projector,Electronics,Global Supply,Bangalore WH,Kolkata,Retail,13,40000,520000,354,Delivered,Credit Card
103404,2025-08-18,2025-08-23,Desktop,Electronics,Prime Distributors,Bangalore WH,Chennai,Wholesale,4,45000,180000,337,Delivered,Credit Card
103405,2025-09-07,2025-09-10,Mouse,Accessories,ABC Suppliers,Hyderabad WH,Kolkata,Retail,15,700,10500,1516,Delivered,Net Banking
103406,2025-07-03,2025-07-05,Router,Networking,Prime Distributors,Chennai WH,Lucknow,Retail,19,3500,66500,1347,In Transit,Net Banking
103407,2025-11-18,2025-11-22,Printer,Office Supplies,Global Supply,Chennai WH,Bangalore,Retail,19,15000,285000,1935,Delayed,UPI
103408,2025-11-24,2025-11-25,Office Chair,Furniture,ABC Suppliers,Chennai WH,Kolkata,Wholesale,12,8500,102000,2775,Delayed,Net Banking
103409,2025-02-14,2025-02-21,Hard Disk,Storage,Global Supply,Chennai WH,Delhi,Wholesale,13,4200,54600,301,Delivered,Debit Card
103410,2025-12-04,2025-12-10,Laptop,Electronics,Prime Distributors,Mumbai WH,Chennai,Wholesale,20,55000,1100000,852,Delivered,Cash
103411,2025-04-09,2025-04-15,Hard Disk,Storage,XYZ Traders,Bangalore WH,Mumbai,Retail,11,4200,46200,2692,Delivered,Debit Card
103412,2025-07-09,2025-07-13,Office Desk,Furniture,ABC Suppliers,Delhi WH,Delhi,Wholesale,6,15000,90000,321,Delayed,UPI
103413,2025-04-22,2025-04-26,Monitor,Electronics,Prime Distributors,Bangalore WH,Lucknow,Wholesale,12,12000,144000,2865,Delivered,UPI
103414,2025-06-07,2025-06-12,Switch,Networking,Tech World,Chennai WH,Chennai,Wholesale,18,6000,108000,735,Delivered,Credit Card
103415,2025-10-18,2025-10-25,Desktop,Electronics,Prime Distributors,Bangalore WH,Chennai,Wholesale,7,45000,315000,2084,Delayed,Credit Card
103416,2025-07-29,2025-08-03,Office Chair,Furniture,Prime Distributors,Delhi WH,Pune,Wholesale,13,8500,110500,524,Delivered,Debit Card
103417,2025-02-17,2025-02-18,Laptop,Electronics,ABC Suppliers,Hyderabad WH,Jaipur,Wholesale,10,55000,550000,1646,In Transit,Debit Card
103418,2025-08-05,2025-08-09,Mouse,Accessories,ABC Suppliers,Chennai WH,Ahmedabad,Retail,11,700,7700,2937,Delivered,Credit Card
103419,2025-07-17,2025-07-22,Desktop,Electronics,Global Supply,Hyderabad WH,Chennai,Wholesale,15,45000,675000,2621,Delivered,Debit Card
103420,2025-09-15,2025-09-21,Monitor,Electronics,ABC Suppliers,Bangalore WH,Bangalore,Wholesale,1,12000,12000,201,Delayed,Net Banking
103421,2025-12-15,2025-12-17,Router,Networking,Tech World,Hyderabad WH,Chennai,Wholesale,9,3500,31500,829,In Transit,Net Banking
103422,2025-03-10,2025-03-17,Switch,Networking,Tech World,Hyderabad WH,Mumbai,Wholesale,13,6000,78000,515,Delivered,Debit Card
103423,2025-10-10,2025-10-15,Office Chair,Furniture,Tech World,Hyderabad WH,Chennai,Wholesale,8,8500,68000,1416,Delivered,UPI
103424,2025-03-10,2025-03-17,Router,Networking,Tech World,Delhi WH,Delhi,Retail,18,3500,63000,1150,Delivered,Cash
103425,2025-03-27,2025-04-03,Laptop,Electronics,Prime Distributors,Bangalore WH,Ahmedabad,Wholesale,2,55000,110000,2466,Delayed,Debit Card
103426,2025-07-04,2025-07-08,Keyboard,Accessories,Global Supply,Chennai WH,Pune,Wholesale,13,900,11700,1823,Delivered,UPI
103427,2025-06-29,2025-07-04,Hard Disk,Storage,Global Supply,Mumbai WH,Ahmedabad,Retail,8,4200,33600,2662,Delivered,Debit Card
103428,2025-11-09,2025-11-16,Office Chair,Furniture,Tech World,Mumbai WH,Delhi,Retail,17,8500,144500,688,Delivered,Cash
103429,2025-06-02,2025-06-09,Mouse,Accessories,Global Supply,Delhi WH,Mumbai,Retail,10,700,7000,2757,Delivered,Net Banking
103430,2025-09-11,2025-09-12,Router,Networking,Prime Distributors,Bangalore WH,Kolkata,Retail,5,3500,17500,1873,Delivered,Cash
103431,2025-08-02,2025-08-04,SSD,Storage,Tech World,Hyderabad WH,Bangalore,Retail,10,5500,55000,1381,Delivered,UPI
103432,2025-12-06,2025-12-10,SSD,Storage,Prime Distributors,Delhi WH,Bangalore,Wholesale,13,5500,71500,1394,Delivered,Debit Card
103433,2025-03-16,2025-03-17,Laptop,Electronics,Prime Distributors,Bangalore WH,Ahmedabad,Retail,14,55000,770000,1179,Delivered,Cash
103434,2025-08-15,2025-08-18,Webcam,Accessories,Global Supply,Hyderabad WH,Delhi,Wholesale,6,2500,15000,2637,Delivered,UPI
103435,2025-02-27,2025-03-02,Switch,Networking,Tech World,Chennai WH,Ahmedabad,Retail,5,6000,30000,480,In Transit,UPI
103436,2025-05-22,2025-05-28,Desktop,Electronics,Tech World,Hyderabad WH,Bangalore,Wholesale,2,45000,90000,2693,Delivered,UPI
103437,2025-03-15,2025-03-22,Projector,Electronics,XYZ Traders,Mumbai WH,Hyderabad,Retail,9,40000,360000,2826,Delivered,Credit Card
103438,2025-07-26,2025-08-02,Printer,Office Supplies,Tech World,Mumbai WH,Delhi,Retail,15,15000,225000,583,In Transit,Debit Card
103439,2025-12-25,2025-12-29,Desktop,Electronics,Global Supply,Mumbai WH,Delhi,Wholesale,15,45000,675000,243,Delivered,UPI
103440,2025-01-20,2025-01-22,Webcam,Accessories,ABC Suppliers,Hyderabad WH,Delhi,Wholesale,8,2500,20000,1794,Delivered,UPI
103441,2025-08-19,2025-08-22,Printer,Office Supplies,Prime Distributors,Chennai WH,Ahmedabad,Retail,7,15000,105000,874,In Transit,Cash
103442,2025-09-04,2025-09-08,Webcam,Accessories,Prime Distributors,Hyderabad WH,Lucknow,Retail,5,2500,12500,1764,Delivered,UPI
103443,2025-02-02,2025-02-04,Office Desk,Furniture,Prime Distributors,Mumbai WH,Lucknow,Retail,1,15000,15000,574,In Transit,Net Banking
103444,2025-11-20,2025-11-21,Webcam,Accessories,XYZ Traders,Chennai WH,Lucknow,Wholesale,18,2500,45000,565,Delivered,Net Banking
103445,2025-08-26,2025-09-01,Hard Disk,Storage,Global Supply,Chennai WH,Kolkata,Wholesale,15,4200,63000,1643,Delivered,Net Banking
103446,2025-09-11,2025-09-13,Laptop,Electronics,Global Supply,Hyderabad WH,Pune,Wholesale,2,55000,110000,1002,Delivered,Cash
103447,2025-06-06,2025-06-09,Office Chair,Furniture,XYZ Traders,Delhi WH,Mumbai,Wholesale,11,8500,93500,1156,In Transit,Debit Card
103448,2025-06-27,2025-07-03,Hard Disk,Storage,ABC Suppliers,Mumbai WH,Jaipur,Retail,15,4200,63000,1916,Delayed,Net Banking
103449,2025-04-22,2025-04-24,Mouse,Accessories,ABC Suppliers,Mumbai WH,Hyderabad,Retail,8,700,5600,2360,Delayed,Net Banking
103450,2025-03-03,2025-03-04,Laptop,Electronics,Tech World,Delhi WH,Jaipur,Retail,6,55000,330000,2549,In Transit,Net Banking
103451,2025-05-02,2025-05-06,SSD,Storage,ABC Suppliers,Hyderabad WH,Mumbai,Wholesale,13,5500,71500,2885,Delivered,Credit Card
103452,2025-10-27,2025-11-02,Projector,Electronics,Prime Distributors,Mumbai WH,Pune,Retail,19,40000,760000,299,Delivered,Debit Card
103453,2025-03-08,2025-03-14,Office Desk,Furniture,Global Supply,Bangalore WH,Hyderabad,Wholesale,6,15000,90000,446,Delivered,Credit Card
103454,2025-03-27,2025-04-03,Mouse,Accessories,Tech World,Chennai WH,Mumbai,Retail,12,700,8400,1050,Delivered,Cash
103455,2025-04-10,2025-04-14,Router,Networking,Tech World,Bangalore WH,Delhi,Retail,18,3500,63000,2870,Delivered,Credit Card
103456,2025-05-03,2025-05-06,Monitor,Electronics,Prime Distributors,Hyderabad WH,Delhi,Retail,20,12000,240000,1222,Delivered,Credit Card
103457,2025-10-21,2025-10-26,Projector,Electronics,Global Supply,Hyderabad WH,Mumbai,Wholesale,3,40000,120000,971,Delivered,Net Banking
103458,2025-04-13,2025-04-16,Office Chair,Furniture,Tech World,Delhi WH,Mumbai,Wholesale,9,8500,76500,999,Delivered,Debit Card
103459,2025-06-22,2025-06-23,Webcam,Accessories,Prime Distributors,Hyderabad WH,Bangalore,Wholesale,11,2500,27500,2435,Cancelled,Debit Card
103460,2025-06-17,2025-06-21,Desktop,Electronics,XYZ Traders,Mumbai WH,Lucknow,Wholesale,9,45000,405000,1641,Delivered,Debit Card
103461,2025-04-25,2025-05-02,Printer,Office Supplies,ABC Suppliers,Delhi WH,Chennai,Retail,3,15000,45000,2431,Delivered,Net Banking
103462,2025-11-12,2025-11-18,Webcam,Accessories,ABC Suppliers,Delhi WH,Bangalore,Wholesale,9,2500,22500,906,Delivered,Debit Card
103463,2025-12-07,2025-12-09,Hard Disk,Storage,ABC Suppliers,Hyderabad WH,Delhi,Retail,9,4200,37800,824,Delivered,Cash
103464,2025-05-14,2025-05-15,Scanner,Office Supplies,Tech World,Bangalore WH,Jaipur,Retail,13,12000,156000,1244,Delivered,Debit Card
103465,2025-06-08,2025-06-10,SSD,Storage,ABC Suppliers,Bangalore WH,Jaipur,Wholesale,7,5500,38500,331,Delivered,Debit Card
103466,2025-02-01,2025-02-07,Desktop,Electronics,Tech World,Mumbai WH,Hyderabad,Wholesale,9,45000,405000,634,Delayed,Debit Card
103467,2025-12-23,2025-12-28,Laptop,Electronics,XYZ Traders,Mumbai WH,Ahmedabad,Retail,18,55000,990000,1587,Delivered,UPI
103468,2025-01-02,2025-01-03,Printer,Office Supplies,XYZ Traders,Bangalore WH,Delhi,Retail,8,15000,120000,2550,Delivered,Debit Card
103469,2025-01-03,2025-01-08,SSD,Storage,Prime Distributors,Mumbai WH,Lucknow,Wholesale,4,5500,22000,752,Delivered,UPI
103470,2025-10-05,2025-10-09,Mouse,Accessories,Prime Distributors,Hyderabad WH,Kolkata,Wholesale,10,700,7000,586,Delayed,UPI
103471,2025-08-12,2025-08-14,Hard Disk,Storage,XYZ Traders,Mumbai WH,Chennai,Retail,16,4200,67200,1759,Delayed,Net Banking
103472,2025-07-09,2025-07-16,Scanner,Office Supplies,Global Supply,Bangalore WH,Mumbai,Wholesale,6,12000,72000,2738,Delayed,UPI
103473,2025-04-19,2025-04-21,Hard Disk,Storage,ABC Suppliers,Hyderabad WH,Bangalore,Retail,1,4200,4200,2534,Delivered,Net Banking
103474,2025-08-04,2025-08-05,Projector,Electronics,Global Supply,Delhi WH,Delhi,Wholesale,9,40000,360000,2176,Delivered,Debit Card
103475,2025-07-04,2025-07-05,Mouse,Accessories,Tech World,Chennai WH,Mumbai,Wholesale,8,700,5600,1980,Delivered,UPI
103476,2025-04-05,2025-04-09,Projector,Electronics,XYZ Traders,Hyderabad WH,Bangalore,Retail,2,40000,80000,1785,Delivered,Credit Card
103477,2025-08-18,2025-08-22,SSD,Storage,Global Supply,Mumbai WH,Pune,Wholesale,6,5500,33000,2585,Delivered,Net Banking
103478,2025-10-25,2025-10-27,Webcam,Accessories,XYZ Traders,Delhi WH,Jaipur,Retail,18,2500,45000,2662,Delivered,Credit Card
103479,2025-01-08,2025-01-10,Office Chair,Furniture,Prime Distributors,Delhi WH,Bangalore,Retail,4,8500,34000,2678,Delivered,Cash
103480,2025-04-08,2025-04-12,Switch,Networking,Tech World,Bangalore WH,Hyderabad,Wholesale,14,6000,84000,1057,Cancelled,Cash
103481,2025-03-31,2025-04-01,Monitor,Electronics,Global Supply,Hyderabad WH,Delhi,Wholesale,20,12000,240000,2137,Delivered,UPI
103482,2025-06-29,2025-07-02,Hard Disk,Storage,Global Supply,Mumbai WH,Lucknow,Retail,14,4200,58800,1801,In Transit,Net Banking
103483,2025-03-18,2025-03-20,Mouse,Accessories,Prime Distributors,Delhi WH,Chennai,Wholesale,3,700,2100,1070,Delivered,Debit Card
103484,2025-10-01,2025-10-07,Monitor,Electronics,Tech World,Bangalore WH,Hyderabad,Wholesale,16,12000,192000,470,In Transit,UPI
103485,2025-02-11,2025-02-17,Office Chair,Furniture,ABC Suppliers,Delhi WH,Ahmedabad,Retail,18,8500,153000,2969,Delivered,UPI
103486,2025-03-18,2025-03-20,Desktop,Electronics,Global Supply,Hyderabad WH,Hyderabad,Retail,1,45000,45000,1932,Delivered,Debit Card
103487,2025-11-14,2025-11-16,Office Desk,Furniture,Global Supply,Mumbai WH,Bangalore,Retail,9,15000,135000,438,Delivered,UPI
103488,2025-01-03,2025-01-08,Keyboard,Accessories,Prime Distributors,Chennai WH,Pune,Wholesale,20,900,18000,2947,Delivered,Credit Card
103489,2025-06-25,2025-06-27,Scanner,Office Supplies,Tech World,Hyderabad WH,Pune,Wholesale,15,12000,180000,2369,Delayed,Cash
103490,2025-04-21,2025-04-25,Monitor,Electronics,Global Supply,Delhi WH,Hyderabad,Wholesale,3,12000,36000,2288,Delivered,Debit Card
103491,2025-10-07,2025-10-14,Monitor,Electronics,ABC Suppliers,Bangalore WH,Jaipur,Wholesale,3,12000,36000,1837,Delivered,Credit Card
103492,2025-04-21,2025-04-28,SSD,Storage,Prime Distributors,Bangalore WH,Hyderabad,Wholesale,16,5500,88000,2910,Delivered,Debit Card
103493,2025-04-21,2025-04-27,Office Desk,Furniture,Global Supply,Delhi WH,Chennai,Wholesale,4,15000,60000,2720,Delivered,Net Banking
103494,2025-11-19,2025-11-23,Desktop,Electronics,Prime Distributors,Chennai WH,Pune,Wholesale,5,45000,225000,2511,Delivered,Net Banking
103495,2025-07-04,2025-07-09,Office Chair,Furniture,Tech World,Bangalore WH,Ahmedabad,Retail,19,8500,161500,2474,In Transit,Debit Card
103496,2025-03-20,2025-03-27,Desktop,Electronics,Prime Distributors,Chennai WH,Ahmedabad,Retail,7,45000,315000,841,Delivered,Credit Card
103497,2025-09-11,2025-09-14,Desktop,Electronics,Global Supply,Chennai WH,Pune,Retail,13,45000,585000,2352,Delivered,Cash
103498,2025-12-19,2025-12-20,Office Desk,Furniture,Tech World,Bangalore WH,Jaipur,Retail,15,15000,225000,2818,Delivered,UPI
103499,2025-07-02,2025-07-06,Monitor,Electronics,Prime Distributors,Hyderabad WH,Chennai,Retail,2,12000,24000,726,Delivered,Cash
103500,2025-04-07,2025-04-14,Laptop,Electronics,ABC Suppliers,Chennai WH,Kolkata,Wholesale,13,55000,715000,2804,Delivered,UPI
103501,2025-08-01,2025-08-05,Mouse,Accessories,ABC Suppliers,Delhi WH,Pune,Wholesale,17,700,11900,2851,Cancelled,Cash
103502,2025-07-13,2025-07-16,Office Desk,Furniture,Prime Distributors,Hyderabad WH,Delhi,Retail,8,15000,120000,332,Delivered,Net Banking
103503,2025-05-20,2025-05-23,Printer,Office Supplies,Tech World,Hyderabad WH,Pune,Wholesale,2,15000,30000,2346,Delivered,UPI
103504,2025-07-27,2025-08-02,SSD,Storage,Tech World,Mumbai WH,Ahmedabad,Retail,2,5500,11000,660,Delivered,Debit Card
103505,2025-12-03,2025-12-10,Office Desk,Furniture,XYZ Traders,Chennai WH,Pune,Retail,2,15000,30000,2556,Delivered,Cash
103506,2025-01-07,2025-01-12,Laptop,Electronics,Tech World,Hyderabad WH,Kolkata,Wholesale,16,55000,880000,2181,In Transit,Cash
103507,2025-11-11,2025-11-16,Printer,Office Supplies,Global Supply,Bangalore WH,Mumbai,Wholesale,13,15000,195000,479,Delivered,Net Banking
103508,2025-08-06,2025-08-07,Keyboard,Accessories,Global Supply,Mumbai WH,Kolkata,Wholesale,4,900,3600,559,Delivered,UPI
103509,2025-01-28,2025-02-02,Webcam,Accessories,XYZ Traders,Bangalore WH,Jaipur,Retail,19,2500,47500,1029,Delivered,Cash
103510,2025-07-21,2025-07-24,Laptop,Electronics,ABC Suppliers,Mumbai WH,Mumbai,Retail,10,55000,550000,2660,Delivered,Credit Card
103511,2025-07-15,2025-07-18,Router,Networking,Prime Distributors,Delhi WH,Delhi,Retail,9,3500,31500,2383,Delayed,Debit Card
103512,2025-04-17,2025-04-20,Printer,Office Supplies,XYZ Traders,Delhi WH,Jaipur,Retail,4,15000,60000,643,Delivered,Debit Card
103513,2025-04-18,2025-04-25,SSD,Storage,Prime Distributors,Chennai WH,Bangalore,Retail,9,5500,49500,660,Delivered,Debit Card
103514,2025-09-25,2025-09-28,Webcam,Accessories,Tech World,Hyderabad WH,Hyderabad,Wholesale,4,2500,10000,1823,Delivered,Cash
103515,2025-03-07,2025-03-14,Mouse,Accessories,Prime Distributors,Hyderabad WH,Delhi,Wholesale,18,700,12600,2174,Delivered,Credit Card
103516,2025-11-17,2025-11-20,Projector,Electronics,XYZ Traders,Chennai WH,Pune,Wholesale,2,40000,80000,1604,Delivered,Cash
103517,2025-11-27,2025-11-28,Keyboard,Accessories,Tech World,Bangalore WH,Hyderabad,Retail,5,900,4500,1795,Delivered,Net Banking
103518,2025-04-03,2025-04-07,Monitor,Electronics,ABC Suppliers,Chennai WH,Jaipur,Retail,9,12000,108000,1641,Delivered,Debit Card
103519,2025-01-03,2025-01-07,Router,Networking,Prime Distributors,Hyderabad WH,Kolkata,Retail,1,3500,3500,2097,Delivered,Debit Card
103520,2025-02-13,2025-02-20,Office Desk,Furniture,Prime Distributors,Delhi WH,Delhi,Wholesale,19,15000,285000,1264,Delivered,Net Banking
103521,2025-04-21,2025-04-22,SSD,Storage,Global Supply,Chennai WH,Jaipur,Retail,3,5500,16500,224,In Transit,Credit Card
103522,2025-04-22,2025-04-24,Scanner,Office Supplies,ABC Suppliers,Delhi WH,Pune,Wholesale,18,12000,216000,980,Delivered,UPI
103523,2025-08-03,2025-08-06,Mouse,Accessories,XYZ Traders,Delhi WH,Chennai,Wholesale,1,700,700,2396,Delivered,Credit Card
103524,2025-12-25,2025-12-26,Switch,Networking,Global Supply,Hyderabad WH,Delhi,Retail,15,6000,90000,284,Delivered,Debit Card
103525,2025-01-09,2025-01-14,Office Chair,Furniture,XYZ Traders,Delhi WH,Jaipur,Retail,14,8500,119000,2312,Delayed,Credit Card
103526,2025-11-30,2025-12-06,Desktop,Electronics,Prime Distributors,Bangalore WH,Hyderabad,Wholesale,3,45000,135000,1760,In Transit,Cash
103527,2025-01-26,2025-02-01,Office Chair,Furniture,Prime Distributors,Mumbai WH,Chennai,Wholesale,16,8500,136000,2776,Delivered,UPI
103528,2025-04-20,2025-04-26,Keyboard,Accessories,Global Supply,Chennai WH,Delhi,Wholesale,12,900,10800,2571,Delivered,Credit Card
103529,2025-04-22,2025-04-29,Laptop,Electronics,Prime Distributors,Hyderabad WH,Pune,Retail,2,55000,110000,384,Delivered,Net Banking
103530,2025-11-22,2025-11-27,Projector,Electronics,XYZ Traders,Bangalore WH,Chennai,Wholesale,8,40000,320000,2290,Delivered,Cash
103531,2025-12-09,2025-12-14,Keyboard,Accessories,Global Supply,Chennai WH,Jaipur,Retail,2,900,1800,2485,Delivered,Credit Card
103532,2025-11-14,2025-11-16,Office Desk,Furniture,Prime Distributors,Chennai WH,Bangalore,Wholesale,9,15000,135000,1526,Delivered,Net Banking
103533,2025-12-06,2025-12-07,Hard Disk,Storage,Tech World,Delhi WH,Kolkata,Wholesale,16,4200,67200,1144,Delivered,Cash
103534,2025-10-05,2025-10-08,Scanner,Office Supplies,Tech World,Mumbai WH,Delhi,Wholesale,14,12000,168000,332,Delivered,Debit Card
103535,2025-12-10,2025-12-12,SSD,Storage,Prime Distributors,Mumbai WH,Jaipur,Wholesale,5,5500,27500,674,Delivered,Net Banking
103536,2025-04-26,2025-05-02,Monitor,Electronics,Global Supply,Chennai WH,Jaipur,Retail,13,12000,156000,2083,Cancelled,Cash
103537,2025-01-28,2025-02-02,Switch,Networking,Tech World,Delhi WH,Mumbai,Retail,15,6000,90000,2723,Cancelled,Credit Card
103538,2025-12-09,2025-12-15,Mouse,Accessories,Tech World,Hyderabad WH,Jaipur,Retail,2,700,1400,2989,In Transit,Cash
103539,2025-05-31,2025-06-07,Laptop,Electronics,Prime Distributors,Delhi WH,Mumbai,Wholesale,10,55000,550000,516,Delivered,Credit Card
103540,2025-11-22,2025-11-29,Switch,Networking,Tech World,Chennai WH,Hyderabad,Retail,11,6000,66000,2730,Delayed,Credit Card
103541,2025-08-06,2025-08-09,Laptop,Electronics,Prime Distributors,Chennai WH,Hyderabad,Wholesale,11,55000,605000,510,Delivered,Net Banking
103542,2025-04-25,2025-04-30,Switch,Networking,XYZ Traders,Chennai WH,Mumbai,Wholesale,3,6000,18000,2441,Delivered,Credit Card
103543,2025-04-21,2025-04-27,Printer,Office Supplies,XYZ Traders,Delhi WH,Jaipur,Retail,6,15000,90000,1210,Delivered,Credit Card
103544,2025-03-02,2025-03-05,Switch,Networking,XYZ Traders,Bangalore WH,Kolkata,Retail,7,6000,42000,1582,Delivered,UPI
103545,2025-11-03,2025-11-09,Monitor,Electronics,Tech World,Mumbai WH,Hyderabad,Retail,1,12000,12000,1313,In Transit,Cash
103546,2025-11-15,2025-11-21,Laptop,Electronics,Tech World,Hyderabad WH,Bangalore,Retail,14,55000,770000,1393,Delivered,Credit Card
103547,2025-12-05,2025-12-10,Projector,Electronics,ABC Suppliers,Chennai WH,Delhi,Wholesale,7,40000,280000,2625,Delivered,Cash
103548,2025-09-08,2025-09-15,SSD,Storage,Global Supply,Chennai WH,Lucknow,Wholesale,11,5500,60500,1674,Delivered,Credit Card
103549,2025-11-30,2025-12-04,Scanner,Office Supplies,Global Supply,Mumbai WH,Mumbai,Retail,14,12000,168000,724,Delivered,Net Banking
103550,2025-10-08,2025-10-12,Office Desk,Furniture,ABC Suppliers,Hyderabad WH,Ahmedabad,Retail,20,15000,300000,831,Delayed,Net Banking
103551,2025-05-05,2025-05-11,Webcam,Accessories,Global Supply,Delhi WH,Kolkata,Retail,4,2500,10000,1793,Delivered,Debit Card
103552,2025-10-05,2025-10-10,Webcam,Accessories,XYZ Traders,Delhi WH,Chennai,Retail,9,2500,22500,1475,Delivered,Cash
103553,2025-06-17,2025-06-19,Scanner,Office Supplies,Global Supply,Hyderabad WH,Bangalore,Wholesale,17,12000,204000,2130,Delivered,Cash
103554,2025-09-02,2025-09-04,Desktop,Electronics,Global Supply,Mumbai WH,Hyderabad,Wholesale,17,45000,765000,1727,Delivered,Net Banking
103555,2025-03-27,2025-04-01,Mouse,Accessories,Prime Distributors,Mumbai WH,Ahmedabad,Retail,5,700,3500,428,Delivered,Credit Card
103556,2025-12-06,2025-12-12,Office Desk,Furniture,Prime Distributors,Hyderabad WH,Ahmedabad,Retail,18,15000,270000,2919,In Transit,Cash
103557,2025-04-12,2025-04-17,Switch,Networking,Global Supply,Delhi WH,Jaipur,Retail,8,6000,48000,1997,Cancelled,Cash
103558,2025-03-03,2025-03-09,SSD,Storage,Prime Distributors,Mumbai WH,Delhi,Wholesale,14,5500,77000,1537,Delivered,UPI
103559,2025-01-28,2025-01-30,Scanner,Office Supplies,ABC Suppliers,Chennai WH,Lucknow,Wholesale,13,12000,156000,2916,Delivered,Credit Card
103560,2025-03-02,2025-03-08,Mouse,Accessories,XYZ Traders,Mumbai WH,Jaipur,Retail,8,700,5600,244,Delivered,Credit Card
103561,2025-12-21,2025-12-28,Office Desk,Furniture,XYZ Traders,Bangalore WH,Hyderabad,Wholesale,6,15000,90000,2843,Delivered,Credit Card
103562,2025-08-19,2025-08-24,SSD,Storage,Prime Distributors,Delhi WH,Ahmedabad,Retail,7,5500,38500,336,Delayed,Credit Card
103563,2025-05-24,2025-05-27,Scanner,Office Supplies,Prime Distributors,Mumbai WH,Jaipur,Wholesale,1,12000,12000,1266,Delivered,Credit Card
103564,2025-12-18,2025-12-24,SSD,Storage,ABC Suppliers,Chennai WH,Delhi,Retail,4,5500,22000,1504,Delivered,Debit Card
103565,2025-01-14,2025-01-17,Router,Networking,Tech World,Mumbai WH,Kolkata,Retail,10,3500,35000,1232,Cancelled,UPI
103566,2025-04-27,2025-05-01,Office Desk,Furniture,XYZ Traders,Mumbai WH,Hyderabad,Retail,8,15000,120000,1051,Delivered,UPI
103567,2025-12-13,2025-12-14,Webcam,Accessories,XYZ Traders,Mumbai WH,Hyderabad,Retail,15,2500,37500,2101,Delivered,Cash
103568,2025-04-30,2025-05-06,Hard Disk,Storage,Tech World,Hyderabad WH,Delhi,Retail,12,4200,50400,352,Delivered,UPI
103569,2025-08-22,2025-08-23,Office Chair,Furniture,Prime Distributors,Mumbai WH,Delhi,Retail,15,8500,127500,1914,Delivered,Debit Card
103570,2025-10-07,2025-10-10,Hard Disk,Storage,XYZ Traders,Chennai WH,Hyderabad,Wholesale,20,4200,84000,1975,Delivered,Cash
103571,2025-10-20,2025-10-21,Hard Disk,Storage,XYZ Traders,Chennai WH,Kolkata,Retail,11,4200,46200,2545,Delivered,Cash
103572,2025-10-14,2025-10-17,Desktop,Electronics,Tech World,Delhi WH,Bangalore,Wholesale,7,45000,315000,528,In Transit,UPI
103573,2025-12-23,2025-12-27,Router,Networking,Global Supply,Bangalore WH,Bangalore,Wholesale,13,3500,45500,1545,In Transit,Net Banking
103574,2025-05-09,2025-05-15,Mouse,Accessories,Prime Distributors,Hyderabad WH,Ahmedabad,Retail,11,700,7700,517,In Transit,UPI
103575,2025-07-09,2025-07-15,Router,Networking,XYZ Traders,Mumbai WH,Jaipur,Retail,6,3500,21000,1045,Delivered,Credit Card
103576,2025-08-03,2025-08-08,Office Chair,Furniture,Global Supply,Hyderabad WH,Lucknow,Wholesale,13,8500,110500,668,Delivered,UPI
103577,2025-05-21,2025-05-24,SSD,Storage,XYZ Traders,Chennai WH,Lucknow,Wholesale,2,5500,11000,1398,Delayed,Credit Card
103578,2025-01-21,2025-01-28,Desktop,Electronics,Global Supply,Bangalore WH,Delhi,Retail,17,45000,765000,339,Delayed,Credit Card
103579,2025-07-31,2025-08-04,Hard Disk,Storage,Tech World,Hyderabad WH,Mumbai,Retail,8,4200,33600,1810,Delivered,UPI
103580,2025-06-05,2025-06-08,Office Desk,Furniture,XYZ Traders,Bangalore WH,Chennai,Wholesale,14,15000,210000,2849,Delivered,Debit Card
103581,2025-11-30,2025-12-05,Keyboard,Accessories,XYZ Traders,Bangalore WH,Bangalore,Retail,4,900,3600,1729,Delivered,Cash
103582,2025-05-23,2025-05-25,Projector,Electronics,XYZ Traders,Delhi WH,Mumbai,Wholesale,5,40000,200000,919,Delivered,Credit Card
103583,2025-08-05,2025-08-11,Router,Networking,XYZ Traders,Delhi WH,Lucknow,Retail,5,3500,17500,2626,Delayed,Credit Card
103584,2025-04-23,2025-04-24,Desktop,Electronics,Tech World,Mumbai WH,Kolkata,Wholesale,12,45000,540000,2576,Delivered,Net Banking
103585,2025-06-20,2025-06-26,Projector,Electronics,XYZ Traders,Chennai WH,Mumbai,Wholesale,17,40000,680000,208,Delivered,Credit Card
103586,2025-05-14,2025-05-19,Projector,Electronics,Prime Distributors,Chennai WH,Chennai,Wholesale,19,40000,760000,2471,In Transit,UPI
103587,2025-06-29,2025-07-04,Printer,Office Supplies,Prime Distributors,Delhi WH,Pune,Retail,13,15000,195000,313,Delivered,Credit Card
103588,2025-02-28,2025-03-02,Scanner,Office Supplies,ABC Suppliers,Mumbai WH,Kolkata,Retail,18,12000,216000,2098,In Transit,Credit Card
103589,2025-07-29,2025-08-03,SSD,Storage,Tech World,Chennai WH,Hyderabad,Retail,5,5500,27500,1176,Delivered,Net Banking
103590,2025-07-15,2025-07-20,Monitor,Electronics,Global Supply,Delhi WH,Chennai,Wholesale,3,12000,36000,745,Delivered,Credit Card
103591,2025-09-17,2025-09-21,Scanner,Office Supplies,Prime Distributors,Mumbai WH,Jaipur,Retail,11,12000,132000,1372,In Transit,UPI
103592,2025-06-11,2025-06-16,SSD,Storage,XYZ Traders,Mumbai WH,Delhi,Wholesale,18,5500,99000,1468,Delivered,Debit Card
103593,2025-04-19,2025-04-25,Keyboard,Accessories,ABC Suppliers,Bangalore WH,Jaipur,Wholesale,16,900,14400,1446,Delivered,UPI
103594,2025-07-19,2025-07-26,Printer,Office Supplies,XYZ Traders,Mumbai WH,Bangalore,Wholesale,7,15000,105000,2274,Delivered,UPI
103595,2025-12-27,2025-12-28,Office Desk,Furniture,Global Supply,Mumbai WH,Hyderabad,Retail,4,15000,60000,399,Delivered,Cash
103596,2025-03-26,2025-03-30,Webcam,Accessories,Prime Distributors,Bangalore WH,Pune,Retail,17,2500,42500,2735,Delivered,Cash
103597,2025-08-07,2025-08-14,Switch,Networking,Tech World,Chennai WH,Delhi,Retail,2,6000,12000,2062,Delivered,Credit Card
103598,2025-04-11,2025-04-15,Hard Disk,Storage,Global Supply,Chennai WH,Bangalore,Retail,18,4200,75600,1999,Delivered,Credit Card
103599,2025-10-21,2025-10-23,Projector,Electronics,Global Supply,Delhi WH,Pune,Retail,2,40000,80000,1700,Delivered,Debit Card
103600,2025-12-21,2025-12-26,Laptop,Electronics,Global Supply,Delhi WH,Chennai,Retail,5,55000,275000,1099,Delivered,Debit Card
103601,2025-06-13,2025-06-15,Office Desk,Furniture,ABC Suppliers,Mumbai WH,Mumbai,Wholesale,3,15000,45000,2355,Delayed,Debit Card
103602,2025-11-17,2025-11-24,Scanner,Office Supplies,Global Supply,Hyderabad WH,Mumbai,Retail,9,12000,108000,1549,Delayed,Cash
103603,2025-08-13,2025-08-19,Router,Networking,Tech World,Mumbai WH,Mumbai,Wholesale,10,3500,35000,2007,In Transit,Debit Card
103604,2025-08-29,2025-08-31,Switch,Networking,Tech World,Mumbai WH,Delhi,Retail,13,6000,78000,1473,Delivered,Debit Card
103605,2025-03-29,2025-04-03,Monitor,Electronics,Prime Distributors,Chennai WH,Chennai,Wholesale,2,12000,24000,1600,Delivered,Net Banking
103606,2025-11-24,2025-11-29,Scanner,Office Supplies,Prime Distributors,Delhi WH,Lucknow,Retail,12,12000,144000,1241,Delivered,Credit Card
103607,2025-02-06,2025-02-07,SSD,Storage,Global Supply,Delhi WH,Lucknow,Retail,4,5500,22000,2286,Delayed,Debit Card
103608,2025-12-31,2026-01-04,Monitor,Electronics,XYZ Traders,Chennai WH,Lucknow,Retail,16,12000,192000,2576,Delivered,Cash
103609,2025-06-18,2025-06-19,Office Chair,Furniture,XYZ Traders,Bangalore WH,Pune,Wholesale,16,8500,136000,1296,Delivered,Cash
103610,2025-05-15,2025-05-21,Switch,Networking,Prime Distributors,Delhi WH,Jaipur,Retail,15,6000,90000,1830,Delayed,Net Banking
103611,2025-08-10,2025-08-13,Printer,Office Supplies,Tech World,Bangalore WH,Ahmedabad,Wholesale,11,15000,165000,1461,Delayed,Net Banking
103612,2025-05-16,2025-05-18,Desktop,Electronics,Global Supply,Hyderabad WH,Mumbai,Retail,14,45000,630000,852,Delivered,Debit Card
103613,2025-04-21,2025-04-24,Desktop,Electronics,Prime Distributors,Delhi WH,Ahmedabad,Wholesale,4,45000,180000,1054,Delayed,Debit Card
103614,2025-08-24,2025-08-29,Laptop,Electronics,Prime Distributors,Bangalore WH,Ahmedabad,Retail,19,55000,1045000,2642,Delivered,UPI
103615,2025-08-11,2025-08-13,Router,Networking,ABC Suppliers,Chennai WH,Ahmedabad,Wholesale,12,3500,42000,579,Delivered,Net Banking
103616,2025-09-11,2025-09-18,Desktop,Electronics,Global Supply,Chennai WH,Delhi,Retail,17,45000,765000,1623,Delivered,Net Banking
103617,2025-08-22,2025-08-24,Switch,Networking,ABC Suppliers,Chennai WH,Ahmedabad,Wholesale,2,6000,12000,1240,Delivered,Debit Card
103618,2025-12-05,2025-12-10,Printer,Office Supplies,Global Supply,Hyderabad WH,Ahmedabad,Retail,2,15000,30000,2129,Delivered,Debit Card
103619,2025-03-01,2025-03-02,Office Chair,Furniture,Global Supply,Chennai WH,Delhi,Retail,13,8500,110500,1825,Delivered,UPI
103620,2025-12-24,2025-12-25,SSD,Storage,Global Supply,Delhi WH,Delhi,Wholesale,11,5500,60500,790,In Transit,UPI
103621,2025-09-27,2025-10-02,Laptop,Electronics,ABC Suppliers,Chennai WH,Kolkata,Retail,20,55000,1100000,574,Delivered,Cash
103622,2025-07-05,2025-07-09,Keyboard,Accessories,Prime Distributors,Hyderabad WH,Hyderabad,Retail,5,900,4500,967,Delivered,Debit Card
103623,2025-08-03,2025-08-04,Monitor,Electronics,Tech World,Delhi WH,Delhi,Wholesale,8,12000,96000,968,Delayed,UPI
103624,2025-10-23,2025-10-27,Laptop,Electronics,XYZ Traders,Hyderabad WH,Kolkata,Wholesale,12,55000,660000,1294,Cancelled,Credit Card
103625,2025-06-20,2025-06-24,Office Chair,Furniture,Prime Distributors,Bangalore WH,Ahmedabad,Retail,14,8500,119000,1940,Delivered,Debit Card
103626,2025-04-03,2025-04-08,Webcam,Accessories,ABC Suppliers,Bangalore WH,Ahmedabad,Retail,7,2500,17500,1417,Delivered,Debit Card
103627,2025-04-09,2025-04-10,Desktop,Electronics,Tech World,Hyderabad WH,Jaipur,Retail,16,45000,720000,2530,Delivered,Credit Card
103628,2025-05-05,2025-05-10,Printer,Office Supplies,Tech World,Hyderabad WH,Ahmedabad,Wholesale,7,15000,105000,820,Delivered,Debit Card
103629,2025-05-23,2025-05-24,Desktop,Electronics,Global Supply,Bangalore WH,Hyderabad,Retail,2,45000,90000,2220,Delivered,Cash
103630,2025-12-01,2025-12-04,Router,Networking,Global Supply,Bangalore WH,Kolkata,Wholesale,7,3500,24500,596,Cancelled,Cash
103631,2025-02-08,2025-02-10,Laptop,Electronics,Global Supply,Delhi WH,Kolkata,Retail,20,55000,1100000,2203,Delivered,Credit Card
103632,2025-09-02,2025-09-09,Switch,Networking,Global Supply,Bangalore WH,Jaipur,Wholesale,17,6000,102000,2601,Delivered,UPI
103633,2025-09-09,2025-09-15,Hard Disk,Storage,XYZ Traders,Delhi WH,Pune,Retail,11,4200,46200,2408,Delivered,Net Banking
103634,2025-09-02,2025-09-03,Webcam,Accessories,XYZ Traders,Mumbai WH,Jaipur,Retail,1,2500,2500,1939,Delivered,Credit Card
103635,2025-07-06,2025-07-11,Monitor,Electronics,Tech World,Hyderabad WH,Hyderabad,Retail,1,12000,12000,1971,Delivered,Cash
103636,2025-09-15,2025-09-16,Mouse,Accessories,Global Supply,Bangalore WH,Delhi,Wholesale,4,700,2800,1487,Delivered,Credit Card
103637,2025-04-20,2025-04-26,Office Chair,Furniture,Global Supply,Delhi WH,Lucknow,Wholesale,19,8500,161500,2752,Delivered,UPI
103638,2025-08-26,2025-08-30,Keyboard,Accessories,Prime Distributors,Mumbai WH,Bangalore,Wholesale,1,900,900,2663,Delivered,Cash
103639,2025-05-17,2025-05-21,Printer,Office Supplies,Tech World,Delhi WH,Lucknow,Retail,10,15000,150000,2719,Delivered,Net Banking
103640,2025-11-04,2025-11-10,Office Chair,Furniture,Global Supply,Chennai WH,Delhi,Wholesale,20,8500,170000,2566,Delivered,UPI
103641,2025-07-18,2025-07-19,Keyboard,Accessories,XYZ Traders,Chennai WH,Hyderabad,Wholesale,15,900,13500,2947,Delivered,Net Banking
103642,2025-07-09,2025-07-11,Webcam,Accessories,Tech World,Chennai WH,Chennai,Wholesale,18,2500,45000,1404,Delivered,Debit Card
103643,2025-12-14,2025-12-17,Desktop,Electronics,Tech World,Hyderabad WH,Bangalore,Retail,15,45000,675000,1571,Delivered,UPI
103644,2025-05-20,2025-05-23,Projector,Electronics,Global Supply,Mumbai WH,Ahmedabad,Retail,4,40000,160000,1934,In Transit,Net Banking
103645,2025-05-02,2025-05-09,Keyboard,Accessories,Global Supply,Bangalore WH,Kolkata,Wholesale,8,900,7200,2076,Delivered,Net Banking
103646,2025-11-27,2025-11-29,Switch,Networking,XYZ Traders,Hyderabad WH,Mumbai,Retail,20,6000,120000,1142,Delivered,Credit Card
103647,2025-12-22,2025-12-26,Router,Networking,Prime Distributors,Delhi WH,Mumbai,Wholesale,9,3500,31500,688,Delivered,Cash
103648,2025-09-08,2025-09-10,Scanner,Office Supplies,Prime Distributors,Hyderabad WH,Kolkata,Retail,13,12000,156000,2259,Delivered,Credit Card
103649,2025-11-11,2025-11-15,Office Desk,Furniture,XYZ Traders,Bangalore WH,Pune,Wholesale,6,15000,90000,2336,Delivered,Net Banking
103650,2025-07-01,2025-07-05,Monitor,Electronics,Prime Distributors,Mumbai WH,Lucknow,Wholesale,5,12000,60000,1918,Delivered,Net Banking
103651,2025-06-18,2025-06-24,Projector,Electronics,XYZ Traders,Mumbai WH,Bangalore,Wholesale,11,40000,440000,1369,In Transit,Cash
103652,2025-07-17,2025-07-24,Office Desk,Furniture,Tech World,Bangalore WH,Delhi,Wholesale,15,15000,225000,315,Delivered,Cash
103653,2025-09-28,2025-10-04,Office Chair,Furniture,Prime Distributors,Delhi WH,Lucknow,Retail,19,8500,161500,1932,Delivered,Cash
103654,2025-08-16,2025-08-21,Router,Networking,ABC Suppliers,Delhi WH,Pune,Retail,14,3500,49000,1857,Delivered,Debit Card
103655,2025-11-08,2025-11-09,Hard Disk,Storage,ABC Suppliers,Hyderabad WH,Hyderabad,Retail,6,4200,25200,1644,Delivered,Credit Card
103656,2025-12-24,2025-12-30,Projector,Electronics,Tech World,Mumbai WH,Pune,Retail,12,40000,480000,769,Delayed,Credit Card
103657,2025-06-19,2025-06-24,Projector,Electronics,XYZ Traders,Chennai WH,Ahmedabad,Retail,1,40000,40000,354,Delivered,UPI
103658,2025-04-12,2025-04-16,Scanner,Office Supplies,Global Supply,Chennai WH,Delhi,Wholesale,12,12000,144000,1775,Delayed,Debit Card
103659,2025-05-20,2025-05-25,Laptop,Electronics,ABC Suppliers,Mumbai WH,Pune,Retail,4,55000,220000,999,Delayed,Net Banking
103660,2025-10-09,2025-10-11,Printer,Office Supplies,Tech World,Bangalore WH,Delhi,Wholesale,8,15000,120000,2839,Delivered,UPI
103661,2025-12-20,2025-12-25,Office Desk,Furniture,ABC Suppliers,Hyderabad WH,Hyderabad,Wholesale,17,15000,255000,1786,Delivered,Debit Card
103662,2025-11-27,2025-12-02,Router,Networking,XYZ Traders,Hyderabad WH,Pune,Wholesale,15,3500,52500,2955,In Transit,Net Banking
103663,2025-09-12,2025-09-14,SSD,Storage,XYZ Traders,Bangalore WH,Chennai,Retail,3,5500,16500,1199,Delivered,Cash
103664,2025-04-03,2025-04-08,Office Chair,Furniture,XYZ Traders,Bangalore WH,Chennai,Wholesale,14,8500,119000,2595,Delivered,Cash
103665,2025-02-26,2025-02-27,Laptop,Electronics,ABC Suppliers,Hyderabad WH,Bangalore,Retail,9,55000,495000,2943,Delivered,Credit Card
103666,2025-08-09,2025-08-10,Printer,Office Supplies,Prime Distributors,Chennai WH,Bangalore,Wholesale,12,15000,180000,338,Delivered,UPI
103667,2025-02-27,2025-03-02,Office Chair,Furniture,Tech World,Chennai WH,Kolkata,Retail,13,8500,110500,1091,Delivered,Cash
103668,2025-10-06,2025-10-08,SSD,Storage,Tech World,Hyderabad WH,Lucknow,Wholesale,6,5500,33000,2985,In Transit,Net Banking
103669,2025-04-19,2025-04-23,Monitor,Electronics,Tech World,Delhi WH,Kolkata,Wholesale,7,12000,84000,2814,In Transit,UPI
103670,2025-07-06,2025-07-07,Keyboard,Accessories,Tech World,Chennai WH,Bangalore,Wholesale,17,900,15300,2992,Cancelled,Cash
103671,2025-08-02,2025-08-08,Scanner,Office Supplies,Global Supply,Bangalore WH,Delhi,Wholesale,10,12000,120000,515,Delivered,Net Banking
103672,2025-09-29,2025-10-05,Laptop,Electronics,Tech World,Mumbai WH,Kolkata,Retail,4,55000,220000,565,In Transit,Net Banking
103673,2025-11-06,2025-11-12,SSD,Storage,XYZ Traders,Bangalore WH,Mumbai,Wholesale,20,5500,110000,2501,Delivered,Credit Card
103674,2025-10-03,2025-10-07,Webcam,Accessories,ABC Suppliers,Chennai WH,Ahmedabad,Retail,12,2500,30000,2771,In Transit,Cash
103675,2025-12-14,2025-12-16,Hard Disk,Storage,XYZ Traders,Delhi WH,Hyderabad,Retail,7,4200,29400,2869,Delivered,Cash
103676,2025-06-22,2025-06-23,Router,Networking,XYZ Traders,Chennai WH,Pune,Retail,5,3500,17500,2167,Delivered,Cash
103677,2025-02-18,2025-02-25,Projector,Electronics,Tech World,Bangalore WH,Lucknow,Wholesale,7,40000,280000,1459,Delivered,UPI
103678,2025-01-10,2025-01-17,Scanner,Office Supplies,XYZ Traders,Delhi WH,Jaipur,Retail,15,12000,180000,708,In Transit,Net Banking
103679,2025-03-06,2025-03-13,Printer,Office Supplies,XYZ Traders,Bangalore WH,Delhi,Retail,13,15000,195000,727,Delivered,Cash
103680,2025-03-30,2025-04-02,Laptop,Electronics,Tech World,Bangalore WH,Mumbai,Wholesale,5,55000,275000,1174,Delivered,Debit Card
103681,2025-02-28,2025-03-07,Webcam,Accessories,XYZ Traders,Hyderabad WH,Chennai,Retail,19,2500,47500,890,Delivered,UPI
103682,2025-06-09,2025-06-15,Router,Networking,ABC Suppliers,Hyderabad WH,Chennai,Retail,4,3500,14000,695,Delivered,Cash
103683,2025-06-11,2025-06-16,Mouse,Accessories,Tech World,Bangalore WH,Ahmedabad,Wholesale,9,700,6300,732,Delivered,Net Banking
103684,2025-01-04,2025-01-10,Switch,Networking,XYZ Traders,Hyderabad WH,Mumbai,Retail,8,6000,48000,764,Delivered,UPI
103685,2025-08-09,2025-08-14,Office Chair,Furniture,Tech World,Chennai WH,Jaipur,Retail,12,8500,102000,248,Delivered,Net Banking
103686,2025-01-09,2025-01-14,Switch,Networking,Global Supply,Hyderabad WH,Jaipur,Wholesale,14,6000,84000,459,Delivered,Net Banking
103687,2025-01-22,2025-01-25,SSD,Storage,Tech World,Bangalore WH,Delhi,Retail,12,5500,66000,1531,Delivered,Cash
103688,2025-08-18,2025-08-20,Keyboard,Accessories,Global Supply,Bangalore WH,Hyderabad,Wholesale,3,900,2700,2696,Delivered,UPI
103689,2025-04-21,2025-04-28,Projector,Electronics,Tech World,Mumbai WH,Kolkata,Retail,3,40000,120000,2900,Delivered,Cash
103690,2025-12-09,2025-12-12,Laptop,Electronics,XYZ Traders,Delhi WH,Hyderabad,Wholesale,10,55000,550000,240,Delivered,Net Banking
103691,2025-05-23,2025-05-24,Hard Disk,Storage,Tech World,Mumbai WH,Hyderabad,Wholesale,11,4200,46200,2866,Delivered,Cash
103692,2025-05-12,2025-05-13,Mouse,Accessories,ABC Suppliers,Mumbai WH,Delhi,Retail,6,700,4200,1935,Delayed,Debit Card
103693,2025-10-27,2025-10-29,Hard Disk,Storage,Global Supply,Delhi WH,Lucknow,Retail,18,4200,75600,215,Delivered,UPI
103694,2025-10-03,2025-10-08,Monitor,Electronics,Tech World,Hyderabad WH,Bangalore,Wholesale,4,12000,48000,1226,Delivered,Credit Card
103695,2025-09-22,2025-09-29,Keyboard,Accessories,Tech World,Delhi WH,Ahmedabad,Wholesale,9,900,8100,1545,Delivered,Net Banking
103696,2025-02-20,2025-02-22,Printer,Office Supplies,Prime Distributors,Chennai WH,Bangalore,Retail,19,15000,285000,2680,Delivered,Debit Card
103697,2025-02-23,2025-02-28,Desktop,Electronics,Tech World,Bangalore WH,Delhi,Retail,2,45000,90000,505,In Transit,Cash
103698,2025-09-29,2025-10-06,Scanner,Office Supplies,XYZ Traders,Mumbai WH,Jaipur,Wholesale,15,12000,180000,2640,Delivered,Debit Card
103699,2025-07-22,2025-07-27,Hard Disk,Storage,XYZ Traders,Hyderabad WH,Mumbai,Retail,11,4200,46200,1869,Delivered,Net Banking
103700,2025-08-24,2025-08-27,Printer,Office Supplies,ABC Suppliers,Delhi WH,Ahmedabad,Retail,8,15000,120000,2697,Delivered,Credit Card
103701,2025-01-23,2025-01-24,Printer,Office Supplies,Global Supply,Hyderabad WH,Mumbai,Retail,5,15000,75000,2302,Delivered,Net Banking
103702,2025-11-24,2025-11-26,Desktop,Electronics,Prime Distributors,Mumbai WH,Delhi,Retail,14,45000,630000,687,Delivered,UPI
103703,2025-11-08,2025-11-11,Keyboard,Accessories,ABC Suppliers,Chennai WH,Ahmedabad,Retail,3,900,2700,2154,Delivered,UPI
103704,2025-05-01,2025-05-03,Router,Networking,XYZ Traders,Bangalore WH,Ahmedabad,Wholesale,5,3500,17500,660,Delivered,Cash
103705,2025-06-22,2025-06-29,Laptop,Electronics,Global Supply,Hyderabad WH,Kolkata,Retail,13,55000,715000,1275,Delivered,Debit Card
103706,2025-02-14,2025-02-19,Projector,Electronics,Tech World,Delhi WH,Pune,Wholesale,12,40000,480000,1825,Cancelled,Cash
103707,2025-04-01,2025-04-05,SSD,Storage,Prime Distributors,Bangalore WH,Chennai,Retail,13,5500,71500,1182,Delayed,Debit Card
103708,2025-05-09,2025-05-16,Desktop,Electronics,ABC Suppliers,Hyderabad WH,Chennai,Retail,4,45000,180000,985,Delivered,UPI
103709,2025-02-13,2025-02-20,Projector,Electronics,Prime Distributors,Bangalore WH,Pune,Retail,10,40000,400000,1841,In Transit,Net Banking
103710,2025-12-22,2025-12-25,Desktop,Electronics,Tech World,Mumbai WH,Chennai,Wholesale,10,45000,450000,2881,In Transit,UPI
103711,2025-04-27,2025-04-28,Hard Disk,Storage,Prime Distributors,Chennai WH,Pune,Retail,1,4200,4200,200,In Transit,Debit Card
103712,2025-01-12,2025-01-13,Printer,Office Supplies,XYZ Traders,Mumbai WH,Chennai,Retail,19,15000,285000,1701,Delivered,Cash
103713,2025-04-28,2025-05-05,Hard Disk,Storage,Tech World,Hyderabad WH,Kolkata,Wholesale,14,4200,58800,2724,Delivered,UPI
103714,2025-11-12,2025-11-13,Router,Networking,ABC Suppliers,Mumbai WH,Lucknow,Retail,12,3500,42000,600,Delivered,Cash
103715,2025-10-04,2025-10-06,Webcam,Accessories,ABC Suppliers,Delhi WH,Lucknow,Retail,14,2500,35000,2418,Delivered,Cash
103716,2025-09-09,2025-09-10,Switch,Networking,ABC Suppliers,Chennai WH,Kolkata,Wholesale,6,6000,36000,254,Delayed,Debit Card
103717,2025-07-07,2025-07-13,Office Chair,Furniture,Tech World,Delhi WH,Hyderabad,Retail,15,8500,127500,2507,In Transit,Credit Card
103718,2025-11-23,2025-11-26,Desktop,Electronics,Global Supply,Chennai WH,Lucknow,Retail,17,45000,765000,1890,Delivered,Credit Card
103719,2025-12-09,2025-12-10,Monitor,Electronics,XYZ Traders,Mumbai WH,Lucknow,Retail,15,12000,180000,2284,Delivered,Debit Card
103720,2025-04-30,2025-05-01,Laptop,Electronics,XYZ Traders,Delhi WH,Kolkata,Wholesale,15,55000,825000,484,Cancelled,Net Banking
103721,2025-09-21,2025-09-28,Hard Disk,Storage,XYZ Traders,Bangalore WH,Hyderabad,Retail,17,4200,71400,1556,Delivered,Credit Card
103722,2025-10-17,2025-10-22,Printer,Office Supplies,Prime Distributors,Mumbai WH,Hyderabad,Retail,3,15000,45000,630,Cancelled,Debit Card
103723,2025-07-02,2025-07-09,Webcam,Accessories,Tech World,Chennai WH,Pune,Retail,12,2500,30000,2193,In Transit,Net Banking
103724,2025-01-26,2025-01-29,Webcam,Accessories,Tech World,Hyderabad WH,Chennai,Wholesale,13,2500,32500,575,Delivered,Credit Card
103725,2025-05-02,2025-05-04,Laptop,Electronics,Tech World,Hyderabad WH,Chennai,Wholesale,17,55000,935000,1085,In Transit,UPI
103726,2025-05-27,2025-05-28,Switch,Networking,Tech World,Chennai WH,Kolkata,Wholesale,2,6000,12000,2633,Delivered,Cash
103727,2025-10-22,2025-10-28,Monitor,Electronics,Global Supply,Delhi WH,Mumbai,Retail,1,12000,12000,664,Cancelled,UPI
103728,2025-05-20,2025-05-22,Office Desk,Furniture,Global Supply,Bangalore WH,Chennai,Wholesale,12,15000,180000,847,Delivered,UPI
103729,2025-10-25,2025-10-29,Office Desk,Furniture,ABC Suppliers,Delhi WH,Bangalore,Wholesale,17,15000,255000,1578,Delivered,Net Banking
103730,2025-06-03,2025-06-08,Office Desk,Furniture,Tech World,Bangalore WH,Lucknow,Retail,9,15000,135000,2473,In Transit,Net Banking
103731,2025-11-23,2025-11-24,Webcam,Accessories,XYZ Traders,Bangalore WH,Pune,Retail,8,2500,20000,2116,In Transit,Net Banking
103732,2025-04-12,2025-04-13,Keyboard,Accessories,Prime Distributors,Chennai WH,Chennai,Retail,14,900,12600,2200,Delivered,Credit Card
103733,2025-09-03,2025-09-07,Printer,Office Supplies,XYZ Traders,Chennai WH,Hyderabad,Retail,18,15000,270000,2946,Delivered,UPI
103734,2025-03-04,2025-03-05,Laptop,Electronics,Global Supply,Bangalore WH,Chennai,Retail,3,55000,165000,1514,In Transit,UPI
103735,2025-11-08,2025-11-11,Mouse,Accessories,ABC Suppliers,Hyderabad WH,Jaipur,Wholesale,9,700,6300,2322,Delivered,Net Banking
103736,2025-06-22,2025-06-23,Scanner,Office Supplies,XYZ Traders,Bangalore WH,Bangalore,Retail,15,12000,180000,1798,Delivered,UPI
103737,2025-10-23,2025-10-26,Mouse,Accessories,ABC Suppliers,Hyderabad WH,Lucknow,Retail,3,700,2100,1686,Delivered,Net Banking
103738,2025-02-11,2025-02-15,Office Chair,Furniture,ABC Suppliers,Hyderabad WH,Ahmedabad,Retail,19,8500,161500,533,In Transit,Net Banking
103739,2025-07-25,2025-07-27,Laptop,Electronics,XYZ Traders,Chennai WH,Kolkata,Retail,18,55000,990000,2101,Delivered,Debit Card
103740,2025-03-17,2025-03-20,Laptop,Electronics,ABC Suppliers,Delhi WH,Hyderabad,Retail,3,55000,165000,1544,Delivered,Credit Card
103741,2025-12-14,2025-12-18,Laptop,Electronics,Prime Distributors,Delhi WH,Chennai,Retail,4,55000,220000,2245,Delivered,Cash
103742,2025-03-13,2025-03-14,Office Chair,Furniture,Prime Distributors,Hyderabad WH,Ahmedabad,Wholesale,15,8500,127500,2190,Delivered,UPI
103743,2025-03-25,2025-03-29,Projector,Electronics,Tech World,Hyderabad WH,Jaipur,Wholesale,2,40000,80000,678,Delivered,Debit Card
103744,2025-02-19,2025-02-24,Office Desk,Furniture,ABC Suppliers,Delhi WH,Hyderabad,Wholesale,12,15000,180000,1789,In Transit,Debit Card
103745,2025-08-27,2025-09-02,Hard Disk,Storage,Prime Distributors,Chennai WH,Chennai,Wholesale,10,4200,42000,566,In Transit,Debit Card
103746,2025-09-29,2025-10-03,Office Chair,Furniture,Global Supply,Chennai WH,Pune,Retail,9,8500,76500,2836,Delivered,Net Banking
103747,2025-10-28,2025-11-04,Keyboard,Accessories,Global Supply,Mumbai WH,Lucknow,Retail,9,900,8100,1485,Delivered,UPI
103748,2025-06-11,2025-06-14,Desktop,Electronics,Tech World,Mumbai WH,Hyderabad,Wholesale,5,45000,225000,985,Delivered,Net Banking
103749,2025-12-27,2026-01-01,Mouse,Accessories,Global Supply,Hyderabad WH,Hyderabad,Retail,5,700,3500,2540,Delivered,Debit Card
103750,2025-06-14,2025-06-15,Hard Disk,Storage,ABC Suppliers,Chennai WH,Kolkata,Retail,17,4200,71400,729,Delivered,UPI
103751,2025-06-13,2025-06-18,Laptop,Electronics,Global Supply,Bangalore WH,Pune,Wholesale,6,55000,330000,1618,Delivered,Credit Card
103752,2025-10-14,2025-10-16,Projector,Electronics,XYZ Traders,Chennai WH,Mumbai,Retail,9,40000,360000,888,Delivered,Cash
103753,2025-09-04,2025-09-10,Webcam,Accessories,XYZ Traders,Chennai WH,Pune,Retail,1,2500,2500,1927,In Transit,Credit Card
103754,2025-01-25,2025-01-30,Scanner,Office Supplies,Global Supply,Hyderabad WH,Lucknow,Retail,9,12000,108000,1031,Delivered,UPI
103755,2025-11-21,2025-11-22,Printer,Office Supplies,Global Supply,Chennai WH,Kolkata,Retail,13,15000,195000,2176,Delayed,UPI
103756,2025-01-09,2025-01-11,Scanner,Office Supplies,Prime Distributors,Hyderabad WH,Chennai,Wholesale,16,12000,192000,2007,Delivered,Net Banking
103757,2025-09-16,2025-09-19,Router,Networking,Tech World,Bangalore WH,Mumbai,Wholesale,14,3500,49000,238,Delivered,Cash
103758,2025-04-29,2025-05-03,Printer,Office Supplies,Tech World,Delhi WH,Chennai,Wholesale,10,15000,150000,1939,Delivered,Cash
103759,2025-01-27,2025-01-31,Printer,Office Supplies,Global Supply,Chennai WH,Jaipur,Wholesale,13,15000,195000,1117,Delivered,Cash
103760,2025-11-20,2025-11-25,Desktop,Electronics,Tech World,Hyderabad WH,Pune,Wholesale,20,45000,900000,672,In Transit,UPI
103761,2025-12-04,2025-12-07,Scanner,Office Supplies,XYZ Traders,Delhi WH,Chennai,Retail,15,12000,180000,1226,Delivered,Cash
103762,2025-08-16,2025-08-17,Printer,Office Supplies,Global Supply,Delhi WH,Hyderabad,Retail,3,15000,45000,2950,Delivered,Net Banking
103763,2025-12-18,2025-12-19,Monitor,Electronics,Global Supply,Bangalore WH,Ahmedabad,Retail,3,12000,36000,1663,Delivered,Net Banking
103764,2025-02-04,2025-02-09,Monitor,Electronics,ABC Suppliers,Mumbai WH,Pune,Wholesale,4,12000,48000,1346,Delivered,Cash
103765,2025-05-25,2025-05-26,Laptop,Electronics,XYZ Traders,Hyderabad WH,Jaipur,Wholesale,2,55000,110000,2636,Delivered,Cash
103766,2025-01-03,2025-01-10,Hard Disk,Storage,Global Supply,Bangalore WH,Hyderabad,Retail,11,4200,46200,1541,Delivered,Net Banking
103767,2025-03-03,2025-03-06,Mouse,Accessories,Prime Distributors,Chennai WH,Lucknow,Retail,15,700,10500,688,Delivered,Cash
103768,2025-03-30,2025-04-06,Scanner,Office Supplies,XYZ Traders,Delhi WH,Pune,Retail,13,12000,156000,669,In Transit,Net Banking
103769,2025-10-18,2025-10-23,Monitor,Electronics,XYZ Traders,Mumbai WH,Bangalore,Retail,1,12000,12000,2377,Delivered,Debit Card
103770,2025-07-07,2025-07-14,Webcam,Accessories,ABC Suppliers,Mumbai WH,Hyderabad,Wholesale,4,2500,10000,1997,Delivered,Credit Card
103771,2025-01-09,2025-01-13,Hard Disk,Storage,Global Supply,Delhi WH,Pune,Retail,14,4200,58800,1843,In Transit,Debit Card
103772,2025-06-28,2025-06-29,Webcam,Accessories,ABC Suppliers,Bangalore WH,Kolkata,Wholesale,16,2500,40000,1361,Delivered,Debit Card
103773,2025-11-07,2025-11-13,Desktop,Electronics,Tech World,Hyderabad WH,Mumbai,Wholesale,18,45000,810000,2214,Delivered,UPI
103774,2025-02-27,2025-03-01,Router,Networking,Global Supply,Chennai WH,Bangalore,Retail,12,3500,42000,1158,In Transit,Net Banking
103775,2025-10-14,2025-10-18,Laptop,Electronics,ABC Suppliers,Bangalore WH,Mumbai,Retail,14,55000,770000,2495,Cancelled,Net Banking
103776,2025-10-16,2025-10-18,Mouse,Accessories,ABC Suppliers,Chennai WH,Bangalore,Retail,15,700,10500,2117,Delayed,Credit Card
103777,2025-11-16,2025-11-18,Laptop,Electronics,ABC Suppliers,Delhi WH,Delhi,Retail,8,55000,440000,444,In Transit,Credit Card
103778,2025-10-07,2025-10-09,Printer,Office Supplies,XYZ Traders,Chennai WH,Ahmedabad,Wholesale,16,15000,240000,1653,In Transit,Net Banking
103779,2025-03-25,2025-03-28,Hard Disk,Storage,Prime Distributors,Delhi WH,Kolkata,Retail,7,4200,29400,565,Delivered,Debit Card
103780,2025-12-13,2025-12-14,SSD,Storage,Tech World,Bangalore WH,Kolkata,Wholesale,15,5500,82500,839,Delivered,UPI
103781,2025-11-07,2025-11-13,Scanner,Office Supplies,XYZ Traders,Delhi WH,Kolkata,Wholesale,18,12000,216000,1742,Delivered,Net Banking
103782,2025-06-13,2025-06-18,Laptop,Electronics,Global Supply,Hyderabad WH,Lucknow,Retail,8,55000,440000,975,Delayed,Debit Card
103783,2025-01-21,2025-01-26,Hard Disk,Storage,XYZ Traders,Mumbai WH,Hyderabad,Wholesale,14,4200,58800,1259,Delivered,Cash
103784,2025-05-09,2025-05-12,Projector,Electronics,XYZ Traders,Hyderabad WH,Ahmedabad,Wholesale,5,40000,200000,447,Delivered,Cash
103785,2025-02-06,2025-02-08,Projector,Electronics,Global Supply,Chennai WH,Mumbai,Retail,20,40000,800000,274,Delivered,Net Banking
103786,2025-11-15,2025-11-18,Laptop,Electronics,ABC Suppliers,Chennai WH,Lucknow,Retail,19,55000,1045000,1325,Delivered,Debit Card
103787,2025-01-04,2025-01-11,Scanner,Office Supplies,XYZ Traders,Hyderabad WH,Jaipur,Retail,19,12000,228000,1787,Delivered,Cash
103788,2025-02-12,2025-02-17,Printer,Office Supplies,Global Supply,Hyderabad WH,Kolkata,Wholesale,11,15000,165000,2525,Delivered,Debit Card
103789,2025-01-13,2025-01-20,Monitor,Electronics,Tech World,Delhi WH,Ahmedabad,Retail,7,12000,84000,1631,Delivered,Cash
103790,2025-12-16,2025-12-19,Mouse,Accessories,Global Supply,Chennai WH,Chennai,Wholesale,5,700,3500,2133,Delivered,Cash
103791,2025-10-06,2025-10-13,Keyboard,Accessories,Global Supply,Delhi WH,Bangalore,Wholesale,9,900,8100,2541,Delayed,Debit Card
103792,2025-02-19,2025-02-25,Switch,Networking,Prime Distributors,Mumbai WH,Mumbai,Wholesale,13,6000,78000,2330,Delivered,Net Banking
103793,2025-07-05,2025-07-10,Laptop,Electronics,Prime Distributors,Delhi WH,Mumbai,Wholesale,11,55000,605000,605,In Transit,Net Banking
103794,2025-11-19,2025-11-22,SSD,Storage,Prime Distributors,Chennai WH,Lucknow,Wholesale,15,5500,82500,1644,Delivered,Credit Card
103795,2025-11-05,2025-11-06,Webcam,Accessories,Global Supply,Mumbai WH,Mumbai,Retail,12,2500,30000,2938,Delivered,Credit Card
103796,2025-10-14,2025-10-19,Desktop,Electronics,ABC Suppliers,Chennai WH,Mumbai,Retail,1,45000,45000,1828,Delivered,Cash
103797,2025-09-15,2025-09-19,Hard Disk,Storage,Global Supply,Chennai WH,Chennai,Retail,1,4200,4200,900,In Transit,Credit Card
103798,2025-04-06,2025-04-07,Projector,Electronics,Global Supply,Hyderabad WH,Chennai,Retail,19,40000,760000,2552,Delivered,Debit Card
103799,2025-07-21,2025-07-24,Office Desk,Furniture,Global Supply,Mumbai WH,Jaipur,Wholesale,14,15000,210000,605,Delayed,Credit Card
103800,2025-06-17,2025-06-22,Scanner,Office Supplies,Global Supply,Delhi WH,Hyderabad,Retail,8,12000,96000,2905,Delivered,Debit Card
103801,2025-06-07,2025-06-09,Desktop,Electronics,Prime Distributors,Bangalore WH,Lucknow,Retail,3,45000,135000,779,Delivered,UPI
103802,2025-10-30,2025-11-04,Hard Disk,Storage,Global Supply,Hyderabad WH,Mumbai,Retail,2,4200,8400,2218,In Transit,Cash
103803,2025-10-30,2025-11-03,SSD,Storage,Prime Distributors,Bangalore WH,Chennai,Retail,8,5500,44000,2804,Delivered,Cash
103804,2025-06-09,2025-06-16,Switch,Networking,Tech World,Mumbai WH,Kolkata,Retail,11,6000,66000,448,Delivered,Debit Card
103805,2025-06-19,2025-06-25,SSD,Storage,Prime Distributors,Chennai WH,Mumbai,Retail,20,5500,110000,2236,Delivered,Credit Card
103806,2025-07-02,2025-07-09,Scanner,Office Supplies,Global Supply,Hyderabad WH,Bangalore,Retail,4,12000,48000,2474,Delivered,Debit Card
103807,2025-07-05,2025-07-07,Office Chair,Furniture,Prime Distributors,Hyderabad WH,Lucknow,Retail,19,8500,161500,2956,Delivered,Cash
103808,2025-04-03,2025-04-07,Switch,Networking,Tech World,Delhi WH,Bangalore,Retail,14,6000,84000,2670,Delivered,UPI
103809,2025-03-19,2025-03-22,Keyboard,Accessories,ABC Suppliers,Delhi WH,Mumbai,Retail,4,900,3600,581,In Transit,Cash
103810,2025-10-22,2025-10-27,Office Desk,Furniture,Tech World,Hyderabad WH,Kolkata,Wholesale,17,15000,255000,833,Delivered,Net Banking
103811,2025-05-15,2025-05-18,Keyboard,Accessories,Global Supply,Bangalore WH,Delhi,Wholesale,18,900,16200,396,Delayed,Credit Card
103812,2025-08-13,2025-08-19,Monitor,Electronics,Tech World,Hyderabad WH,Ahmedabad,Retail,5,12000,60000,2565,Delivered,Cash
103813,2025-12-22,2025-12-23,Keyboard,Accessories,Tech World,Hyderabad WH,Kolkata,Retail,19,900,17100,501,Delayed,Debit Card
103814,2025-06-17,2025-06-24,Switch,Networking,Global Supply,Hyderabad WH,Lucknow,Retail,2,6000,12000,1703,Delivered,Cash
103815,2025-06-16,2025-06-19,Switch,Networking,Global Supply,Mumbai WH,Ahmedabad,Wholesale,19,6000,114000,257,In Transit,Cash
103816,2025-12-21,2025-12-26,Mouse,Accessories,XYZ Traders,Delhi WH,Ahmedabad,Wholesale,3,700,2100,950,In Transit,Debit Card
103817,2025-05-09,2025-05-15,Switch,Networking,Tech World,Bangalore WH,Pune,Retail,10,6000,60000,1096,Delivered,UPI
103818,2025-02-14,2025-02-16,Mouse,Accessories,Global Supply,Bangalore WH,Lucknow,Retail,9,700,6300,996,Delayed,Debit Card
103819,2025-08-27,2025-09-01,Webcam,Accessories,Prime Distributors,Delhi WH,Lucknow,Wholesale,7,2500,17500,615,Delivered,Credit Card
103820,2025-08-21,2025-08-28,Office Desk,Furniture,Prime Distributors,Delhi WH,Pune,Retail,3,15000,45000,2510,Delivered,Credit Card
103821,2025-02-10,2025-02-11,Mouse,Accessories,XYZ Traders,Mumbai WH,Mumbai,Wholesale,14,700,9800,2583,Delivered,UPI
103822,2025-09-07,2025-09-11,SSD,Storage,ABC Suppliers,Bangalore WH,Kolkata,Retail,15,5500,82500,1031,Delivered,Net Banking
103823,2025-06-09,2025-06-15,SSD,Storage,Tech World,Chennai WH,Lucknow,Retail,15,5500,82500,1363,Delivered,Cash
103824,2025-01-11,2025-01-16,Printer,Office Supplies,Global Supply,Bangalore WH,Lucknow,Wholesale,9,15000,135000,2100,Delivered,Net Banking
103825,2025-03-06,2025-03-10,Keyboard,Accessories,ABC Suppliers,Bangalore WH,Bangalore,Retail,16,900,14400,1174,In Transit,UPI
103826,2025-11-10,2025-11-17,Mouse,Accessories,Prime Distributors,Delhi WH,Hyderabad,Retail,3,700,2100,1773,Delivered,Cash
103827,2025-04-30,2025-05-04,Router,Networking,Prime Distributors,Delhi WH,Lucknow,Retail,7,3500,24500,555,Delivered,Cash
103828,2025-11-17,2025-11-22,Monitor,Electronics,XYZ Traders,Hyderabad WH,Hyderabad,Retail,7,12000,84000,1628,In Transit,Cash
103829,2025-05-11,2025-05-15,Projector,Electronics,Tech World,Bangalore WH,Chennai,Retail,20,40000,800000,1330,Delayed,Cash
103830,2025-08-04,2025-08-10,SSD,Storage,XYZ Traders,Delhi WH,Chennai,Retail,20,5500,110000,1702,Delivered,UPI
103831,2025-06-20,2025-06-25,Printer,Office Supplies,Prime Distributors,Chennai WH,Jaipur,Wholesale,7,15000,105000,1825,In Transit,UPI
103832,2025-10-19,2025-10-26,Mouse,Accessories,Global Supply,Mumbai WH,Delhi,Retail,10,700,7000,997,Delivered,UPI
103833,2025-07-20,2025-07-23,Scanner,Office Supplies,Tech World,Hyderabad WH,Lucknow,Wholesale,1,12000,12000,1005,Delivered,Credit Card
103834,2025-06-17,2025-06-21,Switch,Networking,XYZ Traders,Bangalore WH,Kolkata,Wholesale,4,6000,24000,732,Delivered,UPI
103835,2025-10-10,2025-10-12,Router,Networking,Prime Distributors,Mumbai WH,Pune,Retail,10,3500,35000,901,Delivered,Cash
103836,2025-12-17,2025-12-21,Office Chair,Furniture,Tech World,Mumbai WH,Chennai,Wholesale,17,8500,144500,217,In Transit,Credit Card
103837,2025-04-30,2025-05-03,Switch,Networking,XYZ Traders,Chennai WH,Pune,Wholesale,18,6000,108000,2474,Delivered,Net Banking
103838,2025-11-13,2025-11-18,Hard Disk,Storage,Tech World,Bangalore WH,Ahmedabad,Retail,14,4200,58800,1248,Delivered,Credit Card
103839,2025-09-28,2025-09-30,Keyboard,Accessories,ABC Suppliers,Delhi WH,Hyderabad,Retail,5,900,4500,483,Delivered,Debit Card
103840,2025-05-22,2025-05-27,Office Desk,Furniture,Tech World,Hyderabad WH,Mumbai,Wholesale,7,15000,105000,1799,Delivered,Credit Card
103841,2025-06-28,2025-07-02,Laptop,Electronics,ABC Suppliers,Chennai WH,Mumbai,Retail,18,55000,990000,674,Delivered,Net Banking
103842,2025-10-15,2025-10-20,Office Chair,Furniture,XYZ Traders,Bangalore WH,Ahmedabad,Wholesale,9,8500,76500,1673,Cancelled,Cash
103843,2025-01-21,2025-01-25,Mouse,Accessories,Prime Distributors,Mumbai WH,Delhi,Wholesale,10,700,7000,2049,Delivered,Debit Card
103844,2025-06-23,2025-06-29,SSD,Storage,Prime Distributors,Bangalore WH,Jaipur,Wholesale,15,5500,82500,2690,Delivered,Debit Card
103845,2025-08-16,2025-08-21,Hard Disk,Storage,Tech World,Bangalore WH,Bangalore,Wholesale,7,4200,29400,1675,Delivered,Cash
103846,2025-12-24,2025-12-29,Office Chair,Furniture,ABC Suppliers,Hyderabad WH,Kolkata,Retail,16,8500,136000,916,Delivered,Net Banking
103847,2025-04-13,2025-04-19,Webcam,Accessories,XYZ Traders,Delhi WH,Hyderabad,Wholesale,8,2500,20000,2649,In Transit,Credit Card
103848,2025-01-30,2025-02-03,SSD,Storage,ABC Suppliers,Chennai WH,Pune,Wholesale,12,5500,66000,818,Delivered,Debit Card
103849,2025-08-25,2025-08-28,Keyboard,Accessories,Tech World,Delhi WH,Hyderabad,Wholesale,17,900,15300,380,Cancelled,UPI
103850,2025-09-23,2025-09-24,SSD,Storage,XYZ Traders,Mumbai WH,Chennai,Wholesale,11,5500,60500,2056,Delivered,Debit Card
103851,2025-12-16,2025-12-23,Scanner,Office Supplies,XYZ Traders,Chennai WH,Hyderabad,Retail,14,12000,168000,906,Delivered,Net Banking
103852,2025-02-10,2025-02-15,Desktop,Electronics,Tech World,Delhi WH,Ahmedabad,Retail,15,45000,675000,2454,Delivered,Credit Card
103853,2025-09-06,2025-09-12,Webcam,Accessories,XYZ Traders,Bangalore WH,Bangalore,Retail,7,2500,17500,454,Delivered,Credit Card
103854,2025-09-27,2025-09-29,Hard Disk,Storage,XYZ Traders,Chennai WH,Chennai,Retail,18,4200,75600,2197,Delivered,Cash
103855,2025-01-11,2025-01-12,Printer,Office Supplies,ABC Suppliers,Bangalore WH,Hyderabad,Wholesale,16,15000,240000,972,Delayed,Debit Card
103856,2025-02-25,2025-02-27,Printer,Office Supplies,XYZ Traders,Delhi WH,Bangalore,Wholesale,7,15000,105000,2731,Delivered,Debit Card
103857,2025-11-17,2025-11-23,Keyboard,Accessories,XYZ Traders,Mumbai WH,Bangalore,Wholesale,18,900,16200,2003,Delivered,Cash
103858,2025-05-04,2025-05-10,Webcam,Accessories,Prime Distributors,Chennai WH,Kolkata,Retail,7,2500,17500,991,Delivered,Cash
103859,2025-04-23,2025-04-24,Mouse,Accessories,ABC Suppliers,Delhi WH,Mumbai,Retail,15,700,10500,1957,Delivered,Credit Card
103860,2025-08-19,2025-08-23,Router,Networking,Tech World,Hyderabad WH,Bangalore,Retail,12,3500,42000,909,Delivered,Net Banking
103861,2025-01-18,2025-01-20,Mouse,Accessories,XYZ Traders,Delhi WH,Ahmedabad,Retail,13,700,9100,1754,Delivered,Cash
103862,2025-01-31,2025-02-04,Webcam,Accessories,Prime Distributors,Mumbai WH,Lucknow,Wholesale,14,2500,35000,2518,In Transit,Cash
103863,2025-03-12,2025-03-18,Scanner,Office Supplies,ABC Suppliers,Chennai WH,Delhi,Wholesale,7,12000,84000,306,Delivered,Net Banking
103864,2025-11-28,2025-11-29,Scanner,Office Supplies,Tech World,Chennai WH,Chennai,Wholesale,5,12000,60000,2667,Delivered,Debit Card
103865,2025-12-17,2025-12-18,Projector,Electronics,Global Supply,Hyderabad WH,Ahmedabad,Retail,6,40000,240000,1115,Delivered,Net Banking
103866,2025-01-22,2025-01-28,Scanner,Office Supplies,Tech World,Hyderabad WH,Bangalore,Retail,1,12000,12000,383,Delivered,UPI
103867,2025-04-11,2025-04-13,Keyboard,Accessories,XYZ Traders,Chennai WH,Mumbai,Retail,4,900,3600,2689,Delivered,Net Banking
103868,2025-11-18,2025-11-19,Hard Disk,Storage,Tech World,Chennai WH,Chennai,Wholesale,10,4200,42000,2772,In Transit,Credit Card
103869,2025-04-30,2025-05-07,Projector,Electronics,Prime Distributors,Delhi WH,Lucknow,Retail,17,40000,680000,265,In Transit,Debit Card
103870,2025-09-04,2025-09-06,Scanner,Office Supplies,XYZ Traders,Mumbai WH,Lucknow,Retail,15,12000,180000,613,Delivered,Debit Card
103871,2025-08-07,2025-08-11,Scanner,Office Supplies,Tech World,Delhi WH,Hyderabad,Wholesale,7,12000,84000,2196,Delivered,Credit Card
103872,2025-07-27,2025-07-30,Printer,Office Supplies,ABC Suppliers,Hyderabad WH,Chennai,Wholesale,19,15000,285000,724,Delayed,Credit Card
103873,2025-11-18,2025-11-21,Scanner,Office Supplies,Global Supply,Delhi WH,Ahmedabad,Retail,12,12000,144000,2465,Delivered,Debit Card
103874,2025-06-24,2025-06-27,Monitor,Electronics,Tech World,Chennai WH,Jaipur,Wholesale,4,12000,48000,690,Delivered,Net Banking
103875,2025-05-17,2025-05-24,Desktop,Electronics,Tech World,Delhi WH,Hyderabad,Wholesale,6,45000,270000,267,Delivered,Cash
103876,2025-06-26,2025-07-01,Laptop,Electronics,XYZ Traders,Mumbai WH,Pune,Retail,1,55000,55000,1958,Delivered,Net Banking
103877,2025-06-19,2025-06-25,Mouse,Accessories,Prime Distributors,Bangalore WH,Jaipur,Wholesale,7,700,4900,2713,In Transit,Credit Card
103878,2025-02-05,2025-02-12,Webcam,Accessories,ABC Suppliers,Bangalore WH,Lucknow,Wholesale,10,2500,25000,1413,Delivered,Net Banking
103879,2025-01-02,2025-01-04,Printer,Office Supplies,Prime Distributors,Bangalore WH,Jaipur,Retail,20,15000,300000,1523,Delivered,Debit Card
103880,2025-04-11,2025-04-18,Desktop,Electronics,XYZ Traders,Chennai WH,Chennai,Retail,8,45000,360000,1707,Delayed,Credit Card
103881,2025-10-19,2025-10-25,Laptop,Electronics,ABC Suppliers,Mumbai WH,Mumbai,Wholesale,18,55000,990000,841,Delivered,Credit Card
103882,2025-02-04,2025-02-06,Webcam,Accessories,Prime Distributors,Bangalore WH,Hyderabad,Wholesale,2,2500,5000,2757,In Transit,UPI
103883,2025-04-26,2025-05-02,Laptop,Electronics,Tech World,Bangalore WH,Pune,Retail,1,55000,55000,2193,Delivered,Credit Card
103884,2025-08-21,2025-08-26,Hard Disk,Storage,XYZ Traders,Delhi WH,Lucknow,Wholesale,16,4200,67200,1830,Delivered,Credit Card
103885,2025-05-16,2025-05-19,Switch,Networking,Prime Distributors,Chennai WH,Bangalore,Wholesale,13,6000,78000,1777,Delivered,Credit Card
103886,2025-10-07,2025-10-09,Monitor,Electronics,Global Supply,Mumbai WH,Mumbai,Retail,10,12000,120000,1851,Delayed,Debit Card
103887,2025-03-06,2025-03-10,Hard Disk,Storage,Tech World,Bangalore WH,Hyderabad,Retail,1,4200,4200,1421,Delivered,Net Banking
103888,2025-12-23,2025-12-25,Router,Networking,ABC Suppliers,Delhi WH,Delhi,Wholesale,13,3500,45500,2861,Delayed,Net Banking
103889,2025-09-16,2025-09-18,Desktop,Electronics,Prime Distributors,Delhi WH,Ahmedabad,Wholesale,10,45000,450000,753,Delivered,UPI
103890,2025-10-12,2025-10-15,Office Chair,Furniture,ABC Suppliers,Delhi WH,Chennai,Retail,12,8500,102000,2441,Cancelled,Debit Card
103891,2025-05-01,2025-05-06,Desktop,Electronics,Global Supply,Bangalore WH,Mumbai,Retail,4,45000,180000,816,Delayed,Debit Card
103892,2025-09-09,2025-09-13,Router,Networking,Prime Distributors,Bangalore WH,Kolkata,Retail,8,3500,28000,951,Delivered,UPI
103893,2025-12-07,2025-12-13,Webcam,Accessories,ABC Suppliers,Hyderabad WH,Mumbai,Retail,12,2500,30000,1035,In Transit,Net Banking
103894,2025-11-11,2025-11-16,Mouse,Accessories,Tech World,Mumbai WH,Hyderabad,Retail,16,700,11200,1685,Cancelled,Net Banking
103895,2025-12-16,2025-12-22,Mouse,Accessories,Tech World,Bangalore WH,Pune,Wholesale,3,700,2100,1678,Delivered,Net Banking
103896,2025-06-05,2025-06-11,Office Chair,Furniture,XYZ Traders,Hyderabad WH,Mumbai,Retail,13,8500,110500,2305,Delivered,UPI
103897,2025-07-05,2025-07-08,SSD,Storage,Global Supply,Delhi WH,Chennai,Retail,9,5500,49500,2134,Delivered,UPI
103898,2025-01-12,2025-01-13,Laptop,Electronics,Tech World,Chennai WH,Kolkata,Wholesale,10,55000,550000,1805,Delivered,Cash
103899,2025-12-03,2025-12-07,Printer,Office Supplies,ABC Suppliers,Hyderabad WH,Kolkata,Wholesale,17,15000,255000,284,In Transit,Credit Card
103900,2025-03-19,2025-03-24,Router,Networking,Prime Distributors,Mumbai WH,Hyderabad,Wholesale,7,3500,24500,864,Delayed,Cash
103901,2025-05-11,2025-05-16,Switch,Networking,ABC Suppliers,Bangalore WH,Ahmedabad,Retail,11,6000,66000,2031,In Transit,UPI
103902,2025-02-08,2025-02-12,Office Chair,Furniture,Global Supply,Delhi WH,Pune,Wholesale,10,8500,85000,885,Delivered,Debit Card
103903,2025-04-11,2025-04-16,Desktop,Electronics,XYZ Traders,Hyderabad WH,Mumbai,Retail,10,45000,450000,1172,Delayed,UPI
103904,2025-10-31,2025-11-05,SSD,Storage,Global Supply,Chennai WH,Bangalore,Wholesale,3,5500,16500,1456,In Transit,Cash
103905,2025-12-30,2025-12-31,Printer,Office Supplies,Global Supply,Mumbai WH,Bangalore,Wholesale,5,15000,75000,1564,Delivered,Debit Card
103906,2025-02-06,2025-02-11,Hard Disk,Storage,ABC Suppliers,Bangalore WH,Jaipur,Wholesale,7,4200,29400,994,Delivered,Credit Card
103907,2025-11-27,2025-11-29,Projector,Electronics,ABC Suppliers,Hyderabad WH,Ahmedabad,Wholesale,15,40000,600000,2918,Delivered,Debit Card
103908,2025-11-09,2025-11-11,Office Desk,Furniture,Global Supply,Delhi WH,Mumbai,Retail,19,15000,285000,2733,Delivered,Cash
103909,2025-07-29,2025-08-01,Hard Disk,Storage,Prime Distributors,Mumbai WH,Ahmedabad,Retail,2,4200,8400,1339,Delivered,Credit Card
103910,2025-08-18,2025-08-21,Hard Disk,Storage,ABC Suppliers,Bangalore WH,Delhi,Retail,19,4200,79800,2465,Delivered,Net Banking
103911,2025-09-17,2025-09-24,Office Desk,Furniture,Prime Distributors,Delhi WH,Chennai,Wholesale,10,15000,150000,249,Delivered,UPI
103912,2025-02-28,2025-03-04,Hard Disk,Storage,XYZ Traders,Bangalore WH,Kolkata,Retail,2,4200,8400,2677,In Transit,Cash
103913,2025-05-10,2025-05-17,Printer,Office Supplies,ABC Suppliers,Bangalore WH,Kolkata,Retail,1,15000,15000,2262,Delivered,Net Banking
103914,2025-01-20,2025-01-22,SSD,Storage,Global Supply,Delhi WH,Bangalore,Retail,19,5500,104500,1030,Delivered,Credit Card
103915,2025-03-31,2025-04-07,Office Desk,Furniture,Tech World,Bangalore WH,Pune,Retail,8,15000,120000,2205,Delivered,Cash
103916,2025-03-08,2025-03-11,Desktop,Electronics,Global Supply,Delhi WH,Kolkata,Retail,9,45000,405000,666,Delivered,UPI
103917,2025-12-18,2025-12-24,Projector,Electronics,Tech World,Mumbai WH,Bangalore,Wholesale,19,40000,760000,1486,Delivered,UPI
103918,2025-06-01,2025-06-07,Keyboard,Accessories,Global Supply,Delhi WH,Delhi,Wholesale,4,900,3600,571,Delivered,Debit Card
103919,2025-03-07,2025-03-12,Keyboard,Accessories,ABC Suppliers,Hyderabad WH,Bangalore,Retail,10,900,9000,1750,Delivered,Net Banking
103920,2025-06-19,2025-06-22,Router,Networking,Global Supply,Delhi WH,Pune,Retail,10,3500,35000,2175,In Transit,Debit Card
103921,2025-01-05,2025-01-12,Laptop,Electronics,Prime Distributors,Mumbai WH,Mumbai,Wholesale,14,55000,770000,2409,Delivered,Cash
103922,2025-04-09,2025-04-12,Monitor,Electronics,Tech World,Hyderabad WH,Mumbai,Wholesale,4,12000,48000,1680,Delayed,Debit Card
103923,2025-11-07,2025-11-08,Office Desk,Furniture,Tech World,Delhi WH,Pune,Retail,15,15000,225000,2352,Delivered,Net Banking
103924,2025-02-12,2025-02-14,Desktop,Electronics,Global Supply,Delhi WH,Ahmedabad,Wholesale,9,45000,405000,1597,Delivered,Cash
103925,2025-12-05,2025-12-08,Keyboard,Accessories,Prime Distributors,Mumbai WH,Hyderabad,Wholesale,7,900,6300,497,In Transit,Debit Card
103926,2025-10-20,2025-10-27,Webcam,Accessories,Tech World,Bangalore WH,Pune,Retail,2,2500,5000,2468,Delivered,Cash
103927,2025-06-24,2025-06-30,Desktop,Electronics,ABC Suppliers,Hyderabad WH,Delhi,Wholesale,16,45000,720000,521,Delivered,UPI
103928,2025-01-23,2025-01-29,Webcam,Accessories,Tech World,Delhi WH,Ahmedabad,Wholesale,17,2500,42500,2884,Delivered,Credit Card
103929,2025-03-17,2025-03-20,Router,Networking,Global Supply,Delhi WH,Hyderabad,Wholesale,16,3500,56000,622,In Transit,Debit Card
103930,2025-10-18,2025-10-25,Router,Networking,Prime Distributors,Delhi WH,Chennai,Wholesale,7,3500,24500,1937,Delivered,Debit Card
103931,2025-11-30,2025-12-02,Projector,Electronics,Tech World,Chennai WH,Lucknow,Wholesale,20,40000,800000,2306,Delayed,Net Banking
103932,2025-03-21,2025-03-25,Printer,Office Supplies,ABC Suppliers,Chennai WH,Pune,Retail,5,15000,75000,2870,Delivered,UPI
103933,2025-07-02,2025-07-03,Scanner,Office Supplies,Global Supply,Mumbai WH,Chennai,Retail,15,12000,180000,1511,Delivered,Debit Card
103934,2025-09-10,2025-09-16,Desktop,Electronics,XYZ Traders,Delhi WH,Delhi,Retail,19,45000,855000,361,Delivered,Debit Card
103935,2025-09-26,2025-09-27,Laptop,Electronics,Tech World,Chennai WH,Ahmedabad,Wholesale,18,55000,990000,2843,Delivered,Debit Card
103936,2025-11-07,2025-11-09,Desktop,Electronics,Tech World,Mumbai WH,Delhi,Wholesale,13,45000,585000,2228,Delivered,Cash
103937,2025-10-16,2025-10-22,Router,Networking,Global Supply,Chennai WH,Delhi,Wholesale,4,3500,14000,993,Cancelled,UPI
103938,2025-05-19,2025-05-22,Keyboard,Accessories,Prime Distributors,Hyderabad WH,Jaipur,Retail,20,900,18000,233,Delivered,Net Banking
103939,2025-12-21,2025-12-28,Router,Networking,XYZ Traders,Chennai WH,Kolkata,Wholesale,11,3500,38500,808,In Transit,Cash
103940,2025-04-08,2025-04-10,Scanner,Office Supplies,Global Supply,Delhi WH,Chennai,Retail,15,12000,180000,425,Delivered,Credit Card
103941,2025-03-13,2025-03-16,Keyboard,Accessories,Tech World,Bangalore WH,Jaipur,Retail,4,900,3600,2892,Delivered,Net Banking
103942,2025-09-24,2025-09-27,Monitor,Electronics,ABC Suppliers,Mumbai WH,Jaipur,Wholesale,12,12000,144000,1099,Delivered,Debit Card
103943,2025-05-16,2025-05-19,Monitor,Electronics,ABC Suppliers,Hyderabad WH,Kolkata,Retail,5,12000,60000,2126,Delivered,Debit Card
103944,2025-01-22,2025-01-28,Desktop,Electronics,Tech World,Chennai WH,Ahmedabad,Wholesale,19,45000,855000,2144,Cancelled,Cash
103945,2025-10-13,2025-10-17,Office Chair,Furniture,ABC Suppliers,Delhi WH,Chennai,Wholesale,14,8500,119000,2675,Delivered,Credit Card
103946,2025-06-22,2025-06-23,Projector,Electronics,Global Supply,Mumbai WH,Chennai,Wholesale,6,40000,240000,1818,In Transit,Debit Card
103947,2025-05-20,2025-05-24,Keyboard,Accessories,Prime Distributors,Chennai WH,Delhi,Wholesale,1,900,900,554,Delayed,Net Banking
103948,2025-08-20,2025-08-21,Projector,Electronics,Tech World,Chennai WH,Pune,Wholesale,20,40000,800000,1655,Delivered,Credit Card
103949,2025-08-24,2025-08-31,Switch,Networking,Global Supply,Hyderabad WH,Chennai,Wholesale,16,6000,96000,800,In Transit,Net Banking
103950,2025-08-02,2025-08-04,SSD,Storage,Prime Distributors,Delhi WH,Mumbai,Wholesale,14,5500,77000,1658,In Transit,UPI
103951,2025-01-02,2025-01-03,Switch,Networking,Global Supply,Chennai WH,Chennai,Wholesale,9,6000,54000,610,Delivered,Cash
103952,2025-10-14,2025-10-17,Switch,Networking,Prime Distributors,Delhi WH,Chennai,Wholesale,19,6000,114000,780,Delivered,UPI
103953,2025-04-26,2025-04-27,Laptop,Electronics,XYZ Traders,Hyderabad WH,Lucknow,Retail,10,55000,550000,1548,Delivered,Credit Card
103954,2025-12-12,2025-12-14,Projector,Electronics,Tech World,Delhi WH,Hyderabad,Retail,1,40000,40000,1475,Delivered,Credit Card
103955,2025-10-12,2025-10-14,Mouse,Accessories,Tech World,Hyderabad WH,Lucknow,Retail,14,700,9800,807,Delayed,Credit Card
103956,2025-01-11,2025-01-16,Desktop,Electronics,Global Supply,Bangalore WH,Jaipur,Wholesale,12,45000,540000,1849,Delivered,Credit Card
103957,2025-01-28,2025-01-31,Office Desk,Furniture,Tech World,Delhi WH,Kolkata,Retail,5,15000,75000,2471,Delivered,Net Banking
103958,2025-10-22,2025-10-24,Office Desk,Furniture,Prime Distributors,Delhi WH,Lucknow,Retail,4,15000,60000,1143,Delivered,Debit Card
103959,2025-03-10,2025-03-17,Keyboard,Accessories,XYZ Traders,Mumbai WH,Bangalore,Wholesale,20,900,18000,2196,In Transit,Net Banking
103960,2025-10-31,2025-11-04,Mouse,Accessories,XYZ Traders,Hyderabad WH,Chennai,Wholesale,14,700,9800,1278,Delivered,UPI
103961,2025-07-23,2025-07-27,Scanner,Office Supplies,Prime Distributors,Delhi WH,Hyderabad,Wholesale,13,12000,156000,2687,Delivered,Debit Card
103962,2025-05-12,2025-05-19,Desktop,Electronics,Tech World,Bangalore WH,Pune,Wholesale,4,45000,180000,1467,Delivered,Debit Card
103963,2025-11-29,2025-12-06,Hard Disk,Storage,Global Supply,Bangalore WH,Hyderabad,Wholesale,20,4200,84000,1667,Delivered,Credit Card
103964,2025-07-27,2025-07-28,Laptop,Electronics,Tech World,Delhi WH,Hyderabad,Wholesale,20,55000,1100000,452,Delivered,Cash
103965,2025-07-05,2025-07-12,Hard Disk,Storage,Tech World,Delhi WH,Delhi,Retail,7,4200,29400,2670,Delivered,Net Banking
103966,2025-12-22,2025-12-27,Webcam,Accessories,ABC Suppliers,Delhi WH,Ahmedabad,Retail,8,2500,20000,1292,Delivered,Credit Card
103967,2025-04-06,2025-04-09,Laptop,Electronics,ABC Suppliers,Chennai WH,Lucknow,Retail,19,55000,1045000,1356,Delayed,Cash
103968,2025-09-29,2025-10-06,Monitor,Electronics,Prime Distributors,Bangalore WH,Hyderabad,Retail,4,12000,48000,557,Delivered,UPI
103969,2025-12-19,2025-12-24,Printer,Office Supplies,Tech World,Delhi WH,Pune,Wholesale,5,15000,75000,816,Delayed,UPI
103970,2025-01-12,2025-01-19,Scanner,Office Supplies,ABC Suppliers,Delhi WH,Delhi,Retail,1,12000,12000,912,Delivered,Net Banking
103971,2025-05-03,2025-05-04,Router,Networking,Prime Distributors,Delhi WH,Kolkata,Wholesale,14,3500,49000,2830,In Transit,Credit Card
103972,2025-11-17,2025-11-18,Scanner,Office Supplies,Global Supply,Hyderabad WH,Lucknow,Wholesale,10,12000,120000,2372,Cancelled,Debit Card
103973,2025-12-11,2025-12-18,Printer,Office Supplies,ABC Suppliers,Bangalore WH,Lucknow,Wholesale,3,15000,45000,1018,Delivered,Net Banking
103974,2025-12-27,2025-12-28,Router,Networking,Global Supply,Chennai WH,Chennai,Retail,14,3500,49000,715,Delivered,Debit Card
103975,2025-07-12,2025-07-19,Mouse,Accessories,Tech World,Hyderabad WH,Kolkata,Retail,7,700,4900,1607,Cancelled,Cash
103976,2025-09-27,2025-10-04,Switch,Networking,Tech World,Delhi WH,Delhi,Wholesale,19,6000,114000,2483,Delayed,Cash
103977,2025-07-28,2025-07-29,Monitor,Electronics,ABC Suppliers,Chennai WH,Chennai,Wholesale,12,12000,144000,1999,Delivered,Cash
103978,2025-05-12,2025-05-18,Router,Networking,Tech World,Bangalore WH,Delhi,Retail,6,3500,21000,463,Delivered,Credit Card
103979,2025-10-15,2025-10-20,Printer,Office Supplies,Prime Distributors,Hyderabad WH,Chennai,Retail,20,15000,300000,2914,In Transit,UPI
103980,2025-05-13,2025-05-20,Webcam,Accessories,Tech World,Chennai WH,Delhi,Retail,19,2500,47500,1947,Delivered,Credit Card
103981,2025-02-11,2025-02-12,SSD,Storage,Tech World,Hyderabad WH,Pune,Retail,20,5500,110000,760,Delivered,Debit Card
103982,2025-05-29,2025-06-02,SSD,Storage,Tech World,Hyderabad WH,Delhi,Retail,14,5500,77000,2455,In Transit,Net Banking
103983,2025-08-11,2025-08-15,Printer,Office Supplies,ABC Suppliers,Mumbai WH,Ahmedabad,Retail,7,15000,105000,2909,Delivered,Credit Card
103984,2025-03-19,2025-03-23,Monitor,Electronics,XYZ Traders,Chennai WH,Ahmedabad,Wholesale,11,12000,132000,435,Delivered,UPI
103985,2025-06-09,2025-06-14,Monitor,Electronics,ABC Suppliers,Delhi WH,Mumbai,Wholesale,15,12000,180000,2869,Delayed,Credit Card
103986,2025-12-20,2025-12-26,Hard Disk,Storage,XYZ Traders,Delhi WH,Ahmedabad,Wholesale,13,4200,54600,380,Delivered,Credit Card
103987,2025-11-25,2025-12-01,Office Desk,Furniture,XYZ Traders,Delhi WH,Delhi,Wholesale,12,15000,180000,232,Delivered,UPI
103988,2025-05-25,2025-05-31,Projector,Electronics,Prime Distributors,Chennai WH,Chennai,Wholesale,18,40000,720000,2316,Delayed,Net Banking
103989,2025-10-19,2025-10-24,Mouse,Accessories,XYZ Traders,Mumbai WH,Ahmedabad,Retail,13,700,9100,389,Delivered,Cash
103990,2025-12-19,2025-12-22,Keyboard,Accessories,Global Supply,Hyderabad WH,Jaipur,Wholesale,2,900,1800,866,Delivered,Credit Card
103991,2025-07-06,2025-07-10,Switch,Networking,ABC Suppliers,Chennai WH,Mumbai,Wholesale,11,6000,66000,2968,Delayed,Net Banking
103992,2025-05-25,2025-05-26,Desktop,Electronics,Tech World,Hyderabad WH,Pune,Retail,4,45000,180000,1488,Delivered,Net Banking
103993,2025-11-29,2025-12-02,Printer,Office Supplies,Tech World,Hyderabad WH,Hyderabad,Retail,3,15000,45000,580,In Transit,Credit Card
103994,2025-07-26,2025-07-28,Hard Disk,Storage,Global Supply,Hyderabad WH,Mumbai,Wholesale,2,4200,8400,1297,Delayed,Cash
103995,2025-08-03,2025-08-07,Office Desk,Furniture,Tech World,Hyderabad WH,Hyderabad,Wholesale,20,15000,300000,854,Delivered,Credit Card
103996,2025-01-11,2025-01-16,Hard Disk,Storage,Prime Distributors,Chennai WH,Ahmedabad,Retail,17,4200,71400,2715,Delayed,Net Banking
103997,2025-04-06,2025-04-09,Laptop,Electronics,Global Supply,Bangalore WH,Delhi,Retail,16,55000,880000,2293,Delivered,Credit Card
103998,2025-05-05,2025-05-09,Mouse,Accessories,Prime Distributors,Bangalore WH,Ahmedabad,Wholesale,9,700,6300,1627,Delayed,Net Banking
103999,2025-12-21,2025-12-24,Desktop,Electronics,Prime Distributors,Chennai WH,Hyderabad,Wholesale,17,45000,765000,2469,Delivered,Cash
104000,2025-03-26,2025-03-29,Hard Disk,Storage,Tech World,Mumbai WH,Chennai,Wholesale,5,4200,21000,1043,Delivered,Debit Card
104001,2025-06-28,2025-07-05,Printer,Office Supplies,Prime Distributors,Bangalore WH,Delhi,Retail,12,15000,180000,1645,Delivered,Cash
104002,2025-12-23,2025-12-25,Printer,Office Supplies,ABC Suppliers,Hyderabad WH,Lucknow,Wholesale,17,15000,255000,430,In Transit,Debit Card
104003,2025-07-14,2025-07-17,Scanner,Office Supplies,XYZ Traders,Bangalore WH,Lucknow,Wholesale,1,12000,12000,2722,In Transit,Debit Card
104004,2025-07-23,2025-07-30,Printer,Office Supplies,ABC Suppliers,Mumbai WH,Chennai,Retail,19,15000,285000,818,Delivered,Credit Card
104005,2025-04-07,2025-04-13,Monitor,Electronics,Tech World,Hyderabad WH,Mumbai,Wholesale,18,12000,216000,2831,Delivered,Cash
104006,2025-10-05,2025-10-08,Keyboard,Accessories,ABC Suppliers,Hyderabad WH,Lucknow,Retail,17,900,15300,2157,Cancelled,Net Banking
104007,2025-02-19,2025-02-22,Switch,Networking,XYZ Traders,Hyderabad WH,Lucknow,Wholesale,20,6000,120000,535,In Transit,Credit Card
104008,2025-02-11,2025-02-18,Scanner,Office Supplies,XYZ Traders,Mumbai WH,Kolkata,Wholesale,13,12000,156000,2121,Delivered,Debit Card
104009,2025-05-23,2025-05-30,Laptop,Electronics,Global Supply,Hyderabad WH,Chennai,Wholesale,18,55000,990000,2387,Delivered,UPI
104010,2025-12-07,2025-12-09,Switch,Networking,XYZ Traders,Delhi WH,Jaipur,Retail,18,6000,108000,614,Delivered,Credit Card
104011,2025-02-06,2025-02-10,Keyboard,Accessories,ABC Suppliers,Delhi WH,Chennai,Retail,5,900,4500,2023,Delayed,UPI
104012,2025-05-06,2025-05-07,Office Desk,Furniture,Tech World,Mumbai WH,Hyderabad,Retail,13,15000,195000,2061,Delivered,Cash
104013,2025-10-13,2025-10-14,Router,Networking,Tech World,Chennai WH,Jaipur,Wholesale,13,3500,45500,1417,Delivered,Debit Card
104014,2025-09-24,2025-10-01,Printer,Office Supplies,Tech World,Hyderabad WH,Jaipur,Retail,10,15000,150000,1665,Delivered,Debit Card
104015,2025-09-26,2025-10-01,Printer,Office Supplies,Prime Distributors,Chennai WH,Mumbai,Wholesale,1,15000,15000,2622,Delivered,Net Banking
104016,2025-10-24,2025-10-25,Switch,Networking,Global Supply,Mumbai WH,Ahmedabad,Retail,6,6000,36000,830,Delivered,UPI
104017,2025-01-07,2025-01-12,Scanner,Office Supplies,Global Supply,Hyderabad WH,Pune,Retail,16,12000,192000,1108,Delivered,Credit Card
104018,2025-06-25,2025-07-02,SSD,Storage,Prime Distributors,Hyderabad WH,Delhi,Retail,2,5500,11000,1908,In Transit,UPI
104019,2025-10-15,2025-10-19,Router,Networking,XYZ Traders,Chennai WH,Mumbai,Retail,5,3500,17500,2829,Delivered,Cash
104020,2025-07-15,2025-07-22,Office Chair,Furniture,ABC Suppliers,Delhi WH,Jaipur,Retail,16,8500,136000,2021,Delivered,Net Banking
104021,2025-03-11,2025-03-17,Switch,Networking,XYZ Traders,Hyderabad WH,Ahmedabad,Retail,13,6000,78000,660,In Transit,Credit Card
104022,2025-08-05,2025-08-10,Laptop,Electronics,Global Supply,Hyderabad WH,Ahmedabad,Retail,14,55000,770000,1815,Delivered,Debit Card
104023,2025-05-17,2025-05-19,Router,Networking,Prime Distributors,Hyderabad WH,Hyderabad,Wholesale,15,3500,52500,633,Delivered,UPI
104024,2025-12-22,2025-12-24,Keyboard,Accessories,Prime Distributors,Delhi WH,Jaipur,Retail,18,900,16200,1543,Delivered,Net Banking
104025,2025-07-04,2025-07-09,Hard Disk,Storage,Tech World,Hyderabad WH,Mumbai,Wholesale,5,4200,21000,1833,Delivered,UPI
104026,2025-07-10,2025-07-15,Router,Networking,XYZ Traders,Mumbai WH,Chennai,Retail,10,3500,35000,1318,Delayed,Cash
104027,2025-04-17,2025-04-24,Office Desk,Furniture,Global Supply,Hyderabad WH,Kolkata,Wholesale,4,15000,60000,2749,In Transit,Credit Card
104028,2025-05-16,2025-05-18,Laptop,Electronics,Tech World,Delhi WH,Bangalore,Retail,1,55000,55000,284,Delivered,UPI
104029,2025-12-06,2025-12-07,Scanner,Office Supplies,Global Supply,Delhi WH,Mumbai,Wholesale,7,12000,84000,2418,Delivered,UPI
104030,2025-12-14,2025-12-17,Webcam,Accessories,Tech World,Hyderabad WH,Bangalore,Retail,1,2500,2500,1777,Cancelled,Cash
104031,2025-10-15,2025-10-16,Router,Networking,ABC Suppliers,Delhi WH,Pune,Wholesale,20,3500,70000,1374,In Transit,Net Banking
104032,2025-05-05,2025-05-09,Scanner,Office Supplies,Tech World,Chennai WH,Ahmedabad,Wholesale,12,12000,144000,1789,Delivered,Debit Card
104033,2025-07-28,2025-08-01,Mouse,Accessories,Tech World,Mumbai WH,Mumbai,Retail,14,700,9800,2851,Delayed,UPI
104034,2025-01-05,2025-01-07,Mouse,Accessories,Prime Distributors,Delhi WH,Kolkata,Retail,2,700,1400,2757,In Transit,UPI
104035,2025-05-06,2025-05-08,Mouse,Accessories,XYZ Traders,Mumbai WH,Ahmedabad,Wholesale,18,700,12600,626,Delivered,Credit Card
104036,2025-03-03,2025-03-09,Projector,Electronics,Prime Distributors,Delhi WH,Jaipur,Wholesale,4,40000,160000,1380,Delivered,Cash
104037,2025-02-14,2025-02-20,Laptop,Electronics,XYZ Traders,Bangalore WH,Ahmedabad,Wholesale,9,55000,495000,1874,Delivered,Net Banking
104038,2025-03-07,2025-03-09,Keyboard,Accessories,XYZ Traders,Delhi WH,Chennai,Retail,3,900,2700,1338,In Transit,Cash
104039,2025-08-12,2025-08-16,Webcam,Accessories,Prime Distributors,Delhi WH,Kolkata,Retail,3,2500,7500,2873,Delivered,Credit Card
104040,2025-06-26,2025-07-02,SSD,Storage,Tech World,Hyderabad WH,Jaipur,Wholesale,17,5500,93500,1285,Delivered,UPI
104041,2025-08-23,2025-08-30,Keyboard,Accessories,Prime Distributors,Chennai WH,Lucknow,Retail,8,900,7200,2221,In Transit,Credit Card
104042,2025-07-15,2025-07-20,Keyboard,Accessories,Tech World,Chennai WH,Chennai,Wholesale,10,900,9000,285,Delivered,Cash
104043,2025-12-05,2025-12-06,Hard Disk,Storage,XYZ Traders,Hyderabad WH,Delhi,Retail,3,4200,12600,356,In Transit,UPI
104044,2025-02-04,2025-02-10,Laptop,Electronics,Tech World,Bangalore WH,Ahmedabad,Wholesale,4,55000,220000,1877,Delivered,Debit Card
104045,2025-11-17,2025-11-21,SSD,Storage,XYZ Traders,Bangalore WH,Bangalore,Wholesale,1,5500,5500,2128,In Transit,Debit Card
104046,2025-06-15,2025-06-20,Webcam,Accessories,Tech World,Chennai WH,Bangalore,Wholesale,17,2500,42500,267,Cancelled,Credit Card
104047,2025-04-21,2025-04-28,Keyboard,Accessories,Global Supply,Hyderabad WH,Hyderabad,Wholesale,20,900,18000,1216,In Transit,Debit Card
104048,2025-03-26,2025-03-29,Printer,Office Supplies,Global Supply,Delhi WH,Hyderabad,Retail,8,15000,120000,661,Delivered,UPI
104049,2025-05-25,2025-05-26,Printer,Office Supplies,ABC Suppliers,Delhi WH,Bangalore,Retail,14,15000,210000,1798,Delivered,Credit Card
104050,2025-01-17,2025-01-21,Printer,Office Supplies,ABC Suppliers,Delhi WH,Ahmedabad,Retail,12,15000,180000,631,Delivered,Debit Card
104051,2025-06-27,2025-07-03,Hard Disk,Storage,Prime Distributors,Bangalore WH,Mumbai,Retail,20,4200,84000,1394,Delivered,UPI
104052,2025-03-02,2025-03-08,Office Chair,Furniture,XYZ Traders,Bangalore WH,Kolkata,Wholesale,10,8500,85000,1145,Delivered,Cash
104053,2025-12-11,2025-12-16,Mouse,Accessories,Global Supply,Bangalore WH,Hyderabad,Retail,4,700,2800,2157,Delivered,UPI
104054,2025-06-15,2025-06-22,Projector,Electronics,ABC Suppliers,Bangalore WH,Jaipur,Retail,15,40000,600000,2991,Delivered,Net Banking
104055,2025-04-09,2025-04-14,Router,Networking,Tech World,Chennai WH,Chennai,Wholesale,6,3500,21000,2333,Delayed,UPI
104056,2025-10-10,2025-10-11,Webcam,Accessories,Tech World,Delhi WH,Kolkata,Retail,8,2500,20000,2193,Delayed,Cash
104057,2025-08-21,2025-08-25,Monitor,Electronics,ABC Suppliers,Chennai WH,Lucknow,Retail,16,12000,192000,2594,In Transit,Net Banking
104058,2025-02-07,2025-02-14,Printer,Office Supplies,XYZ Traders,Hyderabad WH,Bangalore,Wholesale,20,15000,300000,2720,Delivered,Cash
104059,2025-09-20,2025-09-21,Laptop,Electronics,ABC Suppliers,Hyderabad WH,Ahmedabad,Wholesale,12,55000,660000,2505,Delivered,UPI
104060,2025-02-11,2025-02-12,Printer,Office Supplies,XYZ Traders,Hyderabad WH,Ahmedabad,Wholesale,16,15000,240000,567,Delivered,Credit Card
104061,2025-04-24,2025-04-26,Hard Disk,Storage,XYZ Traders,Bangalore WH,Lucknow,Wholesale,4,4200,16800,2753,In Transit,UPI
104062,2025-10-03,2025-10-09,Desktop,Electronics,XYZ Traders,Bangalore WH,Mumbai,Wholesale,2,45000,90000,844,Delivered,Debit Card
104063,2025-03-02,2025-03-07,Projector,Electronics,XYZ Traders,Bangalore WH,Lucknow,Wholesale,10,40000,400000,1747,Delivered,Debit Card
104064,2025-01-11,2025-01-17,Monitor,Electronics,ABC Suppliers,Delhi WH,Lucknow,Retail,18,12000,216000,2111,In Transit,Debit Card
104065,2025-04-09,2025-04-14,Scanner,Office Supplies,Global Supply,Mumbai WH,Bangalore,Retail,18,12000,216000,1142,Delivered,Net Banking
104066,2025-06-16,2025-06-22,Desktop,Electronics,Global Supply,Delhi WH,Mumbai,Wholesale,19,45000,855000,368,In Transit,Cash
104067,2025-03-07,2025-03-14,Router,Networking,Prime Distributors,Bangalore WH,Delhi,Retail,14,3500,49000,2774,Delivered,Credit Card
104068,2025-07-05,2025-07-12,Webcam,Accessories,Tech World,Delhi WH,Delhi,Retail,13,2500,32500,1858,Delivered,Debit Card
104069,2025-03-30,2025-04-04,Keyboard,Accessories,Global Supply,Hyderabad WH,Kolkata,Wholesale,15,900,13500,2921,Delivered,UPI
104070,2025-07-26,2025-07-28,Switch,Networking,Prime Distributors,Hyderabad WH,Mumbai,Wholesale,4,6000,24000,1972,Delivered,Net Banking
104071,2025-04-05,2025-04-09,Keyboard,Accessories,Prime Distributors,Delhi WH,Ahmedabad,Retail,6,900,5400,2808,Delivered,Net Banking
104072,2025-05-27,2025-06-03,SSD,Storage,XYZ Traders,Bangalore WH,Bangalore,Retail,4,5500,22000,2901,Cancelled,Net Banking
104073,2025-02-01,2025-02-02,SSD,Storage,Tech World,Bangalore WH,Kolkata,Retail,7,5500,38500,2439,Delayed,Cash
104074,2025-06-02,2025-06-09,Hard Disk,Storage,ABC Suppliers,Chennai WH,Ahmedabad,Wholesale,8,4200,33600,1558,Delivered,Cash
104075,2025-09-15,2025-09-16,Mouse,Accessories,XYZ Traders,Mumbai WH,Chennai,Retail,13,700,9100,1250,Delivered,Credit Card
104076,2025-01-18,2025-01-23,Monitor,Electronics,ABC Suppliers,Delhi WH,Kolkata,Retail,12,12000,144000,1608,Delivered,Debit Card
104077,2025-06-11,2025-06-15,Office Desk,Furniture,ABC Suppliers,Hyderabad WH,Bangalore,Wholesale,20,15000,300000,1226,Delayed,Net Banking
104078,2025-02-13,2025-02-15,Keyboard,Accessories,Prime Distributors,Chennai WH,Jaipur,Retail,20,900,18000,1528,In Transit,Cash
104079,2025-01-16,2025-01-18,Desktop,Electronics,XYZ Traders,Bangalore WH,Delhi,Wholesale,15,45000,675000,1951,Delivered,UPI
104080,2025-07-17,2025-07-19,Monitor,Electronics,Global Supply,Delhi WH,Pune,Retail,6,12000,72000,2529,In Transit,Credit Card
104081,2025-12-08,2025-12-14,Router,Networking,ABC Suppliers,Bangalore WH,Ahmedabad,Wholesale,1,3500,3500,1835,Delivered,Debit Card
104082,2025-07-19,2025-07-21,Webcam,Accessories,Prime Distributors,Mumbai WH,Bangalore,Retail,15,2500,37500,2281,In Transit,Net Banking
104083,2025-04-12,2025-04-17,Office Desk,Furniture,Prime Distributors,Hyderabad WH,Lucknow,Retail,18,15000,270000,2213,Delivered,Cash
104084,2025-03-28,2025-04-01,Printer,Office Supplies,XYZ Traders,Hyderabad WH,Mumbai,Wholesale,10,15000,150000,1113,Delivered,Net Banking
104085,2025-02-08,2025-02-15,Office Desk,Furniture,XYZ Traders,Chennai WH,Bangalore,Wholesale,6,15000,90000,1268,In Transit,Cash
104086,2025-09-25,2025-09-30,Mouse,Accessories,Global Supply,Chennai WH,Pune,Wholesale,9,700,6300,2175,Delivered,Credit Card
104087,2025-01-21,2025-01-28,Mouse,Accessories,Global Supply,Delhi WH,Chennai,Retail,4,700,2800,1735,Delivered,Credit Card
104088,2025-05-12,2025-05-16,Mouse,Accessories,XYZ Traders,Bangalore WH,Kolkata,Wholesale,18,700,12600,2839,Delivered,Debit Card
104089,2025-02-09,2025-02-11,Desktop,Electronics,Tech World,Hyderabad WH,Ahmedabad,Wholesale,18,45000,810000,445,Delayed,Credit Card
104090,2025-01-01,2025-01-03,Router,Networking,XYZ Traders,Hyderabad WH,Jaipur,Retail,4,3500,14000,2438,Delivered,Credit Card
104091,2025-05-04,2025-05-09,Keyboard,Accessories,Global Supply,Delhi WH,Lucknow,Wholesale,7,900,6300,685,In Transit,Debit Card
104092,2025-04-22,2025-04-26,Printer,Office Supplies,Tech World,Hyderabad WH,Chennai,Retail,12,15000,180000,1832,Delivered,UPI
104093,2025-07-05,2025-07-10,SSD,Storage,Prime Distributors,Hyderabad WH,Ahmedabad,Wholesale,6,5500,33000,1109,Delivered,Debit Card
104094,2025-12-15,2025-12-20,Router,Networking,ABC Suppliers,Delhi WH,Hyderabad,Retail,6,3500,21000,1507,Delayed,UPI
104095,2025-08-23,2025-08-25,Scanner,Office Supplies,ABC Suppliers,Delhi WH,Ahmedabad,Retail,10,12000,120000,2573,Delivered,Net Banking
104096,2025-01-19,2025-01-21,Keyboard,Accessories,Global Supply,Bangalore WH,Chennai,Wholesale,15,900,13500,2843,Delivered,UPI
104097,2025-04-03,2025-04-04,Router,Networking,Tech World,Mumbai WH,Delhi,Wholesale,20,3500,70000,1304,Delivered,Credit Card
104098,2025-07-29,2025-07-30,Office Desk,Furniture,ABC Suppliers,Mumbai WH,Bangalore,Wholesale,12,15000,180000,2248,Delivered,Net Banking
104099,2025-06-24,2025-06-27,Office Chair,Furniture,ABC Suppliers,Delhi WH,Delhi,Retail,10,8500,85000,2717,Delivered,Credit Card
104100,2025-04-26,2025-05-02,Office Chair,Furniture,XYZ Traders,Chennai WH,Bangalore,Wholesale,8,8500,68000,2315,Delivered,UPI
104101,2025-08-30,2025-09-03,Switch,Networking,XYZ Traders,Mumbai WH,Chennai,Retail,4,6000,24000,1837,Delayed,Net Banking
104102,2025-10-04,2025-10-05,Scanner,Office Supplies,Prime Distributors,Delhi WH,Mumbai,Retail,4,12000,48000,2125,In Transit,Cash
104103,2025-02-23,2025-02-25,Hard Disk,Storage,XYZ Traders,Mumbai WH,Kolkata,Retail,9,4200,37800,2546,Delivered,UPI
104104,2025-07-25,2025-07-28,Office Desk,Furniture,ABC Suppliers,Delhi WH,Jaipur,Wholesale,7,15000,105000,1734,Delivered,Credit Card
104105,2025-05-22,2025-05-27,Laptop,Electronics,Global Supply,Bangalore WH,Delhi,Wholesale,7,55000,385000,1487,Delivered,UPI
104106,2025-10-19,2025-10-25,Webcam,Accessories,Prime Distributors,Chennai WH,Chennai,Wholesale,17,2500,42500,2858,Delivered,Debit Card
104107,2025-11-19,2025-11-22,Keyboard,Accessories,ABC Suppliers,Mumbai WH,Kolkata,Wholesale,9,900,8100,1105,Delayed,Credit Card
104108,2025-06-23,2025-06-27,Monitor,Electronics,Prime Distributors,Mumbai WH,Delhi,Wholesale,13,12000,156000,1062,Delivered,Cash
104109,2025-12-18,2025-12-25,SSD,Storage,ABC Suppliers,Bangalore WH,Delhi,Retail,20,5500,110000,480,Delivered,UPI
104110,2025-10-15,2025-10-20,Desktop,Electronics,ABC Suppliers,Bangalore WH,Chennai,Retail,9,45000,405000,698,Delayed,Cash
104111,2025-10-19,2025-10-23,Scanner,Office Supplies,Prime Distributors,Mumbai WH,Ahmedabad,Retail,7,12000,84000,2367,Delivered,Net Banking
104112,2025-02-06,2025-02-08,Printer,Office Supplies,Global Supply,Chennai WH,Chennai,Wholesale,4,15000,60000,2331,Cancelled,Net Banking
104113,2025-10-26,2025-10-29,Monitor,Electronics,ABC Suppliers,Mumbai WH,Kolkata,Wholesale,6,12000,72000,1538,Delivered,UPI
104114,2025-05-06,2025-05-09,Mouse,Accessories,XYZ Traders,Bangalore WH,Hyderabad,Retail,20,700,14000,542,Delivered,UPI
104115,2025-02-08,2025-02-15,Switch,Networking,ABC Suppliers,Hyderabad WH,Bangalore,Wholesale,20,6000,120000,2001,Delivered,Cash
104116,2025-09-10,2025-09-17,Hard Disk,Storage,Prime Distributors,Chennai WH,Chennai,Wholesale,8,4200,33600,894,Delivered,Net Banking
104117,2025-02-09,2025-02-12,Office Chair,Furniture,Prime Distributors,Bangalore WH,Delhi,Wholesale,9,8500,76500,461,Cancelled,Debit Card
104118,2025-12-07,2025-12-14,Projector,Electronics,Tech World,Mumbai WH,Delhi,Retail,14,40000,560000,2609,Delivered,Credit Card
104119,2025-04-03,2025-04-04,Router,Networking,Prime Distributors,Bangalore WH,Chennai,Retail,13,3500,45500,2179,Delivered,UPI
104120,2025-12-08,2025-12-10,Webcam,Accessories,Global Supply,Delhi WH,Delhi,Retail,11,2500,27500,2682,In Transit,UPI
104121,2025-06-12,2025-06-15,SSD,Storage,Tech World,Chennai WH,Hyderabad,Retail,6,5500,33000,2184,Delivered,Net Banking
104122,2025-12-09,2025-12-15,Office Desk,Furniture,Global Supply,Mumbai WH,Delhi,Retail,11,15000,165000,2661,Delivered,Cash
104123,2025-01-23,2025-01-28,Monitor,Electronics,ABC Suppliers,Hyderabad WH,Lucknow,Retail,1,12000,12000,2556,Delivered,Cash
104124,2025-07-04,2025-07-05,Office Desk,Furniture,Prime Distributors,Mumbai WH,Jaipur,Retail,3,15000,45000,2596,Delivered,Credit Card
104125,2025-10-03,2025-10-05,Webcam,Accessories,Prime Distributors,Bangalore WH,Pune,Wholesale,18,2500,45000,1209,In Transit,Debit Card
104126,2025-04-12,2025-04-17,Scanner,Office Supplies,Prime Distributors,Bangalore WH,Hyderabad,Wholesale,20,12000,240000,420,In Transit,Debit Card
104127,2025-08-28,2025-09-04,Office Chair,Furniture,ABC Suppliers,Bangalore WH,Jaipur,Wholesale,12,8500,102000,2245,Cancelled,Net Banking
104128,2025-07-31,2025-08-02,Hard Disk,Storage,Tech World,Chennai WH,Mumbai,Retail,18,4200,75600,999,Delivered,Cash
104129,2025-10-04,2025-10-08,Mouse,Accessories,Prime Distributors,Delhi WH,Pune,Wholesale,9,700,6300,2544,In Transit,Cash
104130,2025-12-17,2025-12-22,Router,Networking,ABC Suppliers,Mumbai WH,Delhi,Wholesale,4,3500,14000,892,Delivered,UPI
104131,2025-02-15,2025-02-17,Desktop,Electronics,Global Supply,Hyderabad WH,Kolkata,Retail,2,45000,90000,277,Cancelled,UPI
104132,2025-08-19,2025-08-22,SSD,Storage,XYZ Traders,Chennai WH,Pune,Retail,19,5500,104500,2345,Delayed,UPI
104133,2025-11-09,2025-11-16,Printer,Office Supplies,ABC Suppliers,Bangalore WH,Lucknow,Retail,7,15000,105000,2265,Delivered,Debit Card
104134,2025-12-18,2025-12-22,Mouse,Accessories,Tech World,Hyderabad WH,Pune,Retail,7,700,4900,2677,Delivered,Debit Card
104135,2025-07-10,2025-07-14,Hard Disk,Storage,Prime Distributors,Hyderabad WH,Delhi,Retail,5,4200,21000,2735,Delivered,Debit Card
104136,2025-06-23,2025-06-25,Laptop,Electronics,Tech World,Mumbai WH,Pune,Retail,15,55000,825000,1091,Delivered,Debit Card
104137,2025-08-03,2025-08-07,Webcam,Accessories,Prime Distributors,Chennai WH,Kolkata,Retail,7,2500,17500,844,Delayed,Debit Card
104138,2025-02-16,2025-02-17,Laptop,Electronics,ABC Suppliers,Mumbai WH,Hyderabad,Retail,20,55000,1100000,2391,Delivered,Debit Card
104139,2025-12-06,2025-12-08,Printer,Office Supplies,Prime Distributors,Chennai WH,Chennai,Wholesale,2,15000,30000,2269,Delayed,Cash
104140,2025-07-30,2025-08-06,Office Chair,Furniture,Global Supply,Hyderabad WH,Bangalore,Wholesale,15,8500,127500,1048,In Transit,Credit Card
104141,2025-10-22,2025-10-24,Office Desk,Furniture,Prime Distributors,Delhi WH,Jaipur,Wholesale,9,15000,135000,1698,Delivered,Net Banking
104142,2025-07-18,2025-07-25,Webcam,Accessories,Global Supply,Chennai WH,Chennai,Wholesale,12,2500,30000,409,Delivered,Debit Card
104143,2025-02-21,2025-02-25,Scanner,Office Supplies,XYZ Traders,Delhi WH,Hyderabad,Retail,19,12000,228000,2967,Delivered,UPI
104144,2025-05-19,2025-05-21,Projector,Electronics,Tech World,Hyderabad WH,Jaipur,Wholesale,19,40000,760000,2375,Delivered,Net Banking
104145,2025-01-29,2025-02-05,Scanner,Office Supplies,ABC Suppliers,Hyderabad WH,Lucknow,Retail,3,12000,36000,2604,Delayed,Debit Card
104146,2025-10-17,2025-10-23,Printer,Office Supplies,Tech World,Hyderabad WH,Ahmedabad,Wholesale,4,15000,60000,930,Delivered,Cash
104147,2025-09-28,2025-09-30,Projector,Electronics,ABC Suppliers,Chennai WH,Pune,Wholesale,2,40000,80000,1403,Delivered,Cash
104148,2025-06-28,2025-07-05,Hard Disk,Storage,Prime Distributors,Mumbai WH,Bangalore,Wholesale,2,4200,8400,525,Delivered,Net Banking
104149,2025-03-09,2025-03-12,Laptop,Electronics,Global Supply,Chennai WH,Jaipur,Wholesale,17,55000,935000,1913,Delayed,Cash
104150,2025-02-14,2025-02-20,Laptop,Electronics,ABC Suppliers,Delhi WH,Jaipur,Wholesale,10,55000,550000,442,Delivered,Net Banking
104151,2025-10-27,2025-10-28,Mouse,Accessories,Global Supply,Delhi WH,Pune,Retail,5,700,3500,334,Delivered,UPI
104152,2025-01-31,2025-02-03,Mouse,Accessories,XYZ Traders,Bangalore WH,Delhi,Wholesale,19,700,13300,2415,Delivered,Cash
104153,2025-01-06,2025-01-13,Router,Networking,Prime Distributors,Bangalore WH,Delhi,Wholesale,8,3500,28000,1081,Cancelled,Net Banking
104154,2025-02-26,2025-02-28,Webcam,Accessories,ABC Suppliers,Mumbai WH,Kolkata,Retail,1,2500,2500,2512,In Transit,Net Banking
104155,2025-02-11,2025-02-13,Hard Disk,Storage,XYZ Traders,Chennai WH,Hyderabad,Wholesale,12,4200,50400,1920,Delivered,Net Banking
104156,2025-11-24,2025-11-28,Printer,Office Supplies,XYZ Traders,Mumbai WH,Ahmedabad,Retail,5,15000,75000,2712,Delivered,Net Banking
104157,2025-01-30,2025-01-31,Printer,Office Supplies,ABC Suppliers,Hyderabad WH,Ahmedabad,Retail,10,15000,150000,1382,Delivered,UPI
104158,2025-07-20,2025-07-21,Hard Disk,Storage,Global Supply,Hyderabad WH,Bangalore,Retail,16,4200,67200,2205,Delivered,Net Banking
104159,2025-11-01,2025-11-05,Projector,Electronics,Prime Distributors,Delhi WH,Jaipur,Wholesale,19,40000,760000,593,Delayed,UPI
104160,2025-02-15,2025-02-18,Router,Networking,Global Supply,Hyderabad WH,Pune,Retail,19,3500,66500,952,Delayed,Debit Card
104161,2025-05-24,2025-05-30,Switch,Networking,Tech World,Bangalore WH,Ahmedabad,Wholesale,4,6000,24000,300,Delivered,Debit Card
104162,2025-03-16,2025-03-20,Keyboard,Accessories,Prime Distributors,Delhi WH,Delhi,Retail,7,900,6300,641,Delivered,Credit Card
104163,2025-05-08,2025-05-09,Router,Networking,ABC Suppliers,Hyderabad WH,Lucknow,Retail,13,3500,45500,2323,Delivered,Net Banking
104164,2025-01-04,2025-01-10,Laptop,Electronics,Prime Distributors,Bangalore WH,Lucknow,Retail,8,55000,440000,327,Delivered,Cash
104165,2025-10-31,2025-11-05,Desktop,Electronics,ABC Suppliers,Bangalore WH,Jaipur,Wholesale,19,45000,855000,2981,Delivered,Net Banking
104166,2025-06-02,2025-06-05,Switch,Networking,Global Supply,Chennai WH,Ahmedabad,Wholesale,15,6000,90000,424,Delivered,UPI
104167,2025-04-07,2025-04-13,Mouse,Accessories,Prime Distributors,Bangalore WH,Jaipur,Retail,18,700,12600,1716,Delivered,Credit Card
104168,2025-03-12,2025-03-19,Hard Disk,Storage,Global Supply,Bangalore WH,Lucknow,Retail,17,4200,71400,1410,Cancelled,Debit Card
104169,2025-06-25,2025-06-29,Router,Networking,XYZ Traders,Bangalore WH,Bangalore,Wholesale,5,3500,17500,1638,Delivered,Net Banking
104170,2025-03-13,2025-03-15,Switch,Networking,XYZ Traders,Chennai WH,Bangalore,Wholesale,1,6000,6000,2321,Delivered,Net Banking
104171,2025-09-25,2025-09-27,Mouse,Accessories,XYZ Traders,Hyderabad WH,Chennai,Retail,9,700,6300,398,Delivered,Credit Card
104172,2025-08-20,2025-08-22,Scanner,Office Supplies,XYZ Traders,Delhi WH,Pune,Retail,2,12000,24000,1240,Delivered,Cash
104173,2025-04-26,2025-05-01,Webcam,Accessories,ABC Suppliers,Mumbai WH,Lucknow,Wholesale,1,2500,2500,2175,Delivered,UPI
104174,2025-10-08,2025-10-09,SSD,Storage,ABC Suppliers,Bangalore WH,Bangalore,Wholesale,2,5500,11000,1697,Delivered,UPI
104175,2025-08-27,2025-08-28,Keyboard,Accessories,Prime Distributors,Delhi WH,Hyderabad,Wholesale,15,900,13500,1621,Delivered,Credit Card
104176,2025-04-05,2025-04-07,Mouse,Accessories,XYZ Traders,Hyderabad WH,Lucknow,Wholesale,10,700,7000,2442,Delivered,Net Banking
104177,2025-09-29,2025-10-04,Keyboard,Accessories,Prime Distributors,Mumbai WH,Kolkata,Wholesale,19,900,17100,1070,Delivered,UPI
104178,2025-03-07,2025-03-13,Laptop,Electronics,XYZ Traders,Delhi WH,Pune,Wholesale,8,55000,440000,845,Delivered,Credit Card
104179,2025-02-28,2025-03-03,Projector,Electronics,Prime Distributors,Chennai WH,Lucknow,Wholesale,19,40000,760000,1066,Delivered,Debit Card
104180,2025-01-30,2025-02-04,Router,Networking,ABC Suppliers,Chennai WH,Lucknow,Wholesale,7,3500,24500,2372,Cancelled,Cash
104181,2025-05-14,2025-05-19,Keyboard,Accessories,Tech World,Bangalore WH,Kolkata,Wholesale,2,900,1800,2310,Delivered,Debit Card
104182,2025-04-29,2025-05-02,Office Desk,Furniture,Prime Distributors,Delhi WH,Pune,Retail,9,15000,135000,2917,Delivered,Net Banking
104183,2025-11-12,2025-11-16,Switch,Networking,Global Supply,Bangalore WH,Kolkata,Wholesale,18,6000,108000,954,Delivered,Debit Card
104184,2025-06-29,2025-07-01,Switch,Networking,Prime Distributors,Mumbai WH,Hyderabad,Retail,5,6000,30000,2014,Delivered,UPI
104185,2025-12-08,2025-12-09,Printer,Office Supplies,ABC Suppliers,Bangalore WH,Bangalore,Retail,12,15000,180000,2316,Delivered,Net Banking
104186,2025-01-23,2025-01-26,Scanner,Office Supplies,XYZ Traders,Mumbai WH,Ahmedabad,Wholesale,19,12000,228000,1720,Delivered,Cash
104187,2025-09-12,2025-09-14,Printer,Office Supplies,ABC Suppliers,Hyderabad WH,Pune,Retail,6,15000,90000,1014,Cancelled,Net Banking
104188,2025-02-14,2025-02-18,Router,Networking,Global Supply,Mumbai WH,Chennai,Wholesale,9,3500,31500,1468,Delivered,Credit Card
104189,2025-02-22,2025-02-25,Laptop,Electronics,ABC Suppliers,Bangalore WH,Jaipur,Retail,6,55000,330000,1053,Delivered,Debit Card
104190,2025-04-15,2025-04-18,Monitor,Electronics,XYZ Traders,Bangalore WH,Lucknow,Retail,10,12000,120000,2621,Cancelled,Debit Card
104191,2025-12-17,2025-12-19,Office Desk,Furniture,Global Supply,Delhi WH,Kolkata,Retail,8,15000,120000,2846,Delivered,Net Banking
104192,2025-03-31,2025-04-03,Hard Disk,Storage,ABC Suppliers,Bangalore WH,Chennai,Wholesale,15,4200,63000,1693,Delivered,UPI
104193,2025-09-29,2025-10-06,Projector,Electronics,XYZ Traders,Hyderabad WH,Lucknow,Retail,17,40000,680000,1445,Delivered,Debit Card
104194,2025-05-04,2025-05-06,Mouse,Accessories,Prime Distributors,Hyderabad WH,Hyderabad,Wholesale,19,700,13300,1576,Delivered,Net Banking
104195,2025-09-26,2025-09-29,Webcam,Accessories,ABC Suppliers,Bangalore WH,Chennai,Wholesale,6,2500,15000,916,In Transit,Debit Card
104196,2025-08-01,2025-08-04,Router,Networking,Tech World,Bangalore WH,Mumbai,Retail,9,3500,31500,700,In Transit,Credit Card
104197,2025-10-16,2025-10-23,SSD,Storage,ABC Suppliers,Delhi WH,Mumbai,Retail,6,5500,33000,2841,Delivered,Net Banking
104198,2025-08-28,2025-08-31,Office Chair,Furniture,Global Supply,Chennai WH,Mumbai,Retail,5,8500,42500,1596,Delivered,Debit Card
104199,2025-11-15,2025-11-19,Switch,Networking,XYZ Traders,Bangalore WH,Ahmedabad,Retail,16,6000,96000,1904,Delivered,UPI
104200,2025-04-19,2025-04-26,Projector,Electronics,ABC Suppliers,Mumbai WH,Mumbai,Wholesale,7,40000,280000,1761,Delivered,Cash
104201,2025-12-24,2025-12-27,Projector,Electronics,Prime Distributors,Bangalore WH,Lucknow,Retail,20,40000,800000,2777,Delivered,Cash
104202,2025-09-01,2025-09-07,Keyboard,Accessories,Tech World,Delhi WH,Kolkata,Retail,1,900,900,2743,Delivered,Net Banking
104203,2025-01-10,2025-01-11,Keyboard,Accessories,ABC Suppliers,Chennai WH,Pune,Wholesale,20,900,18000,2792,Delivered,Cash
104204,2025-04-01,2025-04-03,Scanner,Office Supplies,Prime Distributors,Chennai WH,Hyderabad,Wholesale,12,12000,144000,2717,Delivered,Debit Card
104205,2025-02-02,2025-02-03,SSD,Storage,ABC Suppliers,Bangalore WH,Kolkata,Retail,20,5500,110000,1179,Delivered,Debit Card
104206,2025-06-21,2025-06-24,SSD,Storage,Tech World,Hyderabad WH,Hyderabad,Retail,9,5500,49500,1772,Delivered,Net Banking
104207,2025-01-05,2025-01-10,SSD,Storage,Tech World,Mumbai WH,Mumbai,Wholesale,16,5500,88000,1907,Delayed,Debit Card
104208,2025-11-14,2025-11-17,Desktop,Electronics,XYZ Traders,Delhi WH,Hyderabad,Retail,15,45000,675000,2944,In Transit,Cash
104209,2025-09-10,2025-09-17,Router,Networking,Prime Distributors,Bangalore WH,Lucknow,Wholesale,15,3500,52500,1238,Delivered,UPI
104210,2025-11-09,2025-11-10,Hard Disk,Storage,ABC Suppliers,Delhi WH,Kolkata,Retail,3,4200,12600,347,Delayed,UPI
104211,2025-05-15,2025-05-18,SSD,Storage,XYZ Traders,Chennai WH,Kolkata,Wholesale,11,5500,60500,2127,Delivered,Cash
104212,2025-10-03,2025-10-07,Printer,Office Supplies,Global Supply,Delhi WH,Jaipur,Wholesale,20,15000,300000,1754,Delivered,Net Banking
104213,2025-10-08,2025-10-09,SSD,Storage,Global Supply,Hyderabad WH,Delhi,Retail,19,5500,104500,1466,Delivered,Credit Card
104214,2025-09-16,2025-09-19,Keyboard,Accessories,Global Supply,Chennai WH,Ahmedabad,Wholesale,8,900,7200,574,Delivered,Credit Card
104215,2025-06-17,2025-06-22,Mouse,Accessories,Prime Distributors,Mumbai WH,Delhi,Retail,11,700,7700,2294,In Transit,Net Banking
104216,2025-10-23,2025-10-24,Router,Networking,XYZ Traders,Bangalore WH,Lucknow,Retail,2,3500,7000,2603,Delivered,Credit Card
104217,2025-06-14,2025-06-16,Printer,Office Supplies,ABC Suppliers,Delhi WH,Kolkata,Wholesale,18,15000,270000,2974,Cancelled,Credit Card
104218,2025-09-04,2025-09-09,Router,Networking,Prime Distributors,Hyderabad WH,Chennai,Wholesale,16,3500,56000,1538,Delivered,UPI
104219,2025-01-03,2025-01-06,Scanner,Office Supplies,XYZ Traders,Delhi WH,Bangalore,Wholesale,5,12000,60000,934,Delivered,Cash
104220,2025-07-16,2025-07-21,Keyboard,Accessories,Global Supply,Hyderabad WH,Chennai,Wholesale,14,900,12600,2783,Delivered,Cash
104221,2025-03-30,2025-04-04,Mouse,Accessories,Tech World,Bangalore WH,Chennai,Retail,5,700,3500,215,In Transit,Debit Card
104222,2025-10-08,2025-10-10,Hard Disk,Storage,Prime Distributors,Delhi WH,Kolkata,Wholesale,8,4200,33600,2527,Delivered,Debit Card
104223,2025-03-11,2025-03-17,Webcam,Accessories,ABC Suppliers,Hyderabad WH,Chennai,Retail,13,2500,32500,2865,In Transit,Debit Card
104224,2025-12-06,2025-12-12,Projector,Electronics,Global Supply,Chennai WH,Pune,Retail,10,40000,400000,593,Delivered,Net Banking
104225,2025-09-13,2025-09-17,Mouse,Accessories,Global Supply,Chennai WH,Jaipur,Retail,9,700,6300,1982,In Transit,Credit Card
104226,2025-12-21,2025-12-26,Printer,Office Supplies,Global Supply,Delhi WH,Bangalore,Retail,2,15000,30000,2067,Delivered,Debit Card
104227,2025-07-22,2025-07-26,Projector,Electronics,Tech World,Delhi WH,Pune,Wholesale,14,40000,560000,2269,Delivered,Debit Card
104228,2025-02-09,2025-02-14,Switch,Networking,Global Supply,Bangalore WH,Ahmedabad,Wholesale,9,6000,54000,1347,Delivered,Cash
104229,2025-06-09,2025-06-11,Keyboard,Accessories,Tech World,Mumbai WH,Kolkata,Retail,17,900,15300,2286,Delivered,Net Banking
104230,2025-02-25,2025-02-26,SSD,Storage,XYZ Traders,Bangalore WH,Bangalore,Retail,11,5500,60500,573,Cancelled,Net Banking
104231,2025-01-31,2025-02-03,Printer,Office Supplies,Prime Distributors,Delhi WH,Pune,Retail,3,15000,45000,256,Delivered,Credit Card
104232,2025-08-06,2025-08-10,Laptop,Electronics,Tech World,Bangalore WH,Pune,Wholesale,20,55000,1100000,1037,Delivered,Net Banking
104233,2025-01-26,2025-01-27,Switch,Networking,Prime Distributors,Chennai WH,Chennai,Wholesale,20,6000,120000,1829,Delivered,Credit Card
104234,2025-09-08,2025-09-14,Router,Networking,Tech World,Delhi WH,Delhi,Retail,17,3500,59500,1369,Delayed,Cash
104235,2025-09-12,2025-09-14,SSD,Storage,Prime Distributors,Bangalore WH,Lucknow,Wholesale,2,5500,11000,933,Delivered,Credit Card
104236,2025-02-08,2025-02-11,Keyboard,Accessories,Tech World,Hyderabad WH,Chennai,Retail,13,900,11700,1184,Delivered,Net Banking
104237,2025-09-09,2025-09-14,Laptop,Electronics,Tech World,Chennai WH,Hyderabad,Wholesale,1,55000,55000,2775,In Transit,Net Banking
104238,2025-08-16,2025-08-22,Office Chair,Furniture,Global Supply,Delhi WH,Kolkata,Retail,18,8500,153000,2331,Delivered,Credit Card
104239,2025-01-06,2025-01-09,Webcam,Accessories,Prime Distributors,Chennai WH,Kolkata,Wholesale,12,2500,30000,1553,Delivered,Debit Card
104240,2025-01-17,2025-01-18,Projector,Electronics,XYZ Traders,Bangalore WH,Bangalore,Wholesale,2,40000,80000,664,Delivered,Credit Card
104241,2025-06-18,2025-06-22,Switch,Networking,XYZ Traders,Mumbai WH,Hyderabad,Wholesale,11,6000,66000,459,Delayed,Net Banking
104242,2025-02-26,2025-02-28,Mouse,Accessories,XYZ Traders,Hyderabad WH,Jaipur,Wholesale,4,700,2800,2795,Delivered,UPI
104243,2025-03-12,2025-03-19,Projector,Electronics,Tech World,Hyderabad WH,Pune,Wholesale,20,40000,800000,628,Delivered,Debit Card
104244,2025-06-25,2025-06-30,Monitor,Electronics,Tech World,Mumbai WH,Kolkata,Retail,1,12000,12000,2405,In Transit,Cash
104245,2025-03-06,2025-03-12,SSD,Storage,Tech World,Delhi WH,Delhi,Wholesale,3,5500,16500,970,Delivered,Net Banking
104246,2025-04-20,2025-04-26,Printer,Office Supplies,ABC Suppliers,Chennai WH,Hyderabad,Retail,4,15000,60000,2280,Delivered,Cash
104247,2025-09-22,2025-09-29,Projector,Electronics,XYZ Traders,Hyderabad WH,Mumbai,Retail,17,40000,680000,2560,In Transit,UPI
104248,2025-05-08,2025-05-10,Projector,Electronics,ABC Suppliers,Bangalore WH,Mumbai,Wholesale,2,40000,80000,2626,In Transit,Cash
104249,2025-04-30,2025-05-03,Switch,Networking,XYZ Traders,Chennai WH,Chennai,Retail,11,6000,66000,1268,Delivered,Credit Card
104250,2025-08-10,2025-08-12,Monitor,Electronics,Global Supply,Chennai WH,Mumbai,Wholesale,7,12000,84000,1356,Delivered,Credit Card
104251,2025-01-21,2025-01-25,Projector,Electronics,Tech World,Hyderabad WH,Pune,Wholesale,4,40000,160000,1958,Delivered,Debit Card
104252,2025-12-14,2025-12-16,Switch,Networking,Prime Distributors,Mumbai WH,Chennai,Wholesale,7,6000,42000,1190,Delivered,Net Banking
104253,2025-07-01,2025-07-06,Desktop,Electronics,Tech World,Mumbai WH,Pune,Retail,11,45000,495000,1916,Delivered,UPI
104254,2025-10-04,2025-10-08,Printer,Office Supplies,Prime Distributors,Chennai WH,Bangalore,Wholesale,2,15000,30000,1256,Delivered,Debit Card
104255,2025-01-07,2025-01-08,Switch,Networking,Prime Distributors,Delhi WH,Chennai,Wholesale,19,6000,114000,2772,Delivered,Debit Card
104256,2025-11-19,2025-11-23,Monitor,Electronics,Tech World,Chennai WH,Jaipur,Retail,9,12000,108000,910,Delivered,Credit Card
104257,2025-10-10,2025-10-15,Office Chair,Furniture,ABC Suppliers,Bangalore WH,Jaipur,Wholesale,7,8500,59500,1684,Delivered,Debit Card
104258,2025-05-24,2025-05-27,SSD,Storage,Prime Distributors,Chennai WH,Chennai,Retail,19,5500,104500,986,Delivered,Net Banking
104259,2025-05-29,2025-05-30,SSD,Storage,XYZ Traders,Hyderabad WH,Ahmedabad,Retail,17,5500,93500,2339,Delivered,Credit Card
104260,2025-01-07,2025-01-08,SSD,Storage,XYZ Traders,Delhi WH,Hyderabad,Wholesale,16,5500,88000,2146,Delivered,Credit Card
104261,2025-09-18,2025-09-25,Hard Disk,Storage,Tech World,Chennai WH,Bangalore,Retail,5,4200,21000,677,Delivered,Cash
104262,2025-06-27,2025-06-29,Desktop,Electronics,Prime Distributors,Hyderabad WH,Lucknow,Retail,7,45000,315000,1340,Delivered,UPI
104263,2025-06-09,2025-06-13,Monitor,Electronics,Prime Distributors,Mumbai WH,Mumbai,Wholesale,11,12000,132000,1444,In Transit,Credit Card
104264,2025-07-14,2025-07-17,Router,Networking,Tech World,Hyderabad WH,Kolkata,Retail,4,3500,14000,2280,Delivered,Cash
104265,2025-07-30,2025-08-03,Office Desk,Furniture,Prime Distributors,Mumbai WH,Hyderabad,Retail,10,15000,150000,1423,Delivered,Net Banking
104266,2025-01-24,2025-01-26,Webcam,Accessories,Global Supply,Delhi WH,Jaipur,Wholesale,20,2500,50000,276,Delivered,Net Banking
104267,2025-11-01,2025-11-06,Router,Networking,Tech World,Delhi WH,Hyderabad,Wholesale,5,3500,17500,2298,Delivered,Cash
104268,2025-07-25,2025-07-26,Router,Networking,XYZ Traders,Mumbai WH,Pune,Retail,10,3500,35000,1907,Delivered,Cash
104269,2025-07-28,2025-07-29,Webcam,Accessories,Global Supply,Hyderabad WH,Delhi,Wholesale,10,2500,25000,446,Delivered,Credit Card
104270,2025-03-15,2025-03-18,Keyboard,Accessories,Global Supply,Bangalore WH,Delhi,Wholesale,14,900,12600,2078,In Transit,Cash
104271,2025-11-15,2025-11-22,Printer,Office Supplies,XYZ Traders,Delhi WH,Kolkata,Retail,17,15000,255000,1244,Delivered,UPI
104272,2025-04-18,2025-04-21,Mouse,Accessories,Prime Distributors,Bangalore WH,Bangalore,Wholesale,12,700,8400,2235,Delivered,Cash
104273,2025-05-04,2025-05-11,Router,Networking,XYZ Traders,Mumbai WH,Kolkata,Wholesale,14,3500,49000,2661,Delivered,Net Banking
104274,2025-12-07,2025-12-10,Desktop,Electronics,XYZ Traders,Hyderabad WH,Ahmedabad,Retail,15,45000,675000,2055,Delivered,Net Banking
104275,2025-05-22,2025-05-25,SSD,Storage,Prime Distributors,Mumbai WH,Jaipur,Retail,7,5500,38500,1810,Delivered,Cash
104276,2025-09-19,2025-09-21,Office Chair,Furniture,XYZ Traders,Bangalore WH,Delhi,Wholesale,1,8500,8500,1646,Delivered,Net Banking
104277,2025-03-13,2025-03-20,Router,Networking,Prime Distributors,Delhi WH,Jaipur,Retail,14,3500,49000,1041,Delivered,Cash
104278,2025-09-10,2025-09-13,Printer,Office Supplies,ABC Suppliers,Delhi WH,Delhi,Wholesale,12,15000,180000,2465,Delayed,Net Banking
104279,2025-06-12,2025-06-19,Monitor,Electronics,Prime Distributors,Bangalore WH,Delhi,Retail,9,12000,108000,739,Delivered,Credit Card
104280,2025-08-13,2025-08-15,Projector,Electronics,Tech World,Chennai WH,Hyderabad,Retail,1,40000,40000,550,Delayed,Net Banking
104281,2025-04-21,2025-04-25,Printer,Office Supplies,ABC Suppliers,Mumbai WH,Delhi,Retail,17,15000,255000,321,Cancelled,Cash
104282,2025-02-12,2025-02-14,Switch,Networking,ABC Suppliers,Delhi WH,Lucknow,Wholesale,8,6000,48000,1740,Delayed,UPI
104283,2025-09-29,2025-09-30,Hard Disk,Storage,Prime Distributors,Delhi WH,Kolkata,Retail,18,4200,75600,874,Delivered,Credit Card
104284,2025-07-03,2025-07-05,SSD,Storage,XYZ Traders,Bangalore WH,Jaipur,Wholesale,10,5500,55000,1030,Delivered,UPI
104285,2025-07-25,2025-07-27,Laptop,Electronics,Global Supply,Mumbai WH,Bangalore,Wholesale,1,55000,55000,2735,In Transit,Credit Card
104286,2025-07-02,2025-07-03,Hard Disk,Storage,Global Supply,Delhi WH,Lucknow,Retail,15,4200,63000,251,Delivered,UPI
104287,2025-12-25,2025-12-30,Router,Networking,XYZ Traders,Bangalore WH,Lucknow,Wholesale,10,3500,35000,1053,Delivered,Cash
104288,2025-05-23,2025-05-26,SSD,Storage,ABC Suppliers,Mumbai WH,Mumbai,Retail,2,5500,11000,379,Delivered,Net Banking
104289,2025-03-24,2025-03-30,Scanner,Office Supplies,Global Supply,Hyderabad WH,Mumbai,Wholesale,13,12000,156000,604,Delivered,UPI
104290,2025-07-15,2025-07-18,Monitor,Electronics,ABC Suppliers,Hyderabad WH,Bangalore,Retail,8,12000,96000,1507,In Transit,Credit Card
104291,2025-09-25,2025-09-28,Projector,Electronics,Global Supply,Chennai WH,Delhi,Retail,7,40000,280000,1776,Delayed,Debit Card
104292,2025-06-26,2025-06-29,Office Desk,Furniture,XYZ Traders,Hyderabad WH,Bangalore,Wholesale,16,15000,240000,1313,Delivered,Credit Card
104293,2025-09-28,2025-09-29,Monitor,Electronics,ABC Suppliers,Hyderabad WH,Kolkata,Wholesale,14,12000,168000,905,Delivered,UPI
104294,2025-04-21,2025-04-24,Office Chair,Furniture,ABC Suppliers,Bangalore WH,Chennai,Wholesale,9,8500,76500,1763,Delivered,Cash
104295,2025-04-28,2025-05-03,Scanner,Office Supplies,XYZ Traders,Delhi WH,Mumbai,Retail,10,12000,120000,1781,Delivered,Net Banking
104296,2025-11-28,2025-11-29,SSD,Storage,ABC Suppliers,Chennai WH,Chennai,Retail,2,5500,11000,1477,Delivered,UPI
104297,2025-12-21,2025-12-26,Hard Disk,Storage,Tech World,Delhi WH,Pune,Retail,9,4200,37800,480,In Transit,UPI
104298,2025-08-07,2025-08-09,Office Desk,Furniture,Global Supply,Bangalore WH,Chennai,Retail,15,15000,225000,409,Delivered,Debit Card
104299,2025-01-07,2025-01-13,Keyboard,Accessories,Prime Distributors,Delhi WH,Kolkata,Retail,3,900,2700,2621,Delivered,Cash
104300,2025-10-20,2025-10-24,Laptop,Electronics,ABC Suppliers,Mumbai WH,Jaipur,Retail,12,55000,660000,2033,Delivered,Debit Card
104301,2025-10-15,2025-10-17,Office Desk,Furniture,XYZ Traders,Chennai WH,Jaipur,Retail,1,15000,15000,1883,Delivered,Debit Card
104302,2025-09-11,2025-09-17,Keyboard,Accessories,Global Supply,Mumbai WH,Bangalore,Wholesale,20,900,18000,360,Delivered,Debit Card
104303,2025-02-24,2025-02-25,Switch,Networking,ABC Suppliers,Delhi WH,Hyderabad,Retail,18,6000,108000,1357,Delivered,Credit Card
104304,2025-09-22,2025-09-23,Projector,Electronics,XYZ Traders,Bangalore WH,Lucknow,Retail,2,40000,80000,1488,Delivered,Debit Card
104305,2025-06-27,2025-06-28,Hard Disk,Storage,Tech World,Delhi WH,Kolkata,Retail,5,4200,21000,1312,Delivered,UPI
104306,2025-04-21,2025-04-25,Router,Networking,ABC Suppliers,Hyderabad WH,Hyderabad,Wholesale,7,3500,24500,1441,Delayed,Net Banking
104307,2025-08-07,2025-08-12,Hard Disk,Storage,ABC Suppliers,Mumbai WH,Hyderabad,Retail,18,4200,75600,2796,Delivered,Net Banking
104308,2025-08-13,2025-08-15,Mouse,Accessories,XYZ Traders,Hyderabad WH,Ahmedabad,Retail,15,700,10500,2452,Delivered,UPI
104309,2025-05-27,2025-05-28,Office Desk,Furniture,Global Supply,Chennai WH,Delhi,Retail,2,15000,30000,717,Delivered,Net Banking
104310,2025-05-13,2025-05-18,Printer,Office Supplies,XYZ Traders,Chennai WH,Lucknow,Wholesale,17,15000,255000,2037,Delivered,Credit Card
104311,2025-11-22,2025-11-25,Monitor,Electronics,Tech World,Chennai WH,Chennai,Wholesale,7,12000,84000,2444,Delivered,Debit Card
104312,2025-12-05,2025-12-08,Monitor,Electronics,XYZ Traders,Chennai WH,Mumbai,Retail,15,12000,180000,1482,Delivered,Cash
104313,2025-02-06,2025-02-12,Router,Networking,Prime Distributors,Chennai WH,Hyderabad,Retail,4,3500,14000,1359,Delivered,Credit Card
104314,2025-04-30,2025-05-03,Desktop,Electronics,ABC Suppliers,Hyderabad WH,Lucknow,Wholesale,12,45000,540000,2115,Delivered,Credit Card
104315,2025-07-28,2025-08-04,SSD,Storage,Prime Distributors,Mumbai WH,Hyderabad,Retail,3,5500,16500,1985,Delivered,Debit Card
104316,2025-03-10,2025-03-11,Office Chair,Furniture,Tech World,Hyderabad WH,Chennai,Wholesale,13,8500,110500,1336,Cancelled,UPI
104317,2025-09-01,2025-09-08,Monitor,Electronics,XYZ Traders,Delhi WH,Ahmedabad,Retail,13,12000,156000,1425,Delivered,Debit Card
104318,2025-08-30,2025-09-04,Laptop,Electronics,Tech World,Mumbai WH,Mumbai,Retail,18,55000,990000,298,In Transit,UPI
104319,2025-07-13,2025-07-16,Hard Disk,Storage,XYZ Traders,Delhi WH,Ahmedabad,Wholesale,20,4200,84000,593,In Transit,Cash
104320,2025-08-09,2025-08-14,Scanner,Office Supplies,ABC Suppliers,Hyderabad WH,Pune,Retail,4,12000,48000,936,Delayed,UPI
104321,2025-07-27,2025-08-03,Desktop,Electronics,ABC Suppliers,Chennai WH,Kolkata,Retail,3,45000,135000,758,Delivered,Debit Card
104322,2025-03-20,2025-03-25,Mouse,Accessories,Tech World,Hyderabad WH,Pune,Wholesale,4,700,2800,1730,Delivered,Debit Card
104323,2025-12-16,2025-12-23,Switch,Networking,Tech World,Chennai WH,Chennai,Retail,20,6000,120000,1376,Cancelled,Debit Card
104324,2025-05-14,2025-05-18,Office Desk,Furniture,ABC Suppliers,Chennai WH,Bangalore,Retail,16,15000,240000,1241,Delivered,Debit Card
104325,2025-09-02,2025-09-06,Scanner,Office Supplies,Prime Distributors,Delhi WH,Mumbai,Wholesale,14,12000,168000,2311,Delivered,UPI
104326,2025-04-03,2025-04-06,Monitor,Electronics,ABC Suppliers,Mumbai WH,Delhi,Retail,15,12000,180000,1364,In Transit,Net Banking
104327,2025-07-16,2025-07-17,Mouse,Accessories,ABC Suppliers,Mumbai WH,Jaipur,Retail,5,700,3500,805,Delivered,Net Banking
104328,2025-10-21,2025-10-25,Laptop,Electronics,ABC Suppliers,Bangalore WH,Ahmedabad,Retail,1,55000,55000,294,Delivered,Credit Card
104329,2025-09-30,2025-10-06,Office Desk,Furniture,Tech World,Delhi WH,Chennai,Retail,5,15000,75000,2246,In Transit,Credit Card
104330,2025-07-18,2025-07-21,Scanner,Office Supplies,Global Supply,Hyderabad WH,Bangalore,Wholesale,3,12000,36000,2873,In Transit,Cash
104331,2025-05-27,2025-05-30,Keyboard,Accessories,Tech World,Delhi WH,Pune,Retail,9,900,8100,1742,In Transit,Debit Card
104332,2025-01-14,2025-01-21,Scanner,Office Supplies,Prime Distributors,Mumbai WH,Ahmedabad,Retail,4,12000,48000,659,Delivered,Cash
104333,2025-06-04,2025-06-05,Switch,Networking,XYZ Traders,Hyderabad WH,Chennai,Wholesale,18,6000,108000,2598,Delivered,UPI
104334,2025-03-10,2025-03-15,Printer,Office Supplies,XYZ Traders,Hyderabad WH,Hyderabad,Retail,8,15000,120000,1969,Delivered,UPI
104335,2025-08-08,2025-08-11,Switch,Networking,Tech World,Mumbai WH,Mumbai,Wholesale,13,6000,78000,2956,Delivered,Debit Card
104336,2025-04-24,2025-04-25,Projector,Electronics,Prime Distributors,Hyderabad WH,Jaipur,Retail,9,40000,360000,1501,Cancelled,Credit Card
104337,2025-08-23,2025-08-30,Desktop,Electronics,ABC Suppliers,Hyderabad WH,Mumbai,Retail,10,45000,450000,2351,In Transit,UPI
104338,2025-11-27,2025-11-30,Webcam,Accessories,Global Supply,Mumbai WH,Bangalore,Retail,6,2500,15000,224,Delivered,Credit Card
104339,2025-09-28,2025-09-29,Office Chair,Furniture,XYZ Traders,Mumbai WH,Kolkata,Wholesale,9,8500,76500,2343,Delivered,Net Banking
104340,2025-04-24,2025-04-27,Webcam,Accessories,Global Supply,Mumbai WH,Lucknow,Wholesale,5,2500,12500,2767,Delayed,Cash
104341,2025-05-23,2025-05-27,SSD,Storage,ABC Suppliers,Chennai WH,Hyderabad,Wholesale,18,5500,99000,2556,Delivered,UPI
104342,2025-06-17,2025-06-22,Hard Disk,Storage,Global Supply,Bangalore WH,Chennai,Retail,2,4200,8400,1454,Cancelled,Cash
104343,2025-11-21,2025-11-23,SSD,Storage,Global Supply,Hyderabad WH,Mumbai,Wholesale,10,5500,55000,620,Delivered,Credit Card
104344,2025-06-27,2025-07-04,Desktop,Electronics,Global Supply,Mumbai WH,Chennai,Wholesale,5,45000,225000,922,Delivered,Cash
104345,2025-09-21,2025-09-28,Printer,Office Supplies,Tech World,Hyderabad WH,Lucknow,Wholesale,4,15000,60000,2746,Delivered,Debit Card
104346,2025-12-09,2025-12-14,Mouse,Accessories,Tech World,Chennai WH,Lucknow,Wholesale,7,700,4900,1523,Delivered,UPI
104347,2025-10-27,2025-11-02,Keyboard,Accessories,Prime Distributors,Mumbai WH,Kolkata,Wholesale,12,900,10800,282,Delivered,UPI
104348,2025-04-02,2025-04-08,Desktop,Electronics,XYZ Traders,Mumbai WH,Pune,Retail,19,45000,855000,2576,Delivered,Credit Card
104349,2025-08-24,2025-08-30,Switch,Networking,Prime Distributors,Bangalore WH,Ahmedabad,Retail,18,6000,108000,1316,Delivered,UPI
104350,2025-10-03,2025-10-08,Webcam,Accessories,XYZ Traders,Chennai WH,Jaipur,Wholesale,4,2500,10000,2630,Delivered,Credit Card
104351,2025-09-13,2025-09-18,Webcam,Accessories,XYZ Traders,Delhi WH,Ahmedabad,Wholesale,19,2500,47500,993,Delivered,Cash
104352,2025-06-23,2025-06-29,Switch,Networking,ABC Suppliers,Hyderabad WH,Lucknow,Retail,6,6000,36000,530,Delivered,Net Banking
104353,2025-05-20,2025-05-24,SSD,Storage,XYZ Traders,Delhi WH,Lucknow,Wholesale,8,5500,44000,1453,In Transit,UPI
104354,2025-10-29,2025-10-31,Laptop,Electronics,Prime Distributors,Chennai WH,Bangalore,Wholesale,8,55000,440000,892,In Transit,Credit Card
104355,2025-11-23,2025-11-30,Router,Networking,Prime Distributors,Bangalore WH,Mumbai,Retail,16,3500,56000,2059,In Transit,Credit Card
104356,2025-03-09,2025-03-12,Keyboard,Accessories,ABC Suppliers,Hyderabad WH,Jaipur,Retail,14,900,12600,2169,In Transit,Cash
104357,2025-03-24,2025-03-31,Router,Networking,Tech World,Hyderabad WH,Lucknow,Retail,6,3500,21000,2119,In Transit,Cash
104358,2025-12-12,2025-12-18,Hard Disk,Storage,ABC Suppliers,Delhi WH,Lucknow,Wholesale,17,4200,71400,870,Delayed,Net Banking
104359,2025-08-06,2025-08-13,Keyboard,Accessories,Global Supply,Mumbai WH,Chennai,Wholesale,9,900,8100,1257,Delivered,Net Banking
104360,2025-01-02,2025-01-03,Monitor,Electronics,XYZ Traders,Bangalore WH,Kolkata,Wholesale,11,12000,132000,670,Delivered,Debit Card
104361,2025-04-02,2025-04-05,Printer,Office Supplies,Prime Distributors,Bangalore WH,Hyderabad,Retail,4,15000,60000,653,Delivered,UPI
104362,2025-06-16,2025-06-17,Hard Disk,Storage,Prime Distributors,Bangalore WH,Mumbai,Wholesale,13,4200,54600,986,Delivered,Debit Card
104363,2025-11-04,2025-11-11,Scanner,Office Supplies,ABC Suppliers,Hyderabad WH,Chennai,Retail,15,12000,180000,1861,Delivered,Credit Card
104364,2025-03-30,2025-04-02,Desktop,Electronics,ABC Suppliers,Chennai WH,Mumbai,Wholesale,17,45000,765000,2814,Delivered,Cash
104365,2025-04-24,2025-04-28,Laptop,Electronics,Tech World,Chennai WH,Hyderabad,Retail,18,55000,990000,2194,Delivered,Cash
104366,2025-11-21,2025-11-25,Hard Disk,Storage,Prime Distributors,Chennai WH,Delhi,Wholesale,10,4200,42000,380,Delivered,Net Banking
104367,2025-11-23,2025-11-27,Keyboard,Accessories,XYZ Traders,Hyderabad WH,Hyderabad,Wholesale,12,900,10800,2019,Delayed,Credit Card
104368,2025-04-25,2025-05-02,Projector,Electronics,XYZ Traders,Bangalore WH,Pune,Wholesale,17,40000,680000,2278,Delivered,Debit Card
104369,2025-07-30,2025-08-01,Mouse,Accessories,XYZ Traders,Hyderabad WH,Bangalore,Retail,9,700,6300,2777,Delayed,Cash
104370,2025-03-27,2025-04-01,Switch,Networking,Prime Distributors,Bangalore WH,Pune,Wholesale,5,6000,30000,314,Delivered,UPI
104371,2025-04-14,2025-04-18,Laptop,Electronics,Prime Distributors,Bangalore WH,Bangalore,Retail,4,55000,220000,558,Delivered,Debit Card
104372,2025-06-05,2025-06-11,Laptop,Electronics,ABC Suppliers,Mumbai WH,Kolkata,Retail,11,55000,605000,1712,Delivered,Net Banking
104373,2025-07-13,2025-07-19,Desktop,Electronics,Tech World,Chennai WH,Chennai,Retail,6,45000,270000,2234,Delivered,UPI
104374,2025-06-17,2025-06-21,Hard Disk,Storage,ABC Suppliers,Mumbai WH,Lucknow,Wholesale,18,4200,75600,2434,Delivered,Credit Card
104375,2025-05-17,2025-05-18,Webcam,Accessories,ABC Suppliers,Hyderabad WH,Mumbai,Retail,14,2500,35000,1158,Delivered,UPI
104376,2025-06-21,2025-06-24,Keyboard,Accessories,Tech World,Hyderabad WH,Bangalore,Wholesale,6,900,5400,2344,Delivered,Cash
104377,2025-10-01,2025-10-03,Monitor,Electronics,Tech World,Delhi WH,Hyderabad,Wholesale,1,12000,12000,1717,Delayed,UPI
104378,2025-01-22,2025-01-29,Mouse,Accessories,Prime Distributors,Delhi WH,Bangalore,Wholesale,17,700,11900,2112,Delivered,Credit Card
104379,2025-06-08,2025-06-12,Router,Networking,Tech World,Hyderabad WH,Ahmedabad,Wholesale,15,3500,52500,2720,Delivered,Debit Card
104380,2025-04-15,2025-04-20,Hard Disk,Storage,ABC Suppliers,Delhi WH,Jaipur,Wholesale,15,4200,63000,974,Delivered,Net Banking
104381,2025-02-12,2025-02-18,Scanner,Office Supplies,Global Supply,Hyderabad WH,Hyderabad,Retail,4,12000,48000,1391,Delayed,Net Banking
104382,2025-09-11,2025-09-17,Printer,Office Supplies,Global Supply,Bangalore WH,Chennai,Retail,20,15000,300000,1715,Delivered,UPI
104383,2025-01-12,2025-01-15,Router,Networking,Tech World,Chennai WH,Chennai,Wholesale,6,3500,21000,2772,Delivered,Debit Card
104384,2025-10-08,2025-10-12,Printer,Office Supplies,Tech World,Hyderabad WH,Delhi,Wholesale,17,15000,255000,2894,Delivered,Net Banking
104385,2025-01-05,2025-01-06,Office Desk,Furniture,ABC Suppliers,Bangalore WH,Delhi,Wholesale,16,15000,240000,523,In Transit,Cash
104386,2025-11-18,2025-11-22,Office Chair,Furniture,ABC Suppliers,Bangalore WH,Kolkata,Wholesale,4,8500,34000,1689,Delivered,Net Banking
104387,2025-06-27,2025-07-04,Keyboard,Accessories,Prime Distributors,Hyderabad WH,Lucknow,Retail,15,900,13500,2633,Delivered,Credit Card
104388,2025-04-05,2025-04-12,Router,Networking,Tech World,Delhi WH,Chennai,Wholesale,20,3500,70000,824,Delivered,UPI
104389,2025-02-09,2025-02-16,Laptop,Electronics,XYZ Traders,Hyderabad WH,Hyderabad,Retail,6,55000,330000,546,Delivered,UPI
104390,2025-06-05,2025-06-08,Hard Disk,Storage,Tech World,Chennai WH,Mumbai,Wholesale,6,4200,25200,1416,Delivered,UPI
104391,2025-05-01,2025-05-03,Scanner,Office Supplies,Tech World,Mumbai WH,Mumbai,Wholesale,14,12000,168000,1714,Cancelled,Debit Card
104392,2025-05-09,2025-05-10,Switch,Networking,Global Supply,Bangalore WH,Pune,Retail,20,6000,120000,2284,Delayed,Debit Card
104393,2025-09-12,2025-09-16,Webcam,Accessories,Prime Distributors,Hyderabad WH,Lucknow,Retail,8,2500,20000,963,In Transit,UPI
104394,2025-05-06,2025-05-11,Office Desk,Furniture,Tech World,Delhi WH,Hyderabad,Retail,5,15000,75000,1755,In Transit,UPI
104395,2025-02-10,2025-02-13,Hard Disk,Storage,Prime Distributors,Chennai WH,Mumbai,Retail,17,4200,71400,1180,Delivered,Debit Card
104396,2025-10-20,2025-10-27,Laptop,Electronics,Prime Distributors,Delhi WH,Mumbai,Retail,18,55000,990000,2470,Delivered,Net Banking
104397,2025-09-01,2025-09-02,Router,Networking,Global Supply,Delhi WH,Lucknow,Wholesale,10,3500,35000,785,Delivered,Net Banking
104398,2025-09-24,2025-10-01,Projector,Electronics,XYZ Traders,Chennai WH,Chennai,Wholesale,18,40000,720000,341,Delivered,Credit Card
104399,2025-08-31,2025-09-06,Webcam,Accessories,XYZ Traders,Delhi WH,Chennai,Wholesale,7,2500,17500,2035,Delayed,Debit Card
104400,2025-09-30,2025-10-04,Switch,Networking,Prime Distributors,Hyderabad WH,Ahmedabad,Retail,10,6000,60000,406,Delayed,Debit Card
104401,2025-03-27,2025-03-30,Laptop,Electronics,XYZ Traders,Delhi WH,Bangalore,Retail,19,55000,1045000,271,Delivered,Cash
104402,2025-07-30,2025-08-04,Office Desk,Furniture,XYZ Traders,Chennai WH,Kolkata,Retail,1,15000,15000,1660,Cancelled,Cash
104403,2025-07-15,2025-07-22,Printer,Office Supplies,Prime Distributors,Hyderabad WH,Ahmedabad,Wholesale,14,15000,210000,2359,In Transit,Credit Card
104404,2025-08-20,2025-08-24,Desktop,Electronics,XYZ Traders,Bangalore WH,Lucknow,Wholesale,19,45000,855000,1507,Cancelled,Credit Card
104405,2025-03-24,2025-03-28,Webcam,Accessories,XYZ Traders,Mumbai WH,Pune,Wholesale,6,2500,15000,1196,Delayed,UPI
104406,2025-06-05,2025-06-11,Keyboard,Accessories,Tech World,Bangalore WH,Delhi,Retail,11,900,9900,1095,Delivered,Debit Card
104407,2025-05-04,2025-05-09,Projector,Electronics,Tech World,Bangalore WH,Mumbai,Wholesale,16,40000,640000,1997,Delayed,Debit Card
104408,2025-10-14,2025-10-20,Keyboard,Accessories,Global Supply,Chennai WH,Bangalore,Wholesale,20,900,18000,2097,In Transit,UPI
104409,2025-01-24,2025-01-30,Monitor,Electronics,XYZ Traders,Chennai WH,Delhi,Wholesale,10,12000,120000,2438,Delivered,Cash
104410,2025-05-29,2025-06-05,Keyboard,Accessories,Global Supply,Chennai WH,Pune,Retail,11,900,9900,403,Delivered,UPI
104411,2025-04-06,2025-04-12,Mouse,Accessories,Tech World,Chennai WH,Pune,Retail,11,700,7700,2875,Delivered,Credit Card
104412,2025-07-08,2025-07-14,Hard Disk,Storage,Prime Distributors,Bangalore WH,Jaipur,Retail,19,4200,79800,693,Delivered,Cash
104413,2025-06-21,2025-06-25,Monitor,Electronics,ABC Suppliers,Mumbai WH,Kolkata,Wholesale,3,12000,36000,1352,Delivered,UPI
104414,2025-08-16,2025-08-22,Laptop,Electronics,XYZ Traders,Hyderabad WH,Jaipur,Wholesale,3,55000,165000,950,Delivered,Credit Card
104415,2025-03-08,2025-03-14,Mouse,Accessories,ABC Suppliers,Delhi WH,Mumbai,Wholesale,12,700,8400,1460,In Transit,Credit Card
104416,2025-02-21,2025-02-26,Mouse,Accessories,XYZ Traders,Chennai WH,Delhi,Wholesale,4,700,2800,1568,Delivered,Net Banking
104417,2025-10-16,2025-10-18,Monitor,Electronics,Prime Distributors,Hyderabad WH,Kolkata,Retail,8,12000,96000,1245,Delayed,Net Banking
104418,2025-10-07,2025-10-12,Desktop,Electronics,ABC Suppliers,Bangalore WH,Hyderabad,Retail,6,45000,270000,2655,Delivered,Credit Card
104419,2025-06-25,2025-06-29,Office Chair,Furniture,Global Supply,Chennai WH,Jaipur,Retail,5,8500,42500,1262,Delivered,Debit Card
104420,2025-03-03,2025-03-09,Mouse,Accessories,ABC Suppliers,Hyderabad WH,Hyderabad,Wholesale,17,700,11900,1148,Delivered,Credit Card
104421,2025-04-29,2025-05-03,Switch,Networking,Prime Distributors,Chennai WH,Mumbai,Retail,15,6000,90000,2916,Delivered,Cash
104422,2025-11-30,2025-12-02,Mouse,Accessories,ABC Suppliers,Bangalore WH,Ahmedabad,Wholesale,14,700,9800,821,Delivered,Debit Card
104423,2025-07-28,2025-07-29,Keyboard,Accessories,ABC Suppliers,Delhi WH,Lucknow,Retail,5,900,4500,582,Delivered,Debit Card
104424,2025-11-28,2025-11-30,Webcam,Accessories,Global Supply,Chennai WH,Delhi,Wholesale,7,2500,17500,2207,Delivered,Net Banking
104425,2025-12-06,2025-12-12,SSD,Storage,Prime Distributors,Bangalore WH,Jaipur,Retail,7,5500,38500,735,Cancelled,UPI
104426,2025-06-12,2025-06-14,Router,Networking,XYZ Traders,Delhi WH,Delhi,Retail,12,3500,42000,2976,Delayed,Debit Card
104427,2025-08-02,2025-08-03,Printer,Office Supplies,XYZ Traders,Delhi WH,Delhi,Wholesale,18,15000,270000,2486,Delivered,Net Banking
104428,2025-03-25,2025-03-30,Projector,Electronics,Tech World,Bangalore WH,Bangalore,Retail,17,40000,680000,1117,In Transit,Debit Card
104429,2025-05-21,2025-05-26,Desktop,Electronics,Global Supply,Hyderabad WH,Jaipur,Wholesale,8,45000,360000,1749,Delivered,Net Banking
104430,2025-12-20,2025-12-23,Webcam,Accessories,Global Supply,Bangalore WH,Jaipur,Retail,18,2500,45000,699,In Transit,UPI
104431,2025-12-14,2025-12-17,Scanner,Office Supplies,Tech World,Hyderabad WH,Bangalore,Wholesale,6,12000,72000,2752,Cancelled,UPI
104432,2025-02-26,2025-03-03,SSD,Storage,ABC Suppliers,Hyderabad WH,Kolkata,Wholesale,19,5500,104500,550,Delivered,Debit Card
104433,2025-02-15,2025-02-18,Keyboard,Accessories,Prime Distributors,Bangalore WH,Chennai,Retail,10,900,9000,2948,Delivered,Net Banking
104434,2025-09-21,2025-09-27,Switch,Networking,ABC Suppliers,Mumbai WH,Hyderabad,Retail,12,6000,72000,1574,Delivered,Debit Card
104435,2025-09-02,2025-09-07,Office Desk,Furniture,Tech World,Delhi WH,Jaipur,Retail,6,15000,90000,1362,Delivered,Debit Card
104436,2025-12-27,2026-01-02,Keyboard,Accessories,XYZ Traders,Delhi WH,Kolkata,Retail,19,900,17100,2220,Delivered,Credit Card
104437,2025-02-12,2025-02-18,Switch,Networking,XYZ Traders,Chennai WH,Lucknow,Wholesale,1,6000,6000,2244,Delivered,UPI
104438,2025-05-10,2025-05-11,Webcam,Accessories,XYZ Traders,Bangalore WH,Kolkata,Wholesale,11,2500,27500,547,Delivered,Net Banking
104439,2025-09-17,2025-09-23,SSD,Storage,XYZ Traders,Delhi WH,Delhi,Wholesale,6,5500,33000,2135,Delivered,UPI
104440,2025-08-18,2025-08-21,Mouse,Accessories,ABC Suppliers,Hyderabad WH,Delhi,Wholesale,18,700,12600,2347,Delayed,UPI
104441,2025-10-26,2025-10-28,Switch,Networking,Prime Distributors,Delhi WH,Kolkata,Wholesale,16,6000,96000,2915,In Transit,Cash
104442,2025-09-25,2025-10-01,Keyboard,Accessories,Prime Distributors,Bangalore WH,Mumbai,Retail,16,900,14400,781,In Transit,Cash
104443,2025-02-02,2025-02-07,SSD,Storage,Tech World,Chennai WH,Ahmedabad,Wholesale,7,5500,38500,928,Delivered,Credit Card
104444,2025-06-26,2025-07-03,Scanner,Office Supplies,Tech World,Mumbai WH,Lucknow,Wholesale,17,12000,204000,2051,Delayed,Credit Card
104445,2025-03-05,2025-03-11,Scanner,Office Supplies,ABC Suppliers,Delhi WH,Lucknow,Wholesale,13,12000,156000,2292,Delivered,Debit Card
104446,2025-03-24,2025-03-26,Switch,Networking,ABC Suppliers,Chennai WH,Bangalore,Retail,12,6000,72000,2480,Delayed,Net Banking
104447,2025-12-01,2025-12-07,Scanner,Office Supplies,Tech World,Bangalore WH,Kolkata,Retail,7,12000,84000,1564,Delivered,UPI
104448,2025-08-04,2025-08-11,Mouse,Accessories,XYZ Traders,Bangalore WH,Chennai,Wholesale,8,700,5600,2217,Delivered,Net Banking
104449,2025-12-24,2025-12-27,Webcam,Accessories,Tech World,Chennai WH,Lucknow,Wholesale,19,2500,47500,602,Delivered,Net Banking
104450,2025-01-24,2025-01-31,Projector,Electronics,Tech World,Mumbai WH,Jaipur,Wholesale,18,40000,720000,363,Delivered,Debit Card
104451,2025-12-29,2025-12-30,SSD,Storage,Tech World,Chennai WH,Hyderabad,Wholesale,18,5500,99000,2665,Delivered,Cash
104452,2025-05-20,2025-05-24,Projector,Electronics,Prime Distributors,Bangalore WH,Ahmedabad,Wholesale,12,40000,480000,897,Delayed,Debit Card
104453,2025-09-25,2025-10-01,Printer,Office Supplies,Global Supply,Hyderabad WH,Ahmedabad,Retail,19,15000,285000,382,Delivered,Credit Card
104454,2025-12-02,2025-12-04,Office Desk,Furniture,ABC Suppliers,Chennai WH,Kolkata,Wholesale,12,15000,180000,2709,Cancelled,Net Banking
104455,2025-10-07,2025-10-11,Monitor,Electronics,Tech World,Hyderabad WH,Hyderabad,Wholesale,11,12000,132000,1817,Delivered,Debit Card
104456,2025-07-14,2025-07-21,Laptop,Electronics,Global Supply,Mumbai WH,Mumbai,Wholesale,6,55000,330000,2219,Delivered,Debit Card
104457,2025-04-11,2025-04-15,Laptop,Electronics,Tech World,Delhi WH,Bangalore,Wholesale,19,55000,1045000,1244,Delayed,Credit Card
104458,2025-01-25,2025-01-29,SSD,Storage,ABC Suppliers,Hyderabad WH,Jaipur,Retail,13,5500,71500,576,Delivered,Net Banking
104459,2025-05-08,2025-05-09,Scanner,Office Supplies,Global Supply,Bangalore WH,Hyderabad,Retail,9,12000,108000,2596,Delivered,UPI
104460,2025-01-08,2025-01-13,Laptop,Electronics,Tech World,Hyderabad WH,Chennai,Wholesale,18,55000,990000,2801,Delivered,Net Banking
104461,2025-03-14,2025-03-21,Switch,Networking,Prime Distributors,Bangalore WH,Chennai,Wholesale,9,6000,54000,1415,Delivered,Net Banking
104462,2025-02-04,2025-02-05,Printer,Office Supplies,Tech World,Chennai WH,Bangalore,Wholesale,10,15000,150000,1321,Delivered,Debit Card
104463,2025-05-08,2025-05-11,Scanner,Office Supplies,Tech World,Bangalore WH,Hyderabad,Retail,3,12000,36000,367,Cancelled,Credit Card
104464,2025-09-18,2025-09-25,Desktop,Electronics,Prime Distributors,Chennai WH,Ahmedabad,Retail,6,45000,270000,1409,Delivered,Credit Card
104465,2025-10-15,2025-10-17,Office Desk,Furniture,Tech World,Delhi WH,Bangalore,Retail,18,15000,270000,2737,Delivered,Net Banking
104466,2025-06-15,2025-06-22,Desktop,Electronics,Prime Distributors,Chennai WH,Hyderabad,Retail,20,45000,900000,1444,Delayed,Debit Card
104467,2025-06-14,2025-06-17,Printer,Office Supplies,Tech World,Bangalore WH,Chennai,Retail,20,15000,300000,2872,Delivered,Debit Card
104468,2025-08-07,2025-08-08,Hard Disk,Storage,XYZ Traders,Hyderabad WH,Bangalore,Retail,18,4200,75600,2079,Delivered,Cash
104469,2025-06-03,2025-06-07,Webcam,Accessories,Prime Distributors,Mumbai WH,Pune,Wholesale,19,2500,47500,2157,Delivered,Cash
104470,2025-10-22,2025-10-29,Office Chair,Furniture,XYZ Traders,Hyderabad WH,Chennai,Retail,18,8500,153000,235,Delivered,Net Banking
104471,2025-04-10,2025-04-11,Office Desk,Furniture,XYZ Traders,Bangalore WH,Pune,Wholesale,3,15000,45000,2230,Delivered,Net Banking
104472,2025-05-04,2025-05-10,Laptop,Electronics,XYZ Traders,Delhi WH,Ahmedabad,Retail,18,55000,990000,1239,Delivered,Net Banking
104473,2025-10-21,2025-10-27,Laptop,Electronics,XYZ Traders,Mumbai WH,Jaipur,Retail,15,55000,825000,990,Delivered,Net Banking
104474,2025-06-17,2025-06-18,Mouse,Accessories,Global Supply,Bangalore WH,Ahmedabad,Retail,6,700,4200,960,Delivered,Debit Card
104475,2025-11-20,2025-11-25,Mouse,Accessories,Tech World,Bangalore WH,Kolkata,Retail,6,700,4200,2580,Delivered,Credit Card
104476,2025-09-27,2025-10-04,Keyboard,Accessories,Tech World,Delhi WH,Jaipur,Retail,6,900,5400,1029,Delivered,Cash
104477,2025-02-09,2025-02-11,Mouse,Accessories,Global Supply,Hyderabad WH,Bangalore,Retail,7,700,4900,2312,Delivered,Net Banking
104478,2025-09-22,2025-09-25,SSD,Storage,ABC Suppliers,Hyderabad WH,Delhi,Wholesale,17,5500,93500,1139,Delivered,Net Banking
104479,2025-09-28,2025-09-29,Laptop,Electronics,Prime Distributors,Mumbai WH,Mumbai,Retail,13,55000,715000,2115,Delivered,Credit Card
104480,2025-04-06,2025-04-07,Printer,Office Supplies,XYZ Traders,Delhi WH,Pune,Retail,20,15000,300000,1203,Delivered,Cash
104481,2025-03-12,2025-03-19,Scanner,Office Supplies,XYZ Traders,Delhi WH,Kolkata,Wholesale,8,12000,96000,2678,In Transit,Net Banking
104482,2025-07-18,2025-07-20,Office Chair,Furniture,ABC Suppliers,Hyderabad WH,Ahmedabad,Wholesale,18,8500,153000,1744,Delayed,Debit Card
104483,2025-03-26,2025-03-30,Monitor,Electronics,Tech World,Hyderabad WH,Bangalore,Wholesale,1,12000,12000,719,Delivered,Net Banking
104484,2025-04-02,2025-04-04,Mouse,Accessories,Prime Distributors,Hyderabad WH,Bangalore,Wholesale,4,700,2800,2153,Delivered,Cash
104485,2025-11-17,2025-11-18,Webcam,Accessories,ABC Suppliers,Chennai WH,Chennai,Wholesale,9,2500,22500,1987,Delivered,Debit Card
104486,2025-12-05,2025-12-11,Printer,Office Supplies,Prime Distributors,Delhi WH,Hyderabad,Retail,7,15000,105000,327,Delivered,Debit Card
104487,2025-10-06,2025-10-07,Desktop,Electronics,Tech World,Mumbai WH,Mumbai,Wholesale,7,45000,315000,552,Delivered,Cash
104488,2025-02-03,2025-02-08,Mouse,Accessories,XYZ Traders,Delhi WH,Lucknow,Retail,14,700,9800,353,Delivered,Cash
104489,2025-11-15,2025-11-17,SSD,Storage,Global Supply,Hyderabad WH,Delhi,Wholesale,13,5500,71500,2753,Delivered,Net Banking
104490,2025-07-04,2025-07-10,Projector,Electronics,ABC Suppliers,Mumbai WH,Ahmedabad,Wholesale,5,40000,200000,1497,In Transit,Credit Card
104491,2025-06-25,2025-07-02,Printer,Office Supplies,XYZ Traders,Mumbai WH,Pune,Retail,8,15000,120000,825,Delivered,Debit Card
104492,2025-08-10,2025-08-17,Office Desk,Furniture,XYZ Traders,Hyderabad WH,Ahmedabad,Retail,2,15000,30000,2143,Cancelled,Net Banking
104493,2025-01-13,2025-01-19,Printer,Office Supplies,ABC Suppliers,Bangalore WH,Mumbai,Retail,5,15000,75000,766,Delivered,Debit Card
104494,2025-10-20,2025-10-26,Desktop,Electronics,XYZ Traders,Mumbai WH,Mumbai,Wholesale,19,45000,855000,701,In Transit,Cash
104495,2025-02-05,2025-02-07,Mouse,Accessories,XYZ Traders,Delhi WH,Jaipur,Wholesale,6,700,4200,2899,Cancelled,Debit Card
104496,2025-03-11,2025-03-15,Office Desk,Furniture,Global Supply,Hyderabad WH,Delhi,Retail,12,15000,180000,1274,Cancelled,Debit Card
104497,2025-02-14,2025-02-17,Desktop,Electronics,ABC Suppliers,Hyderabad WH,Hyderabad,Retail,10,45000,450000,2477,In Transit,Debit Card
104498,2025-11-28,2025-11-30,Office Chair,Furniture,Prime Distributors,Delhi WH,Jaipur,Wholesale,20,8500,170000,1163,Delivered,UPI
104499,2025-06-18,2025-06-20,Laptop,Electronics,XYZ Traders,Delhi WH,Bangalore,Retail,17,55000,935000,630,Delivered,Cash
104500,2025-01-02,2025-01-06,Office Desk,Furniture,Global Supply,Hyderabad WH,Pune,Retail,5,15000,75000,1975,Delivered,Credit Card
104501,2025-07-28,2025-08-01,Printer,Office Supplies,Tech World,Hyderabad WH,Delhi,Wholesale,12,15000,180000,651,In Transit,UPI
104502,2025-08-01,2025-08-04,Printer,Office Supplies,Tech World,Mumbai WH,Pune,Wholesale,9,15000,135000,2104,Delivered,UPI
104503,2025-05-11,2025-05-16,Printer,Office Supplies,Prime Distributors,Chennai WH,Lucknow,Wholesale,6,15000,90000,360,Delivered,Debit Card
104504,2025-02-01,2025-02-06,Projector,Electronics,XYZ Traders,Mumbai WH,Jaipur,Retail,6,40000,240000,1348,Delivered,UPI
104505,2025-06-24,2025-06-26,Office Desk,Furniture,ABC Suppliers,Hyderabad WH,Lucknow,Wholesale,7,15000,105000,1738,Delivered,Cash
104506,2025-09-20,2025-09-24,Office Chair,Furniture,Global Supply,Bangalore WH,Ahmedabad,Wholesale,5,8500,42500,1990,In Transit,Net Banking
104507,2025-11-26,2025-11-29,Switch,Networking,XYZ Traders,Bangalore WH,Kolkata,Wholesale,5,6000,30000,2989,Delayed,Debit Card
104508,2025-08-23,2025-08-25,Keyboard,Accessories,ABC Suppliers,Chennai WH,Hyderabad,Retail,15,900,13500,1229,Delivered,Cash
104509,2025-12-30,2026-01-02,Projector,Electronics,Tech World,Hyderabad WH,Kolkata,Wholesale,15,40000,600000,612,Delivered,Cash
104510,2025-05-06,2025-05-13,Webcam,Accessories,XYZ Traders,Chennai WH,Chennai,Wholesale,1,2500,2500,616,Delayed,UPI
104511,2025-04-26,2025-04-28,Office Chair,Furniture,Prime Distributors,Bangalore WH,Pune,Retail,17,8500,144500,964,In Transit,Debit Card
104512,2025-09-30,2025-10-06,Scanner,Office Supplies,Tech World,Chennai WH,Mumbai,Wholesale,7,12000,84000,810,Delivered,Cash
104513,2025-09-14,2025-09-18,Webcam,Accessories,Prime Distributors,Chennai WH,Hyderabad,Wholesale,18,2500,45000,1700,Delivered,Debit Card
104514,2025-01-12,2025-01-14,Office Chair,Furniture,Global Supply,Bangalore WH,Delhi,Retail,11,8500,93500,2167,Delayed,UPI
104515,2025-11-23,2025-11-29,Webcam,Accessories,XYZ Traders,Hyderabad WH,Delhi,Retail,13,2500,32500,620,Delivered,UPI
104516,2025-07-19,2025-07-24,Laptop,Electronics,Prime Distributors,Chennai WH,Hyderabad,Retail,19,55000,1045000,937,Delivered,UPI
104517,2025-07-27,2025-08-03,Mouse,Accessories,Global Supply,Hyderabad WH,Bangalore,Wholesale,20,700,14000,831,Delivered,Debit Card
104518,2025-06-17,2025-06-19,Scanner,Office Supplies,Prime Distributors,Chennai WH,Mumbai,Wholesale,3,12000,36000,836,In Transit,Debit Card
104519,2025-07-27,2025-08-03,Desktop,Electronics,Tech World,Delhi WH,Kolkata,Retail,10,45000,450000,593,Delivered,Debit Card
104520,2025-05-07,2025-05-09,SSD,Storage,Global Supply,Bangalore WH,Delhi,Wholesale,16,5500,88000,1111,Delivered,Net Banking
104521,2025-07-05,2025-07-06,Mouse,Accessories,XYZ Traders,Chennai WH,Lucknow,Retail,14,700,9800,1029,Delayed,Credit Card
104522,2025-01-28,2025-02-04,Projector,Electronics,Global Supply,Chennai WH,Jaipur,Retail,2,40000,80000,502,Delivered,Credit Card
104523,2025-02-26,2025-02-27,Hard Disk,Storage,XYZ Traders,Delhi WH,Kolkata,Retail,15,4200,63000,1591,Delivered,Net Banking
104524,2025-02-04,2025-02-05,Office Chair,Furniture,Global Supply,Hyderabad WH,Bangalore,Wholesale,20,8500,170000,2876,Delivered,Debit Card
104525,2025-03-12,2025-03-15,Desktop,Electronics,Global Supply,Hyderabad WH,Hyderabad,Wholesale,15,45000,675000,2034,Delivered,UPI
104526,2025-09-08,2025-09-12,Office Chair,Furniture,XYZ Traders,Chennai WH,Delhi,Wholesale,17,8500,144500,909,Delivered,UPI
104527,2025-08-30,2025-09-02,Monitor,Electronics,Prime Distributors,Hyderabad WH,Jaipur,Retail,19,12000,228000,2631,Delivered,Net Banking
104528,2025-12-02,2025-12-03,Router,Networking,Prime Distributors,Delhi WH,Delhi,Retail,1,3500,3500,2619,Delivered,Cash
104529,2025-06-24,2025-06-29,Office Chair,Furniture,Global Supply,Mumbai WH,Chennai,Wholesale,11,8500,93500,334,Delivered,Cash
104530,2025-10-04,2025-10-06,Keyboard,Accessories,Prime Distributors,Delhi WH,Mumbai,Wholesale,17,900,15300,1675,Delivered,UPI
104531,2025-09-16,2025-09-18,Desktop,Electronics,XYZ Traders,Mumbai WH,Lucknow,Wholesale,11,45000,495000,2233,In Transit,Cash
104532,2025-04-11,2025-04-16,Monitor,Electronics,ABC Suppliers,Bangalore WH,Chennai,Retail,17,12000,204000,2338,Delayed,Credit Card
104533,2025-01-08,2025-01-11,SSD,Storage,ABC Suppliers,Chennai WH,Kolkata,Wholesale,8,5500,44000,2151,Delivered,Debit Card
104534,2025-03-21,2025-03-24,Scanner,Office Supplies,ABC Suppliers,Delhi WH,Pune,Wholesale,18,12000,216000,672,In Transit,Debit Card
104535,2025-05-02,2025-05-05,Hard Disk,Storage,Prime Distributors,Chennai WH,Mumbai,Wholesale,9,4200,37800,2098,In Transit,Credit Card
104536,2025-10-29,2025-11-05,Office Chair,Furniture,Prime Distributors,Mumbai WH,Kolkata,Retail,18,8500,153000,510,In Transit,Debit Card
104537,2025-11-27,2025-12-03,Switch,Networking,ABC Suppliers,Delhi WH,Jaipur,Wholesale,17,6000,102000,1349,Delayed,Net Banking
104538,2025-08-08,2025-08-15,Office Desk,Furniture,Tech World,Delhi WH,Mumbai,Retail,11,15000,165000,2083,Delayed,Cash
104539,2025-10-16,2025-10-17,Office Chair,Furniture,Tech World,Delhi WH,Pune,Wholesale,16,8500,136000,2708,Delivered,Net Banking
104540,2025-06-15,2025-06-18,Switch,Networking,Global Supply,Hyderabad WH,Ahmedabad,Wholesale,15,6000,90000,2032,Delivered,UPI
104541,2025-03-10,2025-03-14,Printer,Office Supplies,XYZ Traders,Bangalore WH,Ahmedabad,Wholesale,2,15000,30000,1432,Delivered,Net Banking
104542,2025-10-19,2025-10-25,Desktop,Electronics,Prime Distributors,Bangalore WH,Bangalore,Retail,3,45000,135000,400,Delivered,Credit Card
104543,2025-05-04,2025-05-08,Projector,Electronics,ABC Suppliers,Mumbai WH,Kolkata,Wholesale,18,40000,720000,2173,In Transit,Credit Card
104544,2025-01-14,2025-01-15,Monitor,Electronics,ABC Suppliers,Delhi WH,Mumbai,Retail,18,12000,216000,372,Delivered,Cash
104545,2025-05-29,2025-06-04,Monitor,Electronics,XYZ Traders,Bangalore WH,Chennai,Wholesale,9,12000,108000,276,Delivered,Debit Card
104546,2025-11-02,2025-11-07,SSD,Storage,Prime Distributors,Chennai WH,Delhi,Retail,7,5500,38500,2954,In Transit,Credit Card
104547,2025-01-03,2025-01-05,Printer,Office Supplies,ABC Suppliers,Mumbai WH,Lucknow,Wholesale,20,15000,300000,474,In Transit,Cash
104548,2025-04-20,2025-04-22,Router,Networking,Global Supply,Mumbai WH,Jaipur,Retail,14,3500,49000,1206,In Transit,Credit Card
104549,2025-12-24,2025-12-26,Monitor,Electronics,Global Supply,Delhi WH,Bangalore,Wholesale,8,12000,96000,2280,Delivered,Cash
104550,2025-05-01,2025-05-07,Router,Networking,Prime Distributors,Delhi WH,Jaipur,Wholesale,12,3500,42000,1304,Delivered,Net Banking
104551,2025-12-15,2025-12-16,Office Chair,Furniture,XYZ Traders,Bangalore WH,Kolkata,Wholesale,14,8500,119000,2481,Delivered,UPI
104552,2025-12-14,2025-12-19,Switch,Networking,Tech World,Mumbai WH,Kolkata,Retail,6,6000,36000,1844,Delivered,Debit Card
104553,2025-05-25,2025-05-29,Laptop,Electronics,ABC Suppliers,Mumbai WH,Lucknow,Wholesale,20,55000,1100000,333,In Transit,Credit Card
104554,2025-10-03,2025-10-07,Laptop,Electronics,Prime Distributors,Mumbai WH,Lucknow,Retail,11,55000,605000,2617,In Transit,Credit Card
104555,2025-10-05,2025-10-06,Laptop,Electronics,Global Supply,Hyderabad WH,Kolkata,Wholesale,13,55000,715000,1429,Delivered,UPI
104556,2025-11-15,2025-11-21,Webcam,Accessories,Prime Distributors,Chennai WH,Bangalore,Wholesale,15,2500,37500,2301,Delivered,Debit Card
104557,2025-02-08,2025-02-09,Scanner,Office Supplies,ABC Suppliers,Chennai WH,Kolkata,Retail,17,12000,204000,2482,Delivered,UPI
104558,2025-08-23,2025-08-24,Switch,Networking,Prime Distributors,Bangalore WH,Mumbai,Wholesale,12,6000,72000,2355,Delivered,Credit Card
104559,2025-04-10,2025-04-15,Desktop,Electronics,XYZ Traders,Hyderabad WH,Delhi,Wholesale,9,45000,405000,2346,In Transit,UPI
104560,2025-03-04,2025-03-05,Switch,Networking,XYZ Traders,Mumbai WH,Kolkata,Retail,2,6000,12000,2616,Delivered,UPI
104561,2025-07-10,2025-07-11,Router,Networking,Tech World,Bangalore WH,Hyderabad,Retail,7,3500,24500,2335,Delivered,Net Banking
104562,2025-12-15,2025-12-17,Office Desk,Furniture,ABC Suppliers,Hyderabad WH,Chennai,Wholesale,18,15000,270000,2588,Delivered,Credit Card
104563,2025-07-12,2025-07-17,Office Desk,Furniture,Prime Distributors,Delhi WH,Chennai,Retail,16,15000,240000,871,Delivered,Debit Card
104564,2025-11-24,2025-11-29,Office Chair,Furniture,XYZ Traders,Delhi WH,Chennai,Retail,20,8500,170000,1973,Delivered,Debit Card
104565,2025-04-02,2025-04-06,Router,Networking,XYZ Traders,Chennai WH,Mumbai,Wholesale,14,3500,49000,318,Delayed,Cash
104566,2025-11-13,2025-11-19,Office Chair,Furniture,ABC Suppliers,Chennai WH,Pune,Wholesale,9,8500,76500,2374,Delivered,Cash
104567,2025-06-24,2025-06-28,Keyboard,Accessories,Prime Distributors,Mumbai WH,Hyderabad,Retail,6,900,5400,2490,Delivered,Debit Card
104568,2025-11-24,2025-11-25,Laptop,Electronics,Prime Distributors,Bangalore WH,Jaipur,Wholesale,4,55000,220000,2975,Delivered,Debit Card
104569,2025-01-11,2025-01-14,Projector,Electronics,XYZ Traders,Delhi WH,Lucknow,Wholesale,12,40000,480000,2260,Delayed,Debit Card
104570,2025-06-27,2025-07-02,Printer,Office Supplies,Tech World,Bangalore WH,Hyderabad,Retail,15,15000,225000,1615,Delivered,Cash
104571,2025-06-24,2025-07-01,Office Chair,Furniture,ABC Suppliers,Hyderabad WH,Delhi,Wholesale,20,8500,170000,677,In Transit,Net Banking
104572,2025-02-05,2025-02-11,Hard Disk,Storage,Global Supply,Delhi WH,Hyderabad,Retail,12,4200,50400,1579,Delivered,Credit Card
104573,2025-07-06,2025-07-07,Monitor,Electronics,Global Supply,Bangalore WH,Chennai,Wholesale,11,12000,132000,1256,Delivered,Credit Card
104574,2025-10-31,2025-11-06,Office Chair,Furniture,Tech World,Hyderabad WH,Kolkata,Wholesale,7,8500,59500,1238,Delivered,UPI
104575,2025-06-23,2025-06-26,Scanner,Office Supplies,XYZ Traders,Chennai WH,Kolkata,Retail,5,12000,60000,2024,Delivered,Debit Card
104576,2025-08-03,2025-08-07,Keyboard,Accessories,ABC Suppliers,Mumbai WH,Jaipur,Wholesale,4,900,3600,2817,Delivered,UPI
104577,2025-04-28,2025-05-01,Office Desk,Furniture,XYZ Traders,Bangalore WH,Mumbai,Wholesale,9,15000,135000,1583,Delivered,Cash
104578,2025-11-02,2025-11-07,Hard Disk,Storage,Prime Distributors,Chennai WH,Chennai,Retail,3,4200,12600,2664,Delivered,Net Banking
104579,2025-10-09,2025-10-12,Projector,Electronics,XYZ Traders,Mumbai WH,Pune,Wholesale,16,40000,640000,328,Delivered,UPI
104580,2025-10-01,2025-10-03,Hard Disk,Storage,Global Supply,Delhi WH,Delhi,Retail,14,4200,58800,625,Delivered,Cash
104581,2025-07-17,2025-07-24,Projector,Electronics,Tech World,Delhi WH,Delhi,Retail,9,40000,360000,2622,Delivered,Net Banking
104582,2025-03-20,2025-03-27,Office Chair,Furniture,Global Supply,Hyderabad WH,Delhi,Retail,19,8500,161500,1953,Delivered,UPI
104583,2025-04-19,2025-04-21,Mouse,Accessories,Tech World,Delhi WH,Delhi,Wholesale,19,700,13300,2955,Delivered,Net Banking
104584,2025-09-22,2025-09-26,Webcam,Accessories,XYZ Traders,Hyderabad WH,Lucknow,Wholesale,16,2500,40000,802,In Transit,Debit Card
104585,2025-12-28,2026-01-02,Laptop,Electronics,Tech World,Delhi WH,Mumbai,Wholesale,5,55000,275000,1430,Delivered,Credit Card
104586,2025-03-31,2025-04-02,Hard Disk,Storage,Tech World,Bangalore WH,Delhi,Retail,20,4200,84000,2970,Delivered,Net Banking
104587,2025-10-28,2025-11-02,Projector,Electronics,Global Supply,Bangalore WH,Chennai,Retail,4,40000,160000,1998,In Transit,Credit Card
104588,2025-12-30,2026-01-03,Monitor,Electronics,ABC Suppliers,Mumbai WH,Mumbai,Retail,7,12000,84000,2206,Delivered,Net Banking
104589,2025-08-27,2025-08-31,Switch,Networking,ABC Suppliers,Delhi WH,Ahmedabad,Retail,4,6000,24000,949,Delivered,Credit Card
104590,2025-12-15,2025-12-17,Office Desk,Furniture,Tech World,Delhi WH,Delhi,Retail,4,15000,60000,1605,Delivered,UPI
104591,2025-11-10,2025-11-13,Laptop,Electronics,XYZ Traders,Bangalore WH,Lucknow,Wholesale,16,55000,880000,1089,Delivered,Net Banking
104592,2025-04-25,2025-04-26,Monitor,Electronics,XYZ Traders,Mumbai WH,Kolkata,Retail,9,12000,108000,2468,Cancelled,UPI
104593,2025-09-19,2025-09-24,Keyboard,Accessories,ABC Suppliers,Bangalore WH,Pune,Retail,12,900,10800,341,Delayed,Debit Card
104594,2025-06-18,2025-06-24,Projector,Electronics,Global Supply,Chennai WH,Jaipur,Wholesale,11,40000,440000,2107,Delivered,Cash
104595,2025-12-10,2025-12-11,Switch,Networking,Tech World,Hyderabad WH,Mumbai,Wholesale,7,6000,42000,2500,Delivered,Credit Card
104596,2025-12-17,2025-12-21,Router,Networking,Prime Distributors,Delhi WH,Chennai,Retail,20,3500,70000,1755,Delivered,Credit Card
104597,2025-02-01,2025-02-04,Office Chair,Furniture,Global Supply,Mumbai WH,Delhi,Retail,4,8500,34000,1448,Delayed,Cash
104598,2025-06-04,2025-06-07,Router,Networking,Global Supply,Hyderabad WH,Delhi,Wholesale,12,3500,42000,2449,Delivered,Credit Card
104599,2025-12-29,2026-01-01,Hard Disk,Storage,XYZ Traders,Bangalore WH,Kolkata,Wholesale,14,4200,58800,2844,Delivered,UPI
104600,2025-05-17,2025-05-21,Office Chair,Furniture,ABC Suppliers,Hyderabad WH,Bangalore,Wholesale,16,8500,136000,301,Delivered,Net Banking
104601,2025-01-11,2025-01-15,SSD,Storage,Tech World,Hyderabad WH,Delhi,Wholesale,15,5500,82500,236,Delivered,Net Banking
104602,2025-08-16,2025-08-18,Hard Disk,Storage,Tech World,Delhi WH,Ahmedabad,Wholesale,1,4200,4200,2853,Cancelled,Debit Card
104603,2025-03-28,2025-04-04,Keyboard,Accessories,Global Supply,Bangalore WH,Kolkata,Wholesale,5,900,4500,648,Delivered,Credit Card
104604,2025-10-21,2025-10-26,Monitor,Electronics,XYZ Traders,Bangalore WH,Bangalore,Retail,15,12000,180000,395,Delivered,Net Banking
104605,2025-08-09,2025-08-16,Laptop,Electronics,Tech World,Delhi WH,Ahmedabad,Retail,11,55000,605000,494,In Transit,Cash
104606,2025-10-25,2025-10-29,Mouse,Accessories,Tech World,Mumbai WH,Hyderabad,Retail,19,700,13300,243,Delivered,UPI
104607,2025-04-10,2025-04-13,Keyboard,Accessories,Tech World,Chennai WH,Pune,Wholesale,15,900,13500,2620,Delivered,Net Banking
104608,2025-03-27,2025-03-31,Scanner,Office Supplies,ABC Suppliers,Bangalore WH,Jaipur,Retail,10,12000,120000,1925,Delivered,Debit Card
104609,2025-10-29,2025-11-03,Monitor,Electronics,Global Supply,Hyderabad WH,Ahmedabad,Retail,5,12000,60000,428,Cancelled,Cash
104610,2025-04-15,2025-04-20,Switch,Networking,Global Supply,Hyderabad WH,Chennai,Wholesale,18,6000,108000,2684,In Transit,Debit Card
104611,2025-01-13,2025-01-19,Switch,Networking,Prime Distributors,Chennai WH,Mumbai,Retail,17,6000,102000,410,Delivered,Net Banking
104612,2025-08-23,2025-08-27,Scanner,Office Supplies,Tech World,Delhi WH,Jaipur,Retail,4,12000,48000,2750,Delivered,UPI
104613,2025-01-13,2025-01-14,Hard Disk,Storage,ABC Suppliers,Mumbai WH,Delhi,Wholesale,16,4200,67200,1640,Delivered,Debit Card
104614,2025-01-20,2025-01-21,Mouse,Accessories,XYZ Traders,Hyderabad WH,Ahmedabad,Retail,6,700,4200,1996,Delayed,Debit Card
104615,2025-04-30,2025-05-04,Printer,Office Supplies,Prime Distributors,Chennai WH,Chennai,Retail,11,15000,165000,542,In Transit,Cash
104616,2025-10-04,2025-10-09,Laptop,Electronics,Tech World,Bangalore WH,Mumbai,Wholesale,16,55000,880000,2664,Delivered,UPI
104617,2025-05-28,2025-05-30,Office Desk,Furniture,Tech World,Mumbai WH,Mumbai,Wholesale,16,15000,240000,458,Delayed,UPI
104618,2025-10-01,2025-10-02,Switch,Networking,Tech World,Hyderabad WH,Mumbai,Retail,12,6000,72000,894,Delivered,Credit Card
104619,2025-11-17,2025-11-18,Office Chair,Furniture,Prime Distributors,Bangalore WH,Ahmedabad,Wholesale,8,8500,68000,1759,Delivered,Debit Card
104620,2025-04-26,2025-04-30,Desktop,Electronics,Prime Distributors,Chennai WH,Mumbai,Retail,15,45000,675000,716,Delivered,Credit Card
104621,2025-08-09,2025-08-13,Laptop,Electronics,Global Supply,Delhi WH,Chennai,Retail,13,55000,715000,1129,Delivered,Cash
104622,2025-06-25,2025-07-02,Router,Networking,Global Supply,Hyderabad WH,Ahmedabad,Wholesale,5,3500,17500,2923,In Transit,Cash
104623,2025-01-26,2025-01-29,SSD,Storage,Prime Distributors,Bangalore WH,Jaipur,Retail,7,5500,38500,2540,Delivered,Net Banking
104624,2025-08-23,2025-08-30,Hard Disk,Storage,ABC Suppliers,Bangalore WH,Hyderabad,Wholesale,14,4200,58800,1614,Delivered,Credit Card
104625,2025-07-01,2025-07-06,Switch,Networking,Prime Distributors,Hyderabad WH,Lucknow,Wholesale,16,6000,96000,697,Delivered,Cash
104626,2025-10-03,2025-10-07,SSD,Storage,XYZ Traders,Bangalore WH,Hyderabad,Retail,17,5500,93500,2371,Delivered,Cash
104627,2025-10-04,2025-10-06,Monitor,Electronics,Global Supply,Delhi WH,Mumbai,Wholesale,6,12000,72000,2901,Delivered,Debit Card
104628,2025-09-24,2025-09-29,Keyboard,Accessories,ABC Suppliers,Mumbai WH,Bangalore,Retail,1,900,900,226,Delivered,Cash
104629,2025-02-25,2025-03-02,Monitor,Electronics,ABC Suppliers,Delhi WH,Lucknow,Wholesale,1,12000,12000,201,Delivered,Cash
104630,2025-07-16,2025-07-23,Mouse,Accessories,ABC Suppliers,Hyderabad WH,Lucknow,Retail,1,700,700,887,Delivered,Debit Card
104631,2025-09-06,2025-09-08,Laptop,Electronics,Global Supply,Chennai WH,Hyderabad,Retail,2,55000,110000,436,Delivered,UPI
104632,2025-08-15,2025-08-19,Hard Disk,Storage,Global Supply,Chennai WH,Ahmedabad,Wholesale,1,4200,4200,844,Delivered,Net Banking
104633,2025-11-28,2025-12-01,SSD,Storage,Global Supply,Mumbai WH,Pune,Retail,18,5500,99000,1895,Delivered,Credit Card
104634,2025-01-17,2025-01-24,Router,Networking,Global Supply,Bangalore WH,Jaipur,Wholesale,2,3500,7000,332,Delivered,Cash
104635,2025-03-14,2025-03-21,Hard Disk,Storage,ABC Suppliers,Mumbai WH,Chennai,Retail,4,4200,16800,1161,In Transit,UPI
104636,2025-06-07,2025-06-13,Switch,Networking,Global Supply,Bangalore WH,Ahmedabad,Retail,19,6000,114000,1878,Delivered,Cash
104637,2025-04-16,2025-04-19,Mouse,Accessories,XYZ Traders,Delhi WH,Mumbai,Retail,19,700,13300,2830,Delivered,Debit Card
104638,2025-01-18,2025-01-24,Printer,Office Supplies,XYZ Traders,Hyderabad WH,Jaipur,Retail,7,15000,105000,597,In Transit,Debit Card
104639,2025-05-28,2025-06-04,Scanner,Office Supplies,Prime Distributors,Bangalore WH,Ahmedabad,Wholesale,18,12000,216000,2728,Delivered,Cash
104640,2025-02-05,2025-02-10,Desktop,Electronics,Global Supply,Delhi WH,Hyderabad,Wholesale,11,45000,495000,2757,Cancelled,Cash
104641,2025-07-31,2025-08-01,Laptop,Electronics,Global Supply,Chennai WH,Jaipur,Wholesale,13,55000,715000,870,Delivered,UPI
104642,2025-02-14,2025-02-19,Printer,Office Supplies,Tech World,Mumbai WH,Pune,Wholesale,18,15000,270000,770,Delayed,Credit Card
104643,2025-01-04,2025-01-06,Hard Disk,Storage,Tech World,Mumbai WH,Chennai,Wholesale,10,4200,42000,2948,Delivered,Net Banking
104644,2025-11-21,2025-11-24,Projector,Electronics,Tech World,Delhi WH,Mumbai,Retail,11,40000,440000,933,Cancelled,Credit Card
104645,2025-12-22,2025-12-28,Office Desk,Furniture,ABC Suppliers,Delhi WH,Jaipur,Retail,14,15000,210000,1520,Delivered,Debit Card
104646,2025-04-14,2025-04-21,Scanner,Office Supplies,Global Supply,Mumbai WH,Bangalore,Wholesale,9,12000,108000,2800,Delivered,Debit Card
104647,2025-12-07,2025-12-13,Printer,Office Supplies,Global Supply,Mumbai WH,Mumbai,Retail,15,15000,225000,2880,Delivered,Debit Card
104648,2025-03-23,2025-03-26,Router,Networking,Global Supply,Delhi WH,Chennai,Wholesale,16,3500,56000,1961,Delivered,UPI
104649,2025-06-21,2025-06-27,Office Desk,Furniture,XYZ Traders,Mumbai WH,Hyderabad,Retail,18,15000,270000,1979,Delivered,Credit Card
104650,2025-06-10,2025-06-14,Scanner,Office Supplies,ABC Suppliers,Chennai WH,Hyderabad,Retail,1,12000,12000,1824,Delivered,Cash
104651,2025-12-16,2025-12-20,Office Chair,Furniture,Tech World,Chennai WH,Delhi,Wholesale,6,8500,51000,969,Delivered,Net Banking
104652,2025-01-19,2025-01-25,SSD,Storage,XYZ Traders,Delhi WH,Pune,Retail,11,5500,60500,2262,Delivered,UPI
104653,2025-07-18,2025-07-19,Printer,Office Supplies,Prime Distributors,Delhi WH,Kolkata,Retail,10,15000,150000,1642,Delivered,Debit Card
104654,2025-05-23,2025-05-30,Projector,Electronics,XYZ Traders,Hyderabad WH,Mumbai,Wholesale,8,40000,320000,2913,Delivered,Cash
104655,2025-09-23,2025-09-24,Webcam,Accessories,ABC Suppliers,Delhi WH,Hyderabad,Wholesale,6,2500,15000,1729,Delivered,Net Banking
104656,2025-11-17,2025-11-22,Monitor,Electronics,Tech World,Hyderabad WH,Hyderabad,Wholesale,17,12000,204000,453,Delivered,UPI
104657,2025-11-11,2025-11-13,Projector,Electronics,Tech World,Bangalore WH,Pune,Wholesale,14,40000,560000,1307,Delivered,Debit Card
104658,2025-01-22,2025-01-29,Router,Networking,Prime Distributors,Hyderabad WH,Kolkata,Retail,16,3500,56000,1550,Delivered,Cash
104659,2025-12-27,2025-12-28,Mouse,Accessories,Tech World,Mumbai WH,Pune,Retail,17,700,11900,1223,Delivered,UPI
104660,2025-11-22,2025-11-27,Monitor,Electronics,ABC Suppliers,Chennai WH,Chennai,Retail,17,12000,204000,605,In Transit,Net Banking
104661,2025-02-02,2025-02-05,Office Chair,Furniture,Global Supply,Bangalore WH,Ahmedabad,Retail,8,8500,68000,466,Delivered,UPI
104662,2025-03-21,2025-03-24,Desktop,Electronics,Global Supply,Chennai WH,Mumbai,Retail,19,45000,855000,351,In Transit,Cash
104663,2025-01-02,2025-01-09,Switch,Networking,Prime Distributors,Chennai WH,Bangalore,Retail,13,6000,78000,1893,Delivered,UPI
104664,2025-03-12,2025-03-16,Hard Disk,Storage,Global Supply,Chennai WH,Ahmedabad,Retail,1,4200,4200,1826,In Transit,Net Banking
104665,2025-08-02,2025-08-09,Laptop,Electronics,Global Supply,Mumbai WH,Kolkata,Wholesale,12,55000,660000,1824,Delivered,Cash
104666,2025-05-21,2025-05-27,Monitor,Electronics,XYZ Traders,Mumbai WH,Kolkata,Retail,4,12000,48000,2777,Delivered,Net Banking
104667,2025-10-17,2025-10-22,Printer,Office Supplies,Prime Distributors,Chennai WH,Ahmedabad,Retail,8,15000,120000,2743,Delayed,Credit Card
104668,2025-11-04,2025-11-07,Office Chair,Furniture,Tech World,Mumbai WH,Ahmedabad,Wholesale,14,8500,119000,973,Delivered,Credit Card
104669,2025-02-07,2025-02-14,Mouse,Accessories,Tech World,Bangalore WH,Mumbai,Retail,6,700,4200,1650,Delivered,Cash
104670,2025-11-15,2025-11-19,Mouse,Accessories,XYZ Traders,Mumbai WH,Bangalore,Wholesale,4,700,2800,1080,Delivered,UPI
104671,2025-02-20,2025-02-23,Printer,Office Supplies,Global Supply,Delhi WH,Kolkata,Retail,12,15000,180000,972,Delivered,Cash
104672,2025-01-23,2025-01-24,Office Desk,Furniture,XYZ Traders,Bangalore WH,Delhi,Wholesale,4,15000,60000,1449,Delayed,Cash
104673,2025-04-13,2025-04-14,Hard Disk,Storage,Prime Distributors,Chennai WH,Jaipur,Retail,13,4200,54600,465,Delivered,UPI
104674,2025-10-18,2025-10-19,Scanner,Office Supplies,ABC Suppliers,Mumbai WH,Chennai,Wholesale,18,12000,216000,2985,Delivered,UPI
104675,2025-11-14,2025-11-17,Office Chair,Furniture,Tech World,Mumbai WH,Chennai,Retail,7,8500,59500,594,Delayed,Credit Card
104676,2025-08-01,2025-08-04,Laptop,Electronics,ABC Suppliers,Delhi WH,Pune,Retail,9,55000,495000,1326,Delayed,Credit Card
104677,2025-05-31,2025-06-03,Router,Networking,Prime Distributors,Bangalore WH,Hyderabad,Wholesale,13,3500,45500,344,Delivered,UPI
104678,2025-05-09,2025-05-16,Office Desk,Furniture,Global Supply,Bangalore WH,Delhi,Wholesale,17,15000,255000,2909,In Transit,Credit Card
104679,2025-05-08,2025-05-11,Laptop,Electronics,Tech World,Hyderabad WH,Bangalore,Retail,14,55000,770000,2890,Delivered,UPI
104680,2025-06-14,2025-06-18,Hard Disk,Storage,XYZ Traders,Delhi WH,Pune,Retail,15,4200,63000,1664,Delivered,Cash
104681,2025-04-02,2025-04-06,Switch,Networking,Tech World,Chennai WH,Hyderabad,Wholesale,8,6000,48000,1347,Delivered,UPI
104682,2025-10-20,2025-10-24,Router,Networking,ABC Suppliers,Delhi WH,Ahmedabad,Wholesale,1,3500,3500,1237,Delayed,Debit Card
104683,2025-01-04,2025-01-05,Monitor,Electronics,Global Supply,Bangalore WH,Pune,Wholesale,4,12000,48000,2316,Delivered,Debit Card
104684,2025-09-05,2025-09-10,Mouse,Accessories,Tech World,Delhi WH,Ahmedabad,Retail,19,700,13300,291,Delivered,Credit Card
104685,2025-04-16,2025-04-22,Office Desk,Furniture,Tech World,Delhi WH,Bangalore,Retail,6,15000,90000,678,Delivered,Credit Card
104686,2025-11-19,2025-11-23,Office Chair,Furniture,Global Supply,Bangalore WH,Delhi,Retail,20,8500,170000,932,Delivered,Debit Card
104687,2025-04-25,2025-04-28,Monitor,Electronics,Tech World,Chennai WH,Chennai,Wholesale,4,12000,48000,2975,Delivered,Cash
104688,2025-01-07,2025-01-13,Monitor,Electronics,Tech World,Delhi WH,Kolkata,Wholesale,11,12000,132000,1254,Delivered,UPI
104689,2025-08-27,2025-08-31,Printer,Office Supplies,Global Supply,Bangalore WH,Bangalore,Wholesale,1,15000,15000,578,In Transit,Debit Card
104690,2025-05-28,2025-05-31,Mouse,Accessories,Tech World,Bangalore WH,Jaipur,Wholesale,19,700,13300,1702,Delivered,Net Banking
104691,2025-09-13,2025-09-19,Router,Networking,Prime Distributors,Delhi WH,Hyderabad,Retail,12,3500,42000,1498,Delivered,Debit Card
104692,2025-09-29,2025-10-05,SSD,Storage,XYZ Traders,Bangalore WH,Mumbai,Wholesale,4,5500,22000,1172,In Transit,Credit Card
104693,2025-05-30,2025-06-04,Keyboard,Accessories,Tech World,Hyderabad WH,Pune,Retail,1,900,900,2724,Delivered,UPI
104694,2025-01-11,2025-01-14,Monitor,Electronics,Global Supply,Bangalore WH,Delhi,Wholesale,13,12000,156000,2109,Cancelled,Cash
104695,2025-07-27,2025-08-03,Router,Networking,XYZ Traders,Delhi WH,Ahmedabad,Retail,1,3500,3500,2184,Delivered,Net Banking
104696,2025-01-22,2025-01-25,Monitor,Electronics,Tech World,Bangalore WH,Lucknow,Retail,5,12000,60000,331,Cancelled,Debit Card
104697,2025-07-10,2025-07-13,Laptop,Electronics,XYZ Traders,Hyderabad WH,Kolkata,Retail,4,55000,220000,1423,Delivered,Net Banking
104698,2025-11-18,2025-11-22,Webcam,Accessories,Prime Distributors,Delhi WH,Pune,Wholesale,19,2500,47500,2748,Delivered,Credit Card
104699,2025-10-18,2025-10-20,Router,Networking,Prime Distributors,Delhi WH,Pune,Wholesale,7,3500,24500,1084,Delivered,Net Banking
104700,2025-05-02,2025-05-05,Office Desk,Furniture,Tech World,Delhi WH,Lucknow,Wholesale,19,15000,285000,2657,Delayed,Credit Card
104701,2025-12-05,2025-12-12,Monitor,Electronics,XYZ Traders,Chennai WH,Jaipur,Retail,10,12000,120000,1734,Delivered,Cash
104702,2025-03-29,2025-03-31,Office Desk,Furniture,XYZ Traders,Bangalore WH,Delhi,Retail,9,15000,135000,1588,Delivered,Debit Card
104703,2025-03-24,2025-03-28,Keyboard,Accessories,XYZ Traders,Mumbai WH,Hyderabad,Retail,5,900,4500,1222,In Transit,UPI
104704,2025-03-22,2025-03-23,SSD,Storage,Tech World,Delhi WH,Ahmedabad,Retail,4,5500,22000,1404,Delivered,Debit Card
104705,2025-02-09,2025-02-16,Office Desk,Furniture,Tech World,Hyderabad WH,Hyderabad,Wholesale,11,15000,165000,1920,Delivered,UPI
104706,2025-08-21,2025-08-28,Printer,Office Supplies,Global Supply,Delhi WH,Delhi,Wholesale,18,15000,270000,215,Delivered,Net Banking
104707,2025-02-12,2025-02-15,Scanner,Office Supplies,Tech World,Bangalore WH,Lucknow,Wholesale,6,12000,72000,1058,Delivered,Cash
104708,2025-10-29,2025-11-05,Keyboard,Accessories,XYZ Traders,Bangalore WH,Delhi,Wholesale,6,900,5400,265,In Transit,Credit Card
104709,2025-09-26,2025-09-29,Printer,Office Supplies,XYZ Traders,Bangalore WH,Delhi,Retail,16,15000,240000,1775,Delivered,Cash
104710,2025-05-31,2025-06-07,Printer,Office Supplies,ABC Suppliers,Delhi WH,Chennai,Retail,8,15000,120000,1573,Delivered,Credit Card
104711,2025-05-29,2025-06-02,Monitor,Electronics,XYZ Traders,Chennai WH,Hyderabad,Retail,15,12000,180000,303,In Transit,Credit Card
104712,2025-05-20,2025-05-22,Laptop,Electronics,Global Supply,Bangalore WH,Mumbai,Retail,19,55000,1045000,863,Cancelled,Cash
104713,2025-07-06,2025-07-09,Keyboard,Accessories,Prime Distributors,Chennai WH,Chennai,Retail,5,900,4500,2004,Delivered,UPI
104714,2025-02-01,2025-02-04,Switch,Networking,Tech World,Bangalore WH,Hyderabad,Retail,1,6000,6000,1923,Delivered,Cash
104715,2025-04-19,2025-04-21,Webcam,Accessories,Prime Distributors,Chennai WH,Kolkata,Retail,13,2500,32500,989,Delivered,Debit Card
104716,2025-06-24,2025-06-25,Mouse,Accessories,Tech World,Mumbai WH,Delhi,Retail,12,700,8400,541,Delivered,Net Banking
104717,2025-11-28,2025-12-02,Desktop,Electronics,Global Supply,Bangalore WH,Pune,Retail,11,45000,495000,547,In Transit,UPI
104718,2025-05-20,2025-05-26,Projector,Electronics,Tech World,Bangalore WH,Mumbai,Retail,14,40000,560000,2134,Delivered,UPI
104719,2025-12-30,2025-12-31,Printer,Office Supplies,XYZ Traders,Mumbai WH,Jaipur,Retail,16,15000,240000,763,In Transit,Net Banking
104720,2025-06-23,2025-06-27,Office Desk,Furniture,Tech World,Mumbai WH,Ahmedabad,Retail,10,15000,150000,1608,In Transit,Credit Card
104721,2025-01-21,2025-01-25,Projector,Electronics,Global Supply,Chennai WH,Lucknow,Retail,16,40000,640000,2673,In Transit,Net Banking
104722,2025-02-02,2025-02-09,Monitor,Electronics,XYZ Traders,Hyderabad WH,Kolkata,Wholesale,11,12000,132000,276,Delayed,Net Banking
104723,2025-12-27,2025-12-28,Desktop,Electronics,Prime Distributors,Hyderabad WH,Pune,Wholesale,15,45000,675000,1032,Delivered,Net Banking
104724,2025-09-04,2025-09-08,Office Desk,Furniture,Tech World,Chennai WH,Ahmedabad,Retail,5,15000,75000,2467,Delivered,Debit Card
104725,2025-05-24,2025-05-27,Printer,Office Supplies,Global Supply,Mumbai WH,Hyderabad,Retail,14,15000,210000,910,In Transit,Net Banking
104726,2025-03-22,2025-03-28,Laptop,Electronics,ABC Suppliers,Delhi WH,Bangalore,Wholesale,2,55000,110000,2005,Delivered,Credit Card
104727,2025-05-31,2025-06-02,Router,Networking,Prime Distributors,Bangalore WH,Bangalore,Wholesale,10,3500,35000,1420,Delivered,UPI
104728,2025-12-18,2025-12-24,Desktop,Electronics,ABC Suppliers,Hyderabad WH,Ahmedabad,Retail,18,45000,810000,1964,Delivered,Credit Card
104729,2025-03-19,2025-03-24,Keyboard,Accessories,XYZ Traders,Chennai WH,Hyderabad,Retail,20,900,18000,2731,Delivered,Net Banking
104730,2025-07-01,2025-07-07,Keyboard,Accessories,XYZ Traders,Bangalore WH,Pune,Wholesale,8,900,7200,577,Delivered,UPI
104731,2025-09-14,2025-09-16,Keyboard,Accessories,XYZ Traders,Hyderabad WH,Mumbai,Wholesale,17,900,15300,394,Delivered,Cash
104732,2025-10-28,2025-11-03,Laptop,Electronics,Prime Distributors,Chennai WH,Hyderabad,Wholesale,17,55000,935000,1219,In Transit,Cash
104733,2025-12-29,2026-01-03,Webcam,Accessories,Global Supply,Bangalore WH,Pune,Retail,6,2500,15000,951,Delivered,UPI
104734,2025-09-27,2025-10-04,Laptop,Electronics,ABC Suppliers,Hyderabad WH,Hyderabad,Retail,5,55000,275000,1514,Delivered,Debit Card
104735,2025-04-20,2025-04-27,Router,Networking,Tech World,Mumbai WH,Hyderabad,Wholesale,16,3500,56000,2235,Delivered,Debit Card
104736,2025-02-16,2025-02-17,Mouse,Accessories,ABC Suppliers,Hyderabad WH,Mumbai,Retail,7,700,4900,2187,In Transit,Debit Card
104737,2025-02-05,2025-02-12,Scanner,Office Supplies,Prime Distributors,Bangalore WH,Bangalore,Wholesale,16,12000,192000,1937,Delivered,Cash
104738,2025-12-23,2025-12-30,Scanner,Office Supplies,XYZ Traders,Mumbai WH,Chennai,Retail,7,12000,84000,2823,Delivered,Net Banking
104739,2025-11-26,2025-11-27,Office Chair,Furniture,Global Supply,Mumbai WH,Kolkata,Wholesale,15,8500,127500,1453,Delayed,Net Banking
104740,2025-09-12,2025-09-16,SSD,Storage,XYZ Traders,Mumbai WH,Hyderabad,Wholesale,5,5500,27500,2164,In Transit,Net Banking
104741,2025-02-03,2025-02-10,Desktop,Electronics,Prime Distributors,Hyderabad WH,Ahmedabad,Wholesale,13,45000,585000,2866,Delivered,Debit Card
104742,2025-08-20,2025-08-26,Projector,Electronics,ABC Suppliers,Hyderabad WH,Hyderabad,Wholesale,10,40000,400000,1801,Delayed,Cash
104743,2025-03-25,2025-03-28,Office Chair,Furniture,XYZ Traders,Delhi WH,Mumbai,Retail,7,8500,59500,2115,Delayed,Debit Card
104744,2025-06-17,2025-06-20,Monitor,Electronics,Tech World,Chennai WH,Kolkata,Retail,2,12000,24000,1488,Delivered,Debit Card
104745,2025-09-12,2025-09-17,Printer,Office Supplies,ABC Suppliers,Bangalore WH,Kolkata,Wholesale,9,15000,135000,2539,Delayed,UPI
104746,2025-04-02,2025-04-05,Switch,Networking,Global Supply,Delhi WH,Mumbai,Wholesale,18,6000,108000,651,Delivered,Cash
104747,2025-06-08,2025-06-13,Mouse,Accessories,Global Supply,Hyderabad WH,Lucknow,Wholesale,6,700,4200,1364,Delayed,UPI
104748,2025-03-14,2025-03-16,Office Desk,Furniture,Tech World,Chennai WH,Mumbai,Retail,20,15000,300000,1744,In Transit,Net Banking
104749,2025-12-04,2025-12-07,Laptop,Electronics,Global Supply,Mumbai WH,Mumbai,Wholesale,7,55000,385000,1597,Delivered,Net Banking
104750,2025-08-16,2025-08-20,Desktop,Electronics,XYZ Traders,Hyderabad WH,Hyderabad,Retail,8,45000,360000,2679,Delivered,Cash
104751,2025-12-11,2025-12-16,Monitor,Electronics,ABC Suppliers,Hyderabad WH,Kolkata,Wholesale,11,12000,132000,1796,In Transit,UPI
104752,2025-06-15,2025-06-17,SSD,Storage,Global Supply,Bangalore WH,Bangalore,Wholesale,12,5500,66000,1116,Delivered,Credit Card
104753,2025-09-09,2025-09-10,Switch,Networking,Tech World,Bangalore WH,Lucknow,Retail,14,6000,84000,1682,Delivered,Cash
104754,2025-02-28,2025-03-01,Router,Networking,Global Supply,Bangalore WH,Pune,Wholesale,11,3500,38500,2458,Delayed,UPI
104755,2025-06-21,2025-06-22,Router,Networking,Tech World,Mumbai WH,Jaipur,Retail,1,3500,3500,2525,Delivered,Debit Card
104756,2025-10-04,2025-10-07,Laptop,Electronics,Tech World,Mumbai WH,Bangalore,Wholesale,12,55000,660000,482,Delivered,Net Banking
104757,2025-10-14,2025-10-15,Projector,Electronics,Global Supply,Bangalore WH,Hyderabad,Retail,19,40000,760000,285,Delivered,Net Banking
104758,2025-05-07,2025-05-12,Switch,Networking,XYZ Traders,Hyderabad WH,Lucknow,Retail,18,6000,108000,1446,Delivered,Credit Card
104759,2025-12-03,2025-12-05,Desktop,Electronics,XYZ Traders,Mumbai WH,Jaipur,Retail,14,45000,630000,1878,Delayed,Debit Card
104760,2025-10-18,2025-10-20,Scanner,Office Supplies,Global Supply,Chennai WH,Ahmedabad,Retail,16,12000,192000,312,In Transit,Credit Card
104761,2025-02-09,2025-02-12,Office Chair,Furniture,ABC Suppliers,Bangalore WH,Mumbai,Retail,7,8500,59500,2699,Delivered,Debit Card
104762,2025-03-20,2025-03-22,Webcam,Accessories,ABC Suppliers,Bangalore WH,Pune,Wholesale,13,2500,32500,419,Delivered,UPI
104763,2025-10-08,2025-10-15,Webcam,Accessories,Global Supply,Delhi WH,Lucknow,Wholesale,17,2500,42500,661,In Transit,Net Banking
104764,2025-11-27,2025-11-28,Hard Disk,Storage,XYZ Traders,Hyderabad WH,Pune,Retail,9,4200,37800,2283,Delivered,Credit Card
104765,2025-12-19,2025-12-26,Monitor,Electronics,Tech World,Hyderabad WH,Delhi,Retail,2,12000,24000,236,Delivered,Net Banking
104766,2025-01-21,2025-01-28,Hard Disk,Storage,Tech World,Hyderabad WH,Lucknow,Wholesale,4,4200,16800,1082,Delivered,UPI
104767,2025-09-23,2025-09-28,Printer,Office Supplies,ABC Suppliers,Bangalore WH,Pune,Retail,17,15000,255000,1874,Delivered,Cash
104768,2025-02-28,2025-03-07,Keyboard,Accessories,XYZ Traders,Mumbai WH,Ahmedabad,Wholesale,14,900,12600,2733,Delivered,Cash
104769,2025-11-02,2025-11-08,Desktop,Electronics,Global Supply,Delhi WH,Mumbai,Retail,15,45000,675000,1320,Delivered,Debit Card
104770,2025-09-17,2025-09-22,Hard Disk,Storage,ABC Suppliers,Mumbai WH,Jaipur,Retail,4,4200,16800,514,Delivered,UPI
104771,2025-05-14,2025-05-15,Switch,Networking,ABC Suppliers,Hyderabad WH,Mumbai,Retail,9,6000,54000,1305,Delivered,UPI
104772,2025-05-31,2025-06-01,SSD,Storage,Prime Distributors,Chennai WH,Mumbai,Wholesale,19,5500,104500,1023,Delivered,Cash
104773,2025-07-01,2025-07-07,Projector,Electronics,Tech World,Mumbai WH,Bangalore,Retail,10,40000,400000,1663,In Transit,Net Banking
104774,2025-10-30,2025-11-05,Webcam,Accessories,Tech World,Bangalore WH,Bangalore,Wholesale,6,2500,15000,629,Delivered,Cash
104775,2025-10-28,2025-10-30,Scanner,Office Supplies,Global Supply,Mumbai WH,Delhi,Retail,14,12000,168000,1087,Delayed,UPI
104776,2025-08-26,2025-08-28,Office Chair,Furniture,Global Supply,Hyderabad WH,Ahmedabad,Retail,20,8500,170000,1605,Delivered,UPI
104777,2025-02-19,2025-02-25,Projector,Electronics,XYZ Traders,Delhi WH,Bangalore,Wholesale,1,40000,40000,2345,Delivered,Cash
104778,2025-07-23,2025-07-26,Projector,Electronics,Prime Distributors,Bangalore WH,Chennai,Retail,1,40000,40000,301,Delayed,Credit Card
104779,2025-01-13,2025-01-16,Laptop,Electronics,XYZ Traders,Chennai WH,Kolkata,Retail,4,55000,220000,1130,Delivered,Debit Card
104780,2025-02-24,2025-02-28,Monitor,Electronics,Tech World,Delhi WH,Chennai,Retail,4,12000,48000,2776,Delivered,Debit Card
104781,2025-03-09,2025-03-12,Router,Networking,ABC Suppliers,Mumbai WH,Jaipur,Wholesale,16,3500,56000,2193,Delivered,Credit Card
104782,2025-10-16,2025-10-22,Switch,Networking,XYZ Traders,Chennai WH,Chennai,Retail,15,6000,90000,2774,Delayed,Debit Card
104783,2025-01-02,2025-01-07,Hard Disk,Storage,XYZ Traders,Mumbai WH,Mumbai,Retail,12,4200,50400,1263,Delivered,Debit Card
104784,2025-12-06,2025-12-10,Webcam,Accessories,ABC Suppliers,Delhi WH,Mumbai,Retail,13,2500,32500,2797,Delivered,Credit Card
104785,2025-05-21,2025-05-23,Office Desk,Furniture,ABC Suppliers,Chennai WH,Pune,Retail,17,15000,255000,2282,In Transit,UPI
104786,2025-03-22,2025-03-23,Projector,Electronics,Prime Distributors,Bangalore WH,Lucknow,Retail,2,40000,80000,886,Cancelled,Cash
104787,2025-09-18,2025-09-24,Hard Disk,Storage,XYZ Traders,Bangalore WH,Ahmedabad,Retail,7,4200,29400,2531,In Transit,Cash
104788,2025-12-29,2026-01-04,Router,Networking,XYZ Traders,Bangalore WH,Chennai,Retail,18,3500,63000,2608,Delivered,Credit Card
104789,2025-05-03,2025-05-09,Desktop,Electronics,Tech World,Delhi WH,Ahmedabad,Retail,12,45000,540000,1540,Cancelled,Cash
104790,2025-01-08,2025-01-14,Office Desk,Furniture,Tech World,Delhi WH,Chennai,Wholesale,9,15000,135000,2885,Cancelled,UPI
104791,2025-10-25,2025-10-29,Desktop,Electronics,ABC Suppliers,Hyderabad WH,Bangalore,Wholesale,17,45000,765000,1376,Delivered,Net Banking
104792,2025-12-20,2025-12-21,Printer,Office Supplies,ABC Suppliers,Bangalore WH,Bangalore,Retail,16,15000,240000,1615,Delivered,Debit Card
104793,2025-10-12,2025-10-18,Office Desk,Furniture,Prime Distributors,Chennai WH,Delhi,Wholesale,1,15000,15000,1850,In Transit,Credit Card
104794,2025-06-03,2025-06-09,Router,Networking,Tech World,Hyderabad WH,Lucknow,Wholesale,13,3500,45500,375,Delivered,UPI
104795,2025-04-25,2025-04-30,Mouse,Accessories,Prime Distributors,Hyderabad WH,Hyderabad,Wholesale,7,700,4900,405,Delivered,Cash
104796,2025-06-02,2025-06-06,SSD,Storage,XYZ Traders,Bangalore WH,Pune,Retail,17,5500,93500,1649,Delivered,Debit Card
104797,2025-07-23,2025-07-29,Switch,Networking,Tech World,Bangalore WH,Kolkata,Wholesale,9,6000,54000,1711,Delivered,Credit Card
104798,2025-07-31,2025-08-04,Switch,Networking,Prime Distributors,Hyderabad WH,Kolkata,Retail,2,6000,12000,215,In Transit,Cash
104799,2025-08-25,2025-08-28,Hard Disk,Storage,Tech World,Chennai WH,Hyderabad,Wholesale,8,4200,33600,771,Delivered,Net Banking
104800,2025-01-21,2025-01-26,Switch,Networking,Global Supply,Chennai WH,Bangalore,Retail,15,6000,90000,2427,Delivered,Debit Card
104801,2025-06-20,2025-06-23,Projector,Electronics,XYZ Traders,Chennai WH,Kolkata,Retail,20,40000,800000,1058,Delivered,Debit Card
104802,2025-01-05,2025-01-08,Scanner,Office Supplies,Tech World,Hyderabad WH,Ahmedabad,Retail,17,12000,204000,2741,Delivered,Credit Card
104803,2025-07-24,2025-07-25,Scanner,Office Supplies,Tech World,Chennai WH,Delhi,Retail,5,12000,60000,1906,Delayed,Cash
104804,2025-08-26,2025-08-27,Mouse,Accessories,Global Supply,Delhi WH,Jaipur,Retail,7,700,4900,997,Delivered,Credit Card
104805,2025-10-27,2025-11-03,Keyboard,Accessories,Prime Distributors,Hyderabad WH,Delhi,Wholesale,20,900,18000,1566,Delivered,Credit Card
104806,2025-02-23,2025-02-24,Office Chair,Furniture,Tech World,Delhi WH,Hyderabad,Wholesale,10,8500,85000,966,Delivered,Net Banking
104807,2025-08-20,2025-08-24,Router,Networking,Global Supply,Hyderabad WH,Chennai,Retail,16,3500,56000,401,Delivered,Credit Card
104808,2025-03-23,2025-03-25,Monitor,Electronics,ABC Suppliers,Chennai WH,Pune,Wholesale,5,12000,60000,1993,Delayed,UPI
104809,2025-03-06,2025-03-07,Printer,Office Supplies,Tech World,Mumbai WH,Chennai,Retail,8,15000,120000,1259,In Transit,Debit Card
104810,2025-05-15,2025-05-16,Switch,Networking,ABC Suppliers,Hyderabad WH,Mumbai,Retail,13,6000,78000,2556,Delayed,Net Banking
104811,2025-04-11,2025-04-13,Printer,Office Supplies,Tech World,Bangalore WH,Kolkata,Retail,9,15000,135000,479,Delivered,Credit Card
104812,2025-04-05,2025-04-06,Keyboard,Accessories,Prime Distributors,Chennai WH,Lucknow,Wholesale,5,900,4500,1853,Delivered,Credit Card
104813,2025-06-23,2025-06-24,SSD,Storage,Prime Distributors,Chennai WH,Pune,Retail,6,5500,33000,1837,Cancelled,Net Banking
104814,2025-12-13,2025-12-17,Office Desk,Furniture,ABC Suppliers,Chennai WH,Ahmedabad,Retail,16,15000,240000,1242,Delivered,UPI
104815,2025-05-20,2025-05-26,Keyboard,Accessories,Prime Distributors,Bangalore WH,Ahmedabad,Retail,3,900,2700,704,Delivered,Net Banking
104816,2025-01-14,2025-01-15,Office Desk,Furniture,ABC Suppliers,Hyderabad WH,Ahmedabad,Retail,1,15000,15000,1122,Delivered,Credit Card
104817,2025-11-07,2025-11-14,Hard Disk,Storage,Global Supply,Bangalore WH,Lucknow,Wholesale,2,4200,8400,2865,Delivered,Credit Card
104818,2025-04-04,2025-04-10,Webcam,Accessories,XYZ Traders,Hyderabad WH,Pune,Wholesale,12,2500,30000,2156,Delivered,Credit Card
104819,2025-10-02,2025-10-07,Office Desk,Furniture,Tech World,Bangalore WH,Hyderabad,Retail,3,15000,45000,238,Delivered,Cash
104820,2025-03-14,2025-03-17,Keyboard,Accessories,Prime Distributors,Hyderabad WH,Chennai,Wholesale,9,900,8100,1522,In Transit,Cash
104821,2025-09-27,2025-10-04,Webcam,Accessories,Tech World,Hyderabad WH,Chennai,Wholesale,1,2500,2500,2154,Delayed,Cash
104822,2025-05-15,2025-05-21,Switch,Networking,Prime Distributors,Chennai WH,Chennai,Wholesale,8,6000,48000,475,Delivered,UPI
104823,2025-04-08,2025-04-09,Router,Networking,Tech World,Chennai WH,Kolkata,Wholesale,9,3500,31500,2373,Delivered,Cash
104824,2025-09-05,2025-09-12,Office Chair,Furniture,Prime Distributors,Mumbai WH,Bangalore,Retail,6,8500,51000,710,Delivered,Credit Card
104825,2025-05-31,2025-06-05,Keyboard,Accessories,ABC Suppliers,Mumbai WH,Hyderabad,Retail,8,900,7200,2012,Delivered,Debit Card
104826,2025-02-05,2025-02-09,Projector,Electronics,Global Supply,Delhi WH,Chennai,Retail,17,40000,680000,245,Cancelled,Credit Card
104827,2025-03-01,2025-03-02,Hard Disk,Storage,Global Supply,Chennai WH,Delhi,Retail,20,4200,84000,2109,Cancelled,UPI
104828,2025-11-13,2025-11-18,Mouse,Accessories,ABC Suppliers,Mumbai WH,Kolkata,Retail,3,700,2100,567,Delivered,Debit Card
104829,2025-09-17,2025-09-18,Keyboard,Accessories,ABC Suppliers,Delhi WH,Delhi,Retail,20,900,18000,1228,Delivered,Debit Card
104830,2025-10-23,2025-10-26,Projector,Electronics,Prime Distributors,Chennai WH,Pune,Retail,8,40000,320000,2450,Delivered,Credit Card
104831,2025-03-29,2025-04-04,Webcam,Accessories,XYZ Traders,Hyderabad WH,Delhi,Retail,16,2500,40000,1814,Cancelled,Cash
104832,2025-08-27,2025-08-28,SSD,Storage,Global Supply,Bangalore WH,Chennai,Wholesale,14,5500,77000,1425,Delivered,Cash
104833,2025-01-10,2025-01-15,Printer,Office Supplies,ABC Suppliers,Delhi WH,Ahmedabad,Wholesale,14,15000,210000,1300,In Transit,Credit Card
104834,2025-03-08,2025-03-11,Mouse,Accessories,Global Supply,Chennai WH,Chennai,Retail,14,700,9800,637,Delayed,Cash
104835,2025-08-09,2025-08-15,Projector,Electronics,Tech World,Bangalore WH,Mumbai,Wholesale,17,40000,680000,968,In Transit,Debit Card
104836,2025-07-23,2025-07-29,Keyboard,Accessories,XYZ Traders,Chennai WH,Bangalore,Retail,17,900,15300,1208,Delivered,Debit Card
104837,2025-04-01,2025-04-08,Webcam,Accessories,XYZ Traders,Mumbai WH,Bangalore,Retail,13,2500,32500,2507,Delayed,Net Banking
104838,2025-04-29,2025-05-01,Printer,Office Supplies,Prime Distributors,Bangalore WH,Delhi,Wholesale,19,15000,285000,2572,Delayed,Debit Card
104839,2025-03-16,2025-03-20,Scanner,Office Supplies,ABC Suppliers,Mumbai WH,Bangalore,Retail,15,12000,180000,219,Delivered,Net Banking
104840,2025-06-23,2025-06-29,Projector,Electronics,Global Supply,Chennai WH,Jaipur,Wholesale,6,40000,240000,2536,Delivered,Credit Card
104841,2025-09-23,2025-09-30,SSD,Storage,Tech World,Hyderabad WH,Hyderabad,Retail,13,5500,71500,1610,Delivered,UPI
104842,2025-11-26,2025-12-02,Printer,Office Supplies,Prime Distributors,Chennai WH,Mumbai,Retail,10,15000,150000,1086,Delivered,UPI
104843,2025-09-24,2025-09-25,Switch,Networking,Global Supply,Chennai WH,Ahmedabad,Retail,3,6000,18000,319,Delivered,Credit Card
104844,2025-12-03,2025-12-06,Projector,Electronics,Prime Distributors,Delhi WH,Bangalore,Retail,11,40000,440000,1946,In Transit,Net Banking
104845,2025-07-19,2025-07-20,Scanner,Office Supplies,XYZ Traders,Chennai WH,Delhi,Retail,4,12000,48000,2041,In Transit,Credit Card
104846,2025-02-07,2025-02-08,Office Chair,Furniture,XYZ Traders,Chennai WH,Hyderabad,Retail,20,8500,170000,1640,Delivered,Net Banking
104847,2025-03-17,2025-03-19,Desktop,Electronics,XYZ Traders,Mumbai WH,Pune,Wholesale,7,45000,315000,1510,Delivered,Credit Card
104848,2025-01-07,2025-01-12,Keyboard,Accessories,Tech World,Mumbai WH,Pune,Wholesale,3,900,2700,1400,Delivered,UPI
104849,2025-06-09,2025-06-10,Monitor,Electronics,Tech World,Delhi WH,Delhi,Retail,12,12000,144000,1173,Delivered,UPI
104850,2025-08-09,2025-08-11,Projector,Electronics,Global Supply,Delhi WH,Chennai,Retail,10,40000,400000,594,In Transit,Net Banking
104851,2025-02-19,2025-02-23,Office Chair,Furniture,Tech World,Delhi WH,Delhi,Wholesale,3,8500,25500,1754,Delivered,Net Banking
104852,2025-03-23,2025-03-30,Office Chair,Furniture,Prime Distributors,Chennai WH,Chennai,Wholesale,6,8500,51000,2277,Delivered,Debit Card
104853,2025-07-10,2025-07-12,SSD,Storage,Global Supply,Bangalore WH,Kolkata,Wholesale,16,5500,88000,1421,Delivered,UPI
104854,2025-10-10,2025-10-17,Keyboard,Accessories,Global Supply,Chennai WH,Jaipur,Wholesale,14,900,12600,585,Delivered,UPI
104855,2025-07-06,2025-07-08,Office Desk,Furniture,Tech World,Mumbai WH,Jaipur,Retail,16,15000,240000,1735,Delivered,Net Banking
104856,2025-01-16,2025-01-22,Laptop,Electronics,Global Supply,Mumbai WH,Lucknow,Retail,7,55000,385000,1472,Delivered,Debit Card
104857,2025-03-27,2025-03-28,Switch,Networking,Prime Distributors,Mumbai WH,Kolkata,Wholesale,20,6000,120000,837,Delivered,Cash
104858,2025-09-20,2025-09-24,SSD,Storage,Prime Distributors,Delhi WH,Kolkata,Wholesale,18,5500,99000,529,Delivered,Debit Card
104859,2025-04-14,2025-04-15,Office Chair,Furniture,Tech World,Hyderabad WH,Delhi,Wholesale,19,8500,161500,1561,Delayed,Debit Card
104860,2025-08-09,2025-08-10,Mouse,Accessories,Global Supply,Bangalore WH,Kolkata,Wholesale,7,700,4900,2214,Delivered,Debit Card
104861,2025-07-17,2025-07-22,Laptop,Electronics,Tech World,Hyderabad WH,Kolkata,Retail,2,55000,110000,1862,Delivered,Net Banking
104862,2025-06-21,2025-06-24,Keyboard,Accessories,XYZ Traders,Chennai WH,Mumbai,Wholesale,5,900,4500,1639,Delayed,Debit Card
104863,2025-02-06,2025-02-07,Webcam,Accessories,Tech World,Chennai WH,Bangalore,Retail,16,2500,40000,1518,Cancelled,Cash
104864,2025-08-31,2025-09-05,Router,Networking,ABC Suppliers,Mumbai WH,Delhi,Retail,10,3500,35000,2420,Delivered,Net Banking
104865,2025-01-16,2025-01-20,Desktop,Electronics,Prime Distributors,Delhi WH,Bangalore,Retail,8,45000,360000,700,In Transit,Credit Card
104866,2025-12-17,2025-12-24,Webcam,Accessories,Prime Distributors,Mumbai WH,Ahmedabad,Wholesale,17,2500,42500,798,Delivered,Net Banking
104867,2025-05-20,2025-05-26,Webcam,Accessories,XYZ Traders,Delhi WH,Bangalore,Wholesale,20,2500,50000,594,Delivered,Net Banking
104868,2025-01-17,2025-01-21,Printer,Office Supplies,ABC Suppliers,Delhi WH,Delhi,Wholesale,6,15000,90000,2268,Delivered,Cash
104869,2025-05-09,2025-05-13,Switch,Networking,ABC Suppliers,Chennai WH,Jaipur,Wholesale,16,6000,96000,1113,In Transit,UPI
104870,2025-07-21,2025-07-27,Mouse,Accessories,XYZ Traders,Mumbai WH,Ahmedabad,Retail,5,700,3500,1389,Delivered,Net Banking
104871,2025-07-25,2025-07-30,Webcam,Accessories,Tech World,Bangalore WH,Mumbai,Wholesale,5,2500,12500,482,Delivered,UPI
104872,2025-10-16,2025-10-21,Webcam,Accessories,Tech World,Bangalore WH,Pune,Wholesale,13,2500,32500,2862,In Transit,UPI
104873,2025-01-20,2025-01-25,Webcam,Accessories,Prime Distributors,Mumbai WH,Jaipur,Retail,8,2500,20000,1386,Delivered,Cash
104874,2025-09-04,2025-09-07,Office Desk,Furniture,XYZ Traders,Mumbai WH,Bangalore,Retail,18,15000,270000,2401,In Transit,Cash
104875,2025-05-05,2025-05-06,Office Chair,Furniture,Tech World,Hyderabad WH,Kolkata,Retail,13,8500,110500,1945,Delivered,Net Banking
104876,2025-01-30,2025-02-03,Mouse,Accessories,Tech World,Mumbai WH,Kolkata,Wholesale,12,700,8400,2429,Delayed,Debit Card
104877,2025-06-09,2025-06-14,Router,Networking,XYZ Traders,Bangalore WH,Lucknow,Retail,8,3500,28000,457,Delivered,Net Banking
104878,2025-02-26,2025-02-28,Office Desk,Furniture,XYZ Traders,Chennai WH,Hyderabad,Retail,10,15000,150000,1888,Delivered,Credit Card
104879,2025-02-04,2025-02-09,Office Desk,Furniture,ABC Suppliers,Hyderabad WH,Pune,Retail,18,15000,270000,2178,Delivered,UPI
104880,2025-05-26,2025-05-31,Webcam,Accessories,Tech World,Bangalore WH,Mumbai,Retail,2,2500,5000,1360,In Transit,Debit Card
104881,2025-01-05,2025-01-08,Desktop,Electronics,ABC Suppliers,Hyderabad WH,Chennai,Wholesale,6,45000,270000,2183,In Transit,Credit Card
104882,2025-12-25,2026-01-01,Keyboard,Accessories,ABC Suppliers,Hyderabad WH,Delhi,Retail,1,900,900,1891,In Transit,UPI
104883,2025-11-15,2025-11-17,Switch,Networking,ABC Suppliers,Hyderabad WH,Bangalore,Retail,15,6000,90000,538,Delivered,Debit Card
104884,2025-10-20,2025-10-23,Scanner,Office Supplies,Prime Distributors,Bangalore WH,Jaipur,Wholesale,2,12000,24000,1552,Delivered,Credit Card
104885,2025-03-21,2025-03-26,Scanner,Office Supplies,Prime Distributors,Mumbai WH,Hyderabad,Wholesale,11,12000,132000,749,Delivered,Credit Card
104886,2025-02-25,2025-03-02,Keyboard,Accessories,XYZ Traders,Chennai WH,Jaipur,Wholesale,2,900,1800,261,Delayed,Cash
104887,2025-06-21,2025-06-26,Monitor,Electronics,ABC Suppliers,Hyderabad WH,Ahmedabad,Retail,1,12000,12000,214,Delivered,Cash
104888,2025-10-18,2025-10-23,Switch,Networking,Global Supply,Mumbai WH,Delhi,Wholesale,17,6000,102000,2568,In Transit,Cash
104889,2025-04-29,2025-05-04,Office Desk,Furniture,Tech World,Mumbai WH,Jaipur,Wholesale,17,15000,255000,2039,Delayed,Credit Card
104890,2025-09-26,2025-09-28,Webcam,Accessories,Global Supply,Chennai WH,Ahmedabad,Wholesale,14,2500,35000,1377,Delivered,Credit Card
104891,2025-07-24,2025-07-25,Switch,Networking,ABC Suppliers,Chennai WH,Hyderabad,Retail,10,6000,60000,1594,In Transit,Cash
104892,2025-02-05,2025-02-10,Router,Networking,Global Supply,Hyderabad WH,Pune,Retail,6,3500,21000,834,Delivered,UPI
104893,2025-02-07,2025-02-11,Webcam,Accessories,XYZ Traders,Hyderabad WH,Bangalore,Retail,11,2500,27500,2749,Delivered,UPI
104894,2025-03-09,2025-03-16,Office Desk,Furniture,Global Supply,Delhi WH,Jaipur,Retail,16,15000,240000,1367,Delivered,UPI
104895,2025-12-21,2025-12-25,Printer,Office Supplies,XYZ Traders,Chennai WH,Kolkata,Retail,5,15000,75000,2749,Delivered,UPI
104896,2025-02-25,2025-02-26,Laptop,Electronics,Prime Distributors,Delhi WH,Ahmedabad,Wholesale,13,55000,715000,824,In Transit,Cash
104897,2025-03-22,2025-03-24,Office Chair,Furniture,Prime Distributors,Hyderabad WH,Mumbai,Wholesale,10,8500,85000,2573,Delivered,Cash
104898,2025-10-17,2025-10-20,Projector,Electronics,Prime Distributors,Delhi WH,Pune,Wholesale,2,40000,80000,2997,Cancelled,UPI
104899,2025-08-05,2025-08-08,Office Chair,Furniture,Prime Distributors,Hyderabad WH,Bangalore,Wholesale,1,8500,8500,2695,Delivered,UPI
104900,2025-03-02,2025-03-03,Switch,Networking,XYZ Traders,Bangalore WH,Pune,Wholesale,6,6000,36000,536,Delivered,Credit Card
104901,2025-05-16,2025-05-20,Scanner,Office Supplies,Global Supply,Hyderabad WH,Ahmedabad,Retail,11,12000,132000,243,Delivered,Credit Card
104902,2025-03-21,2025-03-22,Scanner,Office Supplies,ABC Suppliers,Mumbai WH,Chennai,Retail,3,12000,36000,458,Delivered,Net Banking
104903,2025-03-13,2025-03-19,Desktop,Electronics,Prime Distributors,Bangalore WH,Bangalore,Wholesale,10,45000,450000,741,In Transit,Cash
104904,2025-09-24,2025-09-30,Scanner,Office Supplies,Tech World,Chennai WH,Bangalore,Retail,20,12000,240000,1221,Delivered,UPI
104905,2025-10-05,2025-10-12,Keyboard,Accessories,Tech World,Mumbai WH,Hyderabad,Wholesale,12,900,10800,2834,In Transit,Credit Card
104906,2025-05-17,2025-05-21,Scanner,Office Supplies,ABC Suppliers,Mumbai WH,Bangalore,Retail,14,12000,168000,1686,Delivered,Debit Card
104907,2025-02-08,2025-02-11,Monitor,Electronics,Global Supply,Hyderabad WH,Hyderabad,Retail,19,12000,228000,2087,Delayed,Net Banking
104908,2025-09-28,2025-10-01,Office Desk,Furniture,XYZ Traders,Hyderabad WH,Bangalore,Retail,19,15000,285000,543,In Transit,UPI
104909,2025-02-15,2025-02-21,Printer,Office Supplies,ABC Suppliers,Chennai WH,Chennai,Wholesale,18,15000,270000,934,Delayed,Cash
104910,2025-08-13,2025-08-20,Office Chair,Furniture,Global Supply,Bangalore WH,Chennai,Wholesale,9,8500,76500,680,Delivered,Cash
104911,2025-07-12,2025-07-14,SSD,Storage,Prime Distributors,Mumbai WH,Jaipur,Retail,16,5500,88000,2314,Delayed,Net Banking
104912,2025-02-07,2025-02-11,Laptop,Electronics,XYZ Traders,Chennai WH,Jaipur,Wholesale,6,55000,330000,2071,Delivered,Credit Card
104913,2025-10-26,2025-10-31,Laptop,Electronics,Tech World,Bangalore WH,Kolkata,Retail,13,55000,715000,1105,Delivered,Credit Card
104914,2025-11-17,2025-11-23,SSD,Storage,Global Supply,Mumbai WH,Delhi,Retail,10,5500,55000,2585,Delayed,Net Banking
104915,2025-09-11,2025-09-17,Monitor,Electronics,Global Supply,Mumbai WH,Hyderabad,Retail,2,12000,24000,460,Delivered,Net Banking
104916,2025-11-24,2025-12-01,Router,Networking,ABC Suppliers,Bangalore WH,Lucknow,Wholesale,3,3500,10500,1105,Delivered,Net Banking
104917,2025-04-23,2025-04-27,Router,Networking,Tech World,Chennai WH,Delhi,Retail,5,3500,17500,2388,Delivered,Debit Card
104918,2025-11-06,2025-11-11,Router,Networking,XYZ Traders,Mumbai WH,Mumbai,Wholesale,8,3500,28000,2676,In Transit,Debit Card
104919,2025-08-21,2025-08-23,Laptop,Electronics,XYZ Traders,Mumbai WH,Lucknow,Retail,12,55000,660000,1562,In Transit,Credit Card
104920,2025-03-11,2025-03-16,Projector,Electronics,Prime Distributors,Chennai WH,Bangalore,Retail,4,40000,160000,793,Delivered,Credit Card
104921,2025-06-05,2025-06-11,Switch,Networking,Tech World,Chennai WH,Pune,Wholesale,3,6000,18000,2398,Delivered,Debit Card
104922,2025-02-06,2025-02-13,Router,Networking,XYZ Traders,Mumbai WH,Delhi,Retail,4,3500,14000,2530,Delivered,UPI
104923,2025-11-18,2025-11-22,Laptop,Electronics,Prime Distributors,Chennai WH,Hyderabad,Wholesale,14,55000,770000,2553,Delivered,Net Banking
104924,2025-10-08,2025-10-12,Scanner,Office Supplies,Global Supply,Mumbai WH,Bangalore,Retail,3,12000,36000,1930,Delivered,Credit Card
104925,2025-12-13,2025-12-14,Switch,Networking,Prime Distributors,Hyderabad WH,Ahmedabad,Retail,13,6000,78000,1805,Delivered,Cash
104926,2025-07-28,2025-07-30,Desktop,Electronics,Global Supply,Chennai WH,Lucknow,Wholesale,1,45000,45000,229,Delivered,Net Banking
104927,2025-08-29,2025-09-01,Scanner,Office Supplies,Tech World,Delhi WH,Kolkata,Retail,10,12000,120000,1625,In Transit,UPI
104928,2025-02-27,2025-03-06,Laptop,Electronics,Global Supply,Bangalore WH,Delhi,Retail,7,55000,385000,387,In Transit,UPI
104929,2025-01-24,2025-01-26,Hard Disk,Storage,XYZ Traders,Chennai WH,Chennai,Retail,16,4200,67200,1719,Delivered,UPI
104930,2025-08-22,2025-08-25,Webcam,Accessories,Global Supply,Mumbai WH,Pune,Retail,3,2500,7500,1407,Delayed,Credit Card
104931,2025-08-08,2025-08-13,Monitor,Electronics,Global Supply,Bangalore WH,Bangalore,Wholesale,10,12000,120000,2427,Delivered,Credit Card
104932,2025-12-18,2025-12-24,Switch,Networking,Prime Distributors,Bangalore WH,Delhi,Wholesale,19,6000,114000,700,Delivered,Cash
104933,2025-03-04,2025-03-09,SSD,Storage,XYZ Traders,Hyderabad WH,Mumbai,Wholesale,7,5500,38500,1987,Delivered,Net Banking
104934,2025-07-02,2025-07-09,Hard Disk,Storage,ABC Suppliers,Mumbai WH,Ahmedabad,Wholesale,3,4200,12600,1978,Delivered,UPI
104935,2025-09-29,2025-10-04,Office Chair,Furniture,Prime Distributors,Delhi WH,Delhi,Retail,5,8500,42500,2396,Delivered,Debit Card
104936,2025-09-10,2025-09-16,Desktop,Electronics,Prime Distributors,Bangalore WH,Kolkata,Wholesale,19,45000,855000,282,Delivered,UPI
104937,2025-01-15,2025-01-16,Office Desk,Furniture,ABC Suppliers,Hyderabad WH,Ahmedabad,Wholesale,17,15000,255000,1202,Delivered,UPI
104938,2025-11-16,2025-11-20,Monitor,Electronics,Global Supply,Bangalore WH,Pune,Wholesale,15,12000,180000,753,Delivered,Net Banking
104939,2025-06-28,2025-06-30,Scanner,Office Supplies,XYZ Traders,Mumbai WH,Bangalore,Wholesale,10,12000,120000,1600,Delivered,Cash
104940,2025-10-27,2025-11-01,Mouse,Accessories,Global Supply,Delhi WH,Kolkata,Wholesale,4,700,2800,387,Delivered,Cash
104941,2025-02-23,2025-02-28,Laptop,Electronics,Prime Distributors,Bangalore WH,Bangalore,Wholesale,13,55000,715000,421,Delivered,Credit Card
104942,2025-03-30,2025-03-31,Scanner,Office Supplies,Tech World,Chennai WH,Bangalore,Wholesale,11,12000,132000,1835,Delivered,Net Banking
104943,2025-10-03,2025-10-09,Desktop,Electronics,Tech World,Chennai WH,Hyderabad,Wholesale,3,45000,135000,1751,Delivered,Credit Card
104944,2025-09-01,2025-09-06,Router,Networking,XYZ Traders,Delhi WH,Pune,Retail,9,3500,31500,2046,Delayed,Credit Card
104945,2025-10-16,2025-10-23,SSD,Storage,Tech World,Chennai WH,Kolkata,Retail,1,5500,5500,1571,Delivered,Net Banking
104946,2025-10-01,2025-10-04,Webcam,Accessories,Tech World,Chennai WH,Chennai,Wholesale,12,2500,30000,2330,Delivered,Debit Card
104947,2025-10-29,2025-11-02,Office Desk,Furniture,Prime Distributors,Delhi WH,Hyderabad,Retail,20,15000,300000,2624,Delivered,Net Banking
104948,2025-03-10,2025-03-15,Router,Networking,XYZ Traders,Bangalore WH,Hyderabad,Retail,1,3500,3500,690,In Transit,Debit Card
104949,2025-08-05,2025-08-08,Hard Disk,Storage,Tech World,Delhi WH,Kolkata,Retail,1,4200,4200,2887,Delayed,Debit Card
104950,2025-01-10,2025-01-14,Office Chair,Furniture,Prime Distributors,Mumbai WH,Pune,Wholesale,15,8500,127500,2445,Delivered,Net Banking
104951,2025-10-04,2025-10-07,Mouse,Accessories,XYZ Traders,Mumbai WH,Ahmedabad,Wholesale,16,700,11200,1284,Delivered,Credit Card
104952,2025-07-15,2025-07-21,Switch,Networking,ABC Suppliers,Delhi WH,Pune,Retail,16,6000,96000,1492,Delayed,Debit Card
104953,2025-12-07,2025-12-12,Office Desk,Furniture,Prime Distributors,Bangalore WH,Hyderabad,Wholesale,15,15000,225000,932,Delivered,UPI
104954,2025-10-07,2025-10-14,Keyboard,Accessories,Tech World,Mumbai WH,Mumbai,Retail,3,900,2700,1886,Delivered,Net Banking
104955,2025-02-04,2025-02-08,Projector,Electronics,Tech World,Bangalore WH,Bangalore,Retail,1,40000,40000,1265,In Transit,Credit Card
104956,2025-05-20,2025-05-23,Keyboard,Accessories,XYZ Traders,Chennai WH,Lucknow,Retail,3,900,2700,934,Delivered,Credit Card
104957,2025-01-03,2025-01-06,Monitor,Electronics,Prime Distributors,Chennai WH,Bangalore,Wholesale,18,12000,216000,2360,Delivered,Cash
104958,2025-03-14,2025-03-21,Mouse,Accessories,ABC Suppliers,Chennai WH,Kolkata,Retail,2,700,1400,1763,Delivered,Cash
104959,2025-11-16,2025-11-22,Printer,Office Supplies,ABC Suppliers,Bangalore WH,Hyderabad,Retail,11,15000,165000,2124,Delayed,Debit Card
104960,2025-08-18,2025-08-24,Switch,Networking,ABC Suppliers,Hyderabad WH,Pune,Retail,1,6000,6000,359,Delivered,Debit Card
104961,2025-10-22,2025-10-25,Desktop,Electronics,Prime Distributors,Hyderabad WH,Mumbai,Retail,10,45000,450000,1919,Delivered,UPI
104962,2025-11-16,2025-11-22,Webcam,Accessories,ABC Suppliers,Mumbai WH,Mumbai,Wholesale,15,2500,37500,623,In Transit,Debit Card
104963,2025-03-16,2025-03-17,Keyboard,Accessories,Tech World,Mumbai WH,Mumbai,Retail,11,900,9900,572,Delivered,UPI
104964,2025-12-27,2025-12-30,Printer,Office Supplies,ABC Suppliers,Hyderabad WH,Delhi,Retail,8,15000,120000,859,Delivered,Cash
104965,2025-06-05,2025-06-08,Printer,Office Supplies,Global Supply,Bangalore WH,Hyderabad,Retail,15,15000,225000,750,Delivered,Credit Card
104966,2025-05-18,2025-05-19,SSD,Storage,Prime Distributors,Hyderabad WH,Lucknow,Retail,14,5500,77000,2918,Delivered,Cash
104967,2025-03-18,2025-03-24,Router,Networking,Prime Distributors,Mumbai WH,Lucknow,Wholesale,7,3500,24500,1863,In Transit,Credit Card
104968,2025-02-14,2025-02-21,Scanner,Office Supplies,Global Supply,Delhi WH,Bangalore,Wholesale,3,12000,36000,2034,Delivered,Debit Card
104969,2025-01-01,2025-01-06,Monitor,Electronics,Prime Distributors,Delhi WH,Lucknow,Retail,5,12000,60000,1244,In Transit,UPI
104970,2025-02-10,2025-02-17,Webcam,Accessories,Tech World,Chennai WH,Kolkata,Retail,17,2500,42500,2974,In Transit,Credit Card
104971,2025-06-25,2025-06-27,Keyboard,Accessories,Tech World,Bangalore WH,Delhi,Wholesale,2,900,1800,508,Cancelled,Net Banking
104972,2025-09-27,2025-09-29,Projector,Electronics,ABC Suppliers,Bangalore WH,Chennai,Retail,10,40000,400000,2047,Delivered,Net Banking
104973,2025-04-25,2025-04-30,SSD,Storage,Global Supply,Mumbai WH,Mumbai,Retail,17,5500,93500,1228,Delivered,Debit Card
104974,2025-08-13,2025-08-18,SSD,Storage,Prime Distributors,Bangalore WH,Pune,Retail,4,5500,22000,2459,Delivered,Cash
104975,2025-07-08,2025-07-14,Desktop,Electronics,Prime Distributors,Bangalore WH,Hyderabad,Wholesale,20,45000,900000,340,In Transit,Cash
104976,2025-01-15,2025-01-19,Laptop,Electronics,Prime Distributors,Delhi WH,Bangalore,Wholesale,20,55000,1100000,2949,Delivered,Credit Card
104977,2025-11-06,2025-11-07,SSD,Storage,Global Supply,Chennai WH,Ahmedabad,Retail,9,5500,49500,1462,Delayed,Credit Card
104978,2025-01-28,2025-01-29,Projector,Electronics,Prime Distributors,Bangalore WH,Delhi,Wholesale,1,40000,40000,1472,In Transit,Cash
104979,2025-08-30,2025-08-31,SSD,Storage,XYZ Traders,Hyderabad WH,Bangalore,Retail,19,5500,104500,890,Cancelled,UPI
104980,2025-03-24,2025-03-29,Webcam,Accessories,Tech World,Hyderabad WH,Delhi,Retail,5,2500,12500,658,Delivered,Net Banking
104981,2025-06-12,2025-06-18,Projector,Electronics,Tech World,Bangalore WH,Kolkata,Wholesale,9,40000,360000,530,Delivered,Debit Card
104982,2025-07-10,2025-07-11,Switch,Networking,Prime Distributors,Delhi WH,Bangalore,Wholesale,13,6000,78000,2348,Delivered,UPI
104983,2025-02-22,2025-02-23,Webcam,Accessories,Tech World,Hyderabad WH,Mumbai,Wholesale,18,2500,45000,1034,Delivered,UPI
104984,2025-04-21,2025-04-25,Office Desk,Furniture,Global Supply,Mumbai WH,Ahmedabad,Wholesale,19,15000,285000,2171,Delivered,Debit Card
104985,2025-03-06,2025-03-08,Mouse,Accessories,Tech World,Bangalore WH,Pune,Retail,14,700,9800,2646,In Transit,Net Banking
104986,2025-01-02,2025-01-06,Printer,Office Supplies,XYZ Traders,Hyderabad WH,Jaipur,Wholesale,16,15000,240000,2875,Delivered,Net Banking
104987,2025-02-27,2025-03-04,Webcam,Accessories,Global Supply,Delhi WH,Hyderabad,Retail,12,2500,30000,1987,Delivered,Credit Card
104988,2025-05-07,2025-05-08,Hard Disk,Storage,ABC Suppliers,Bangalore WH,Chennai,Retail,7,4200,29400,615,Delivered,Net Banking
104989,2025-05-17,2025-05-24,Router,Networking,Tech World,Mumbai WH,Bangalore,Wholesale,13,3500,45500,2174,In Transit,UPI
104990,2025-08-28,2025-08-31,Projector,Electronics,Prime Distributors,Chennai WH,Delhi,Retail,8,40000,320000,1740,In Transit,UPI
104991,2025-10-16,2025-10-21,Office Desk,Furniture,Tech World,Bangalore WH,Kolkata,Retail,2,15000,30000,1196,Delivered,Credit Card
104992,2025-03-10,2025-03-12,Printer,Office Supplies,Tech World,Hyderabad WH,Lucknow,Wholesale,1,15000,15000,2152,In Transit,Credit Card
104993,2025-01-14,2025-01-15,Projector,Electronics,Global Supply,Chennai WH,Lucknow,Wholesale,15,40000,600000,2641,Delayed,Cash
104994,2025-11-05,2025-11-06,Projector,Electronics,Global Supply,Chennai WH,Pune,Retail,1,40000,40000,960,Delivered,Cash
104995,2025-09-06,2025-09-13,Scanner,Office Supplies,Tech World,Delhi WH,Delhi,Wholesale,13,12000,156000,1157,Delivered,Net Banking
104996,2025-10-02,2025-10-06,Webcam,Accessories,XYZ Traders,Hyderabad WH,Jaipur,Wholesale,19,2500,47500,219,In Transit,Debit Card
104997,2025-10-05,2025-10-07,Desktop,Electronics,Global Supply,Hyderabad WH,Delhi,Wholesale,14,45000,630000,276,Delivered,Credit Card
104998,2025-01-22,2025-01-25,Desktop,Electronics,Tech World,Hyderabad WH,Mumbai,Retail,12,45000,540000,2061,Delivered,Credit Card
104999,2025-12-31,2026-01-02,Office Chair,Furniture,Tech World,Delhi WH,Kolkata,Retail,6,8500,51000,1966,Delivered,Debit Card
105000,2025-09-23,2025-09-29,Laptop,Electronics,XYZ Traders,Chennai WH,Hyderabad,Retail,4,55000,220000,2550,In Transit,Net Banking
